user_name,rating,date,review_text,likes,app_version,sentiment,sentiment_encoded,review_clean,review_tokens
Pengguna Google,1,2026-01-30 01:46:49,suruh bayar pajak mau cek spt gk bisa emang aplikasi pemerintah sangat merugikan dan pasti uangnya dikorupsi yaaa,0,2.0.6,Negatif,0,suruh bayar pajak mau cek spt tidak emang aplikasi perintah sangat rugi pasti uang korupsi yaaa,"['suruh', 'bayar', 'pajak', 'mau', 'cek', 'spt', 'tidak', 'emang', 'aplikasi', 'perintah', 'sangat', 'rugi', 'pasti', 'uang', 'korupsi', 'yaaa']"
Pengguna Google,1,2022-06-09 06:13:59,Astagaa... Sekelas negara buat aplikasi kalah ama soppee,0,1.1.0,Negatif,0,astagaa kelas negara aplikasi kalah ama soppee,"['astagaa', 'kelas', 'negara', 'aplikasi', 'kalah', 'ama', 'soppee']"
Pengguna Google,1,2023-02-03 20:07:40,Tidak lengkap dan ribet. Gak jelas ni aplikasi,0,1.1.0,Negatif,0,tidak lengkap ribet tidak jelas ni aplikasi,"['tidak', 'lengkap', 'ribet', 'tidak', 'jelas', 'ni', 'aplikasi']"
Pengguna Google,2,2023-03-02 10:13:15,"Gangguan server mulu, selalu struggle",0,unknown,Negatif,0,ganggu server mulu selalu struggle,"['ganggu', 'server', 'mulu', 'selalu', 'struggle']"
Pengguna Google,1,2024-04-02 20:19:46,"Beginilah kalau aplikasi plat merah. Boro2 membantu, masuk aplikasi aja susahnye minta ampun. Pajak ooh pajak, kami tuh mau membayar upeti harusnya bisa dipermudah.",2,1.4.0,Negatif,0,begini aplikasi plat merah boro bantu masuk aplikasi saja susahnye minta ampun pajak ooh pajak tuh mau bayar upeti harus mudah,"['begini', 'aplikasi', 'plat', 'merah', 'boro', 'bantu', 'masuk', 'aplikasi', 'saja', 'susahnye', 'minta', 'ampun', 'pajak', 'ooh', 'pajak', 'tuh', 'mau', 'bayar', 'upeti', 'harus', 'mudah']"
Pengguna Google,1,2024-11-30 08:52:24,"Ini app milik pemerintah lhoooo boosssss, senggol dong!",0,1.4.0,Negatif,0,aplikasi milik perintah lhoooo boosssss senggol,"['aplikasi', 'milik', 'perintah', 'lhoooo', 'boosssss', 'senggol']"
Lee hyeun soo,1,2026-02-16 11:32:14,ampassss ..,0,3.0.6,Negatif,0,ampassss,['ampassss']
Alim Lokal,1,2023-11-21 12:33:23,proses login sangat lama & akhirnya tidak bisa login.,0,unknown,Negatif,0,proses login sangat lama akhir tidak login,"['proses', 'login', 'sangat', 'lama', 'akhir', 'tidak', 'login']"
Pengguna Google,1,2026-03-08 05:18:34,"Jelek selalu gagal login, error tidak jelas, bahasanya juga teknis sekali. orang non pajak kesulitan akses. ID pengguna tulis saja NIK, seperti ini saja dipersulit.",10,3.0.6,Negatif,0,jelek selalu gagal login error tidak jelas bahasa teknis sekali orang non pajak sulit akses id guna tulis saja nik seperti saja sulit,"['jelek', 'selalu', 'gagal', 'login', 'error', 'tidak', 'jelas', 'bahasa', 'teknis', 'sekali', 'orang', 'non', 'pajak', 'sulit', 'akses', 'id', 'guna', 'tulis', 'saja', 'nik', 'seperti', 'saja', 'sulit']"
Pengguna Google,1,2022-09-05 11:31:15,Aplikasi apaan gk bisa di pake.,0,1.1.0,Negatif,0,aplikasi apa tidak pakai,"['aplikasi', 'apa', 'tidak', 'pakai']"
Pengguna Google,1,2023-12-22 18:18:56,"Ribet jga yaa, pdhal mau laporan pajak",0,unknown,Negatif,0,ribet pdhal mau lapor pajak,"['ribet', 'pdhal', 'mau', 'lapor', 'pajak']"
Pengguna Google,1,2022-01-11 19:53:36,"Capsah salah terus padahal sudah benar ditulisnya. Orang mau buat malah dipersulit dengan capsah"" begitu.",4,1.1.0,Negatif,0,capsah salah terus padahal benar tulis orang mau malah sulit capsah begitu,"['capsah', 'salah', 'terus', 'padahal', 'benar', 'tulis', 'orang', 'mau', 'malah', 'sulit', 'capsah', 'begitu']"
Rizal Hermawan,2,2023-12-21 18:49:01,Masih kurang 1 angka di belakang. Jadi NIK belum bisa pakai m-pajak,0,1.2.4,Negatif,0,masih kurang angka belakang jadi nik belum pakai pajak,"['masih', 'kurang', 'angka', 'belakang', 'jadi', 'nik', 'belum', 'pakai', 'pajak']"
Pengguna Google,1,2024-07-18 20:50:53,Masak mau login nggk bisa,0,1.4.0,Negatif,0,masak mau login nggk,"['masak', 'mau', 'login', 'nggk']"
Pengguna Google,1,2024-11-06 15:53:40,Mohon maaf untuk pendaftaran sangat ribet dan bermasalah. Jika tidak di perbaiki saya akan berikan rating yg buruk. Buat perpajakan jangan ribet,0,1.4.0,Negatif,0,mohon maaf daftar sangat ribet masalah jika tidak baik ikan rating buruk paja jangan ribet,"['mohon', 'maaf', 'daftar', 'sangat', 'ribet', 'masalah', 'jika', 'tidak', 'baik', 'ikan', 'rating', 'buruk', 'paja', 'jangan', 'ribet']"
Pengguna Google,1,2025-01-03 09:25:38,Apk Lol,0,unknown,Negatif,0,aplikasi lol,"['aplikasi', 'lol']"
Pengguna Google,1,2026-04-13 06:06:12,aplikasi pemerintah ngga ada yang beres,0,unknown,Negatif,0,aplikasi perintah tidak beres,"['aplikasi', 'perintah', 'tidak', 'beres']"
Pengguna Google,1,2025-06-09 13:16:43,Parahhh lah mau login aja susah bner,0,2.0.4,Negatif,0,parahhh mau login saja susah benar,"['parahhh', 'mau', 'login', 'saja', 'susah', 'benar']"
Pengguna Google,1,2026-02-06 17:43:57,"uang pajaknya udh diterima tapi harus melapor lagi kalau udah bayar, sistemnya bagaimana ini?",0,2.0.6,Negatif,0,uang pajak terima tapi harus lapor lagi bayar sistem bagaimana,"['uang', 'pajak', 'terima', 'tapi', 'harus', 'lapor', 'lagi', 'bayar', 'sistem', 'bagaimana']"
Pengguna Google,1,2025-02-28 08:52:59,Kode verifikasi gak di kirim email,0,2.0.3,Negatif,0,kode verifikasi tidak kirim email,"['kode', 'verifikasi', 'tidak', 'kirim', 'email']"
Pengguna Google,1,2021-12-09 13:53:59,"Maaf ini email baru buat tapi kok katanya sudah pernah mendaftar ?, ke kantor pajak katanya suruh online , aplikasinya aja seperti ini gimana mau online , saat ini bintang 1 dulu karena aplikasinya sangat mempersulit untuk orang awam",42,1.0,Negatif,0,maaf email baru tapi kok kata pernah daftar kantor pajak kata suruh online aplikasi saja seperti bagaimana mau online saat bintang dulu karena aplikasi sangat sulit orang awam,"['maaf', 'email', 'baru', 'tapi', 'kok', 'kata', 'pernah', 'daftar', 'kantor', 'pajak', 'kata', 'suruh', 'online', 'aplikasi', 'saja', 'seperti', 'bagaimana', 'mau', 'online', 'saat', 'bintang', 'dulu', 'karena', 'aplikasi', 'sangat', 'sulit', 'orang', 'awam']"
Pengguna Google,1,2025-02-26 12:55:45,"Tidak ada respon sama sekali dari live chat pajak, tolong benahi saya sudah 2 hari menunggu respon bolak balik buka chat live",0,2.0.3,Negatif,0,tidak respon sama sekali live chat pajak tolong benah hari tunggu respon bolak balik buka chat live,"['tidak', 'respon', 'sama', 'sekali', 'live', 'chat', 'pajak', 'tolong', 'benah', 'hari', 'tunggu', 'respon', 'bolak', 'balik', 'buka', 'chat', 'live']"
Pengguna Google,1,2022-10-11 15:59:27,Aplikasi TDK biasa buka dn tidak berguna,0,unknown,Negatif,0,aplikasi tidak biasa buka dn tidak guna,"['aplikasi', 'tidak', 'biasa', 'buka', 'dn', 'tidak', 'guna']"
Pengguna Google,1,2023-03-29 17:26:55,Nomor NPWP dan password sudah benar tapi pas login malah gak bisa keterangan NPWP atau password salah hadeh...apa ini akibat sering makan uang haram jadi aplikasinya gak guna,1,1.2.0,Negatif,0,nomor npwp password benar tapi pas login malah tidak terang npwp password salah hadeh apa akibat sering makan uang haram jadi aplikasi tidak guna,"['nomor', 'npwp', 'password', 'benar', 'tapi', 'pas', 'login', 'malah', 'tidak', 'terang', 'npwp', 'password', 'salah', 'hadeh', 'apa', 'akibat', 'sering', 'makan', 'uang', 'haram', 'jadi', 'aplikasi', 'tidak', 'guna']"
Aman S,2,2022-02-19 14:27:52,Harusnya ada menu pelaporan SPT tahunan sehingga memudahkan wajib pajak untuk lapor karena menu lapor di web sering eror.,0,unknown,Negatif,0,harus menu lapor spt tahun sehingga mudah wajib pajak lapor karena menu lapor web sering eror,"['harus', 'menu', 'lapor', 'spt', 'tahun', 'sehingga', 'mudah', 'wajib', 'pajak', 'lapor', 'karena', 'menu', 'lapor', 'web', 'sering', 'eror']"
Pengguna Google,1,2025-11-22 05:29:39,angel login.e,0,2.0.6,Negatif,0,angel login,"['angel', 'login']"
Pengguna Google,1,2023-11-30 21:12:43,Kurang bisa dimengerti,0,unknown,Negatif,0,kurang erti,"['kurang', 'erti']"
Pengguna Google,1,2024-08-10 19:52:08,"Parah, aplikasi gak jelas!!!!!!",0,1.4.0,Negatif,0,parah aplikasi tidak jelas,"['parah', 'aplikasi', 'tidak', 'jelas']"
Pengguna Google,1,2024-02-24 11:46:42,Tidak ada menu buat lapor spt,0,unknown,Negatif,0,tidak menu lapor spt,"['tidak', 'menu', 'lapor', 'spt']"
Ikha Defi Indriyanti,1,2022-06-12 00:40:16,Sucks App !!!!,0,1.1.0,Negatif,0,sucks aplikasi,"['sucks', 'aplikasi']"
Pengguna Google,1,2023-06-22 15:40:03,Lupa sandi GK bisa Daftar baru GK bisa Nyuci piring bisa kau?🤬😡,0,1.2.3,Negatif,0,lupa sandi tidak daftar baru tidak nyuci piring kau,"['lupa', 'sandi', 'tidak', 'daftar', 'baru', 'tidak', 'nyuci', 'piring', 'kau']"
Pengguna Google,1,2025-01-04 19:45:29,Ga bisa diakses sama sekali,0,2.0.2,Negatif,0,tidak akses sama sekali,"['tidak', 'akses', 'sama', 'sekali']"
Pengguna Google,1,2026-03-07 11:21:19,"pertama, aktivasi sulit. kedua, berhasil log-in apk menggunakan pw yg dikirim tapi saat ingin mencoba 'lapor spt' ternyata sedang under maintenance lalu saya mencoba melalui web tapi saat mencoba membuka melalui web, selalu gagal karena username dan pw salah ketiga, saat mencoba lupa sandi , email/nomor selalu salah pdhal sudah sesuai seperti awal aktivasi. kita yg membayar pajak kita laporan dan dipersulit. buat apa apk ini kalau ujung-ujungnya ke kantor pajak?",2,3.0.6,Negatif,0,pertama aktivasi sulit dua hasil log in aplikasi guna pw kirim tapi saat ingin coba lapor spt nyata sedang under maintenance lalu coba lalu web tapi saat coba buka lalu web selalu gagal karena username pw salah tiga saat coba lupa sandi email nomor selalu salah pdhal sesuai seperti awal aktivasi bayar pajak lapor sulit apa aplikasi ujung ujung kantor pajak,"['pertama', 'aktivasi', 'sulit', 'dua', 'hasil', 'log', 'in', 'aplikasi', 'guna', 'pw', 'kirim', 'tapi', 'saat', 'ingin', 'coba', 'lapor', 'spt', 'nyata', 'sedang', 'under', 'maintenance', 'lalu', 'coba', 'lalu', 'web', 'tapi', 'saat', 'coba', 'buka', 'lalu', 'web', 'selalu', 'gagal', 'karena', 'username', 'pw', 'salah', 'tiga', 'saat', 'coba', 'lupa', 'sandi', 'email', 'nomor', 'selalu', 'salah', 'pdhal', 'sesuai', 'seperti', 'awal', 'aktivasi', 'bayar', 'pajak', 'lapor', 'sulit', 'apa', 'aplikasi', 'ujung', 'ujung', 'kantor', 'pajak']"
Pengguna Google,1,2025-12-20 17:38:24,tolong kenapa lama banget aplikasinya😭,1,2.0.6,Negatif,0,tolong kenapa lama sangat aplikasi,"['tolong', 'kenapa', 'lama', 'sangat', 'aplikasi']"
Pengguna Google,1,2025-02-13 23:36:59,"Ternyata gak cuma aku yg gak bisa verifikasi sms dan email. Malah disuruh kekantor untuk minta kode efin, enak bener nyuruh kekantor, dulu aku daftarnya online, jadi aku maunya online aja,, katanya telat lapor kena denda, tapi bukan gak mau lapor tapi di persulit. Klok pas daftar aja lancar,, giliran minta kode efin buat laporan malah gak bisa. Kerja yg bagus benahi apk nya.",8,2.0.3,Negatif,0,nyata tidak cuma tidak verifikasi sms email malah suruh kantor minta kode efin enak bener nyuruh kantor dulu daftar online jadi mau online saja kata telat lapor kena denda tapi bukan tidak mau lapor tapi sulit klok pas daftar saja lancar gilir minta kode efin lapor malah tidak kerja bagus benah aplikasi,"['nyata', 'tidak', 'cuma', 'tidak', 'verifikasi', 'sms', 'email', 'malah', 'suruh', 'kantor', 'minta', 'kode', 'efin', 'enak', 'bener', 'nyuruh', 'kantor', 'dulu', 'daftar', 'online', 'jadi', 'mau', 'online', 'saja', 'kata', 'telat', 'lapor', 'kena', 'denda', 'tapi', 'bukan', 'tidak', 'mau', 'lapor', 'tapi', 'sulit', 'klok', 'pas', 'daftar', 'saja', 'lancar', 'gilir', 'minta', 'kode', 'efin', 'lapor', 'malah', 'tidak', 'kerja', 'bagus', 'benah', 'aplikasi']"
Pengguna Google,1,2025-03-18 17:06:40,"Aplikasi m pajak tidak layak dipakai! Fitur pemulihan EFIN terus error meski jaringan stabil, chatbot tidak membantu, dan pengguna akhirnya tetap harus ke kantor pajak. Buat apa ada aplikasi kalau ujung-ujungnya tidak mempermudah? Hanya buang anggaran negara! Performa sangat memalukan untuk urusan sepentas pajak. Rating 1 bintang pun masih terlalu baik!",9,2.0.3,Negatif,0,aplikasi pajak tidak layak pakai fitur pulih efin terus error meski jaring stabil chatbot tidak bantu guna akhir tetap harus kantor pajak apa aplikasi ujung ujung tidak mudah hanya buang anggar negara performa sangat malu urus pentas pajak rating bintang pun masih terlalu baik,"['aplikasi', 'pajak', 'tidak', 'layak', 'pakai', 'fitur', 'pulih', 'efin', 'terus', 'error', 'meski', 'jaring', 'stabil', 'chatbot', 'tidak', 'bantu', 'guna', 'akhir', 'tetap', 'harus', 'kantor', 'pajak', 'apa', 'aplikasi', 'ujung', 'ujung', 'tidak', 'mudah', 'hanya', 'buang', 'anggar', 'negara', 'performa', 'sangat', 'malu', 'urus', 'pentas', 'pajak', 'rating', 'bintang', 'pun', 'masih', 'terlalu', 'baik']"
Pengguna Google,1,2025-01-20 23:56:04,PAJAK VIA ONLINE SEMAKIN RIBET,0,unknown,Negatif,0,pajak via online makin ribet,"['pajak', 'via', 'online', 'makin', 'ribet']"
Pengguna Google,1,2026-01-05 12:43:42,"gk bisa login, pdhl sandinya udh sesuai",0,unknown,Negatif,0,tidak login pdhl sandi sesuai,"['tidak', 'login', 'pdhl', 'sandi', 'sesuai']"
Pengguna Google,1,2025-04-29 16:01:13,"kocak ini apk dungu, ngapain udah ada apk ini giliran mau lapor spt tahunan malah disuruh pake web trs gunanya apa ini aplikasinya? Emang susah negri konoha ini",0,unknown,Negatif,0,kocak aplikasi dungu ngapain aplikasi gilir mau lapor spt tahun malah suruh pakai web terus guna apa aplikasi emang susah negri konoha,"['kocak', 'aplikasi', 'dungu', 'ngapain', 'aplikasi', 'gilir', 'mau', 'lapor', 'spt', 'tahun', 'malah', 'suruh', 'pakai', 'web', 'terus', 'guna', 'apa', 'aplikasi', 'emang', 'susah', 'negri', 'konoha']"
Pengguna Google,1,2026-04-02 23:40:26,aplikasi tidak bermutu,0,2.0.6,Negatif,0,aplikasi tidak mutu,"['aplikasi', 'tidak', 'mutu']"
Pengguna Google,1,2025-01-23 09:29:20,Habis di update makah eror apk apa ini.,0,2.0.3,Negatif,0,habis update makah eror aplikasi apa,"['habis', 'update', 'makah', 'eror', 'aplikasi', 'apa']"
Pengguna Google,1,2024-12-17 15:34:44,Otp verif gabisa di klik,0,2.0.0,Negatif,0,otp verif tidak klik,"['otp', 'verif', 'tidak', 'klik']"
Pengguna Google,1,2023-11-06 14:22:27,Aplikasi ngga guna,0,1.2.3,Negatif,0,aplikasi tidak guna,"['aplikasi', 'tidak', 'guna']"
Pengguna Google,1,2025-03-31 18:49:26,kayak gini bayar pajak rutin pelayanannya ga becuss gak becus bangdt kerja,0,2.0.4,Negatif,0,kayak begini bayar pajak rutin layan tidak becuss tidak becus bangdt kerja,"['kayak', 'begini', 'bayar', 'pajak', 'rutin', 'layan', 'tidak', 'becuss', 'tidak', 'becus', 'bangdt', 'kerja']"
Pengguna Google,1,2025-10-24 22:14:08,busugggggg malah bisa login di web doang,0,2.0.6,Negatif,0,busugggggg malah login web saja,"['busugggggg', 'malah', 'login', 'web', 'saja']"
Pengguna Google,1,2025-08-07 16:35:26,sangatt burukkkk,0,unknown,Negatif,0,sangatt burukkkk,"['sangatt', 'burukkkk']"
Pengguna Google,1,2024-10-25 18:24:36,Jgn masukin data ini penipuan,0,1.4.0,Negatif,0,jgn masukin data tipu,"['jgn', 'masukin', 'data', 'tipu']"
Pengguna Google,1,2024-06-22 11:06:50,"Mau ganti npwp16aja susah setengah mati, webnya diisi salah mulu pdhl dah bener",0,1.4.0,Negatif,0,mau ganti npwpaja susah tengah mati webnya isi salah mulu pdhl dah bener,"['mau', 'ganti', 'npwpaja', 'susah', 'tengah', 'mati', 'webnya', 'isi', 'salah', 'mulu', 'pdhl', 'dah', 'bener']"
Pengguna Google,1,2024-03-26 15:04:35,Lemot,0,1.4.0,Negatif,0,lot,['lot']
Pengguna Google,1,2026-02-18 21:19:12,apk gjls buang buang anggaran,0,3.0.6,Negatif,0,aplikasi gjls buang buang anggar,"['aplikasi', 'gjls', 'buang', 'buang', 'anggar']"
Aidil Fudhail Mumtaz,1,2024-03-22 20:31:12,Login aja susah,0,1.4.0,Negatif,0,login saja susah,"['login', 'saja', 'susah']"
Pengguna Google,1,2025-01-07 09:40:03,"Gk jelas, login kg bisa², udah tau mau buat NPWP",0,2.0.2,Negatif,0,tidak jelas login kg tahu mau npwp,"['tidak', 'jelas', 'login', 'kg', 'tahu', 'mau', 'npwp']"
Devy Christina,1,2023-05-09 09:19:39,"Untuk login pakai npwp, setelah masukkan kode verifikasi jadi error. Restart terus.. Tolong diperbaiki.",0,unknown,Negatif,0,login pakai npwp telah masuk kode verifikasi jadi error restart terus tolong baik,"['login', 'pakai', 'npwp', 'telah', 'masuk', 'kode', 'verifikasi', 'jadi', 'error', 'restart', 'terus', 'tolong', 'baik']"
Pengguna Google,1,2022-06-05 14:44:50,Masuk ke akun sendiri aja super ribet . Mungkin harus ada uang pelicin dulu baru di kasih efin,3,1.1.0,Negatif,0,masuk akun sendiri saja super ribet mungkin harus uang licin dulu baru kasih efin,"['masuk', 'akun', 'sendiri', 'saja', 'super', 'ribet', 'mungkin', 'harus', 'uang', 'licin', 'dulu', 'baru', 'kasih', 'efin']"
Pengguna Google,1,2025-02-26 11:01:33,"nunggu otp 2 abad , niat gk bikin aplikasi",0,2.0.3,Negatif,0,nunggu otp abad niat tidak bikin aplikasi,"['nunggu', 'otp', 'abad', 'niat', 'tidak', 'bikin', 'aplikasi']"
Pengguna Google,1,2026-02-24 23:19:19,aplikasi gembel,0,unknown,Negatif,0,aplikasi gembel,"['aplikasi', 'gembel']"
Pengguna Google,1,2025-03-01 04:58:23,Ko smakin di persulit y stiap mau login slalu gagal klo orng g lapor kena denda orng mau lapor malah di persulit,1,2.0.3,Negatif,0,ko smakin sulit stiap mau login selalu gagal klo orang tidak lapor kena denda orang mau lapor malah sulit,"['ko', 'smakin', 'sulit', 'stiap', 'mau', 'login', 'selalu', 'gagal', 'klo', 'orang', 'tidak', 'lapor', 'kena', 'denda', 'orang', 'mau', 'lapor', 'malah', 'sulit']"
Pengguna Google,1,2025-03-18 04:00:40,Aplikasi tolol,0,unknown,Negatif,0,aplikasi tolol,"['aplikasi', 'tolol']"
Pengguna Google,1,2026-03-31 15:21:39,berapa kira2 dana yg dihabiskan untuk membuat dan untuk maintenance apk ini ya?Apk nya kok kayak gak niat banget. Malu2in,0,3.0.6,Negatif,0,berapa kira dana habis buat maintenance aplikasi aplikasi kok kayak tidak niat sangat maluin,"['berapa', 'kira', 'dana', 'habis', 'buat', 'maintenance', 'aplikasi', 'aplikasi', 'kok', 'kayak', 'tidak', 'niat', 'sangat', 'maluin']"
Pengguna Google,1,2025-03-19 08:25:34,aplikasi gak guna,0,2.0.3,Negatif,0,aplikasi tidak guna,"['aplikasi', 'tidak', 'guna']"
Pengguna Google,1,2025-01-11 13:34:35,sampah,0,2.0.2,Negatif,0,sampah,['sampah']
Pengguna Google,1,2025-02-08 10:04:16,Sistem Error,0,unknown,Negatif,0,sistem error,"['sistem', 'error']"
Pengguna Google,1,2025-09-26 09:43:30,mau msk eror mlu,1,2.0.6,Negatif,0,mau msk eror mlu,"['mau', 'msk', 'eror', 'mlu']"
Fauzan Hadisyahputra,1,2023-12-18 12:09:05,"Suruh masukin NIK, tapi cuma bisa 10 angka. Ayolah.",0,1.2.4,Negatif,0,suruh masukin nik tapi cuma angka ayo,"['suruh', 'masukin', 'nik', 'tapi', 'cuma', 'angka', 'ayo']"
Pengguna Google,1,2022-03-08 20:07:19,Eror,0,1.1.0,Negatif,0,eror,['eror']
Pengguna Google,1,2025-09-04 05:26:31,aplikasi bobrok.suka ada update kaga sih? apa anggaran doang,0,2.0.5,Negatif,0,aplikasi bobrok suka update tidak apa anggar saja,"['aplikasi', 'bobrok', 'suka', 'update', 'tidak', 'apa', 'anggar', 'saja']"
Pengguna Google,1,2025-02-14 10:05:17,Aplikasi gak guna,0,2.0.3,Negatif,0,aplikasi tidak guna,"['aplikasi', 'tidak', 'guna']"
Pengguna Google,1,2026-02-06 15:26:13,"apalahh ini sistem pemerintahan loh padahal(kerjaaa woi kalian di gajih),,, tiap kali login ga bisa terus, di haruskan lapor pajak tapi sistemnya bobrok seperti ini? astagfirolloh :(",0,3.0.3,Negatif,0,apalahh sistem perintah padahal kerjaaa kalian gajih tiap kali login tidak terus harus lapor pajak tapi sistem bobrok seperti astagfirolloh,"['apalahh', 'sistem', 'perintah', 'padahal', 'kerjaaa', 'kalian', 'gajih', 'tiap', 'kali', 'login', 'tidak', 'terus', 'harus', 'lapor', 'pajak', 'tapi', 'sistem', 'bobrok', 'seperti', 'astagfirolloh']"
Pengguna Google,1,2024-03-16 04:07:21,Aplikasinya Gak mau terbuka di hp saya kok begitu???,0,1.4.0,Negatif,0,aplikasi tidak mau buka handphone kok begitu,"['aplikasi', 'tidak', 'mau', 'buka', 'handphone', 'kok', 'begitu']"
Pengguna Google,1,2026-04-29 18:16:06,"gaji udah dipotong pajak, masih aja kita yang repot buat lapor",0,3.0.9,Negatif,0,gaji potong pajak masih saja repot lapor,"['gaji', 'potong', 'pajak', 'masih', 'saja', 'repot', 'lapor']"
Askary Muhammad,1,2023-03-24 13:52:24,Verifikasi lupa efin gagal teros,2,1.2.0,Negatif,0,verifikasi lupa efin gagal ros,"['verifikasi', 'lupa', 'efin', 'gagal', 'ros']"
Pengguna Google,1,2024-11-12 19:35:01,Aplikasi gak berguna,0,1.4.0,Negatif,0,aplikasi tidak guna,"['aplikasi', 'tidak', 'guna']"
Pengguna Google,1,2025-03-25 14:53:23,apl ga jelas verifikasi SMS/email ga bisa di klik tolong yg jelas lah bikin apl kocak,0,unknown,Negatif,0,aplikasi tidak jelas verifikasi sms email tidak klik tolong jelas bikin aplikasi kocak,"['aplikasi', 'tidak', 'jelas', 'verifikasi', 'sms', 'email', 'tidak', 'klik', 'tolong', 'jelas', 'bikin', 'aplikasi', 'kocak']"
Pengguna Google,1,2025-07-14 23:01:13,"kacau ini masa email saya berubah, jadi email yang tidak saya kenal, wah keamanannya sudah gak bisa di percaya ini perpajakan",0,2.0.4,Negatif,0,kacau masa email ubah jadi email tidak kenal wah aman tidak percaya paja,"['kacau', 'masa', 'email', 'ubah', 'jadi', 'email', 'tidak', 'kenal', 'wah', 'aman', 'tidak', 'percaya', 'paja']"
Pengguna Google,1,2024-03-22 21:06:46,Eror terus,0,unknown,Negatif,0,eror terus,"['eror', 'terus']"
Pengguna Google,1,2024-12-05 17:32:18,"HATI"" GUYS.... Data bisa bocor, ada aja yang mengaku dari pihak DJP. Dan anehnya dia kirim name tage nya, mungkin palsu. Dikirim link sama dia, M-Pajak tapi beda sama yg ada di playstore ini. Miris yaaa, pemerintah punya tapi masih bisa dibobol orang datanya. Atau malah jual data??? Saya lapor mindra ajaa keknya biar diaudit... 🙃 Hampir livin dan brimo keretas, langsung sadar karena notif bahaya dari HP, dan mulai mikir apa iya pegawai pajak yg begitu sibuk punya waktu sebanyak ini nanya""...",0,unknown,Negatif,0,hati guys data bocor saja aku pihak djp aneh kirim name tage mungkin palsu kirim link sama pajak tapi beda sama playstore miris yaaa perintah punya tapi masih bobol orang data malah jual data lapor mindra ajaa kek biar audit hampir livin brimo retas langsung sadar karena notif bahaya handphone mulai mikir apa iya pegawai pajak begitu sibuk punya waktu banyak nanya,"['hati', 'guys', 'data', 'bocor', 'saja', 'aku', 'pihak', 'djp', 'aneh', 'kirim', 'name', 'tage', 'mungkin', 'palsu', 'kirim', 'link', 'sama', 'pajak', 'tapi', 'beda', 'sama', 'playstore', 'miris', 'yaaa', 'perintah', 'punya', 'tapi', 'masih', 'bobol', 'orang', 'data', 'malah', 'jual', 'data', 'lapor', 'mindra', 'ajaa', 'kek', 'biar', 'audit', 'hampir', 'livin', 'brimo', 'retas', 'langsung', 'sadar', 'karena', 'notif', 'bahaya', 'handphone', 'mulai', 'mikir', 'apa', 'iya', 'pegawai', 'pajak', 'begitu', 'sibuk', 'punya', 'waktu', 'banyak', 'nanya']"
Pengguna Google,2,2025-12-30 12:41:55,ayo dong perbaiki lagi ..biar lebih mudah untum daftar npwp nya,0,unknown,Negatif,0,ayo baik lagi biar mudah untum daftar npwp,"['ayo', 'baik', 'lagi', 'biar', 'mudah', 'untum', 'daftar', 'npwp']"
Pengguna Google,1,2024-07-13 03:10:53,Banyak yg eror,0,1.4.0,Negatif,0,banyak eror,"['banyak', 'eror']"
Pengguna Google,1,2025-02-08 07:06:46,Tidak bisa diakses,0,unknown,Negatif,0,tidak akses,"['tidak', 'akses']"
Pengguna Google,1,2023-02-04 11:13:57,"Aku daftar kmaren pakai gmail, sekarang disuruh pakai no. NPWP tapi knp g muat?..",0,1.1.0,Negatif,0,daftar kmaren pakai gmail sekarang suruh pakai nomor npwp tapi kenapa tidak muat,"['daftar', 'kmaren', 'pakai', 'gmail', 'sekarang', 'suruh', 'pakai', 'nomor', 'npwp', 'tapi', 'kenapa', 'tidak', 'muat']"
Pengguna Google,1,2024-03-28 11:18:26,"Error, force close, input otp error parah2",0,1.4.0,Negatif,0,error force close input otp error parah,"['error', 'force', 'close', 'input', 'otp', 'error', 'parah']"
Pengguna Google,1,2025-08-25 13:53:12,apps ga jelas. buat masukin data aja di persulit ntah efin lah apa lh itu namanya.,0,unknown,Negatif,0,apps tidak jelas masukin data saja sulit ntah efin apa lh nama,"['apps', 'tidak', 'jelas', 'masukin', 'data', 'saja', 'sulit', 'ntah', 'efin', 'apa', 'lh', 'nama']"
Pengguna Google,1,2023-08-01 16:35:20,"Maunya apa sih lu.? Instansi sekelas pemerintah negara tapi abal , maknya jangan banyak"" Korupsi ribet banget ngurus gini doang",0,1.2.3,Negatif,0,mau apa lu instansi kelas perintah negara tapi abal maknya jangan banyak korupsi ribet sangat ngurus begini saja,"['mau', 'apa', 'lu', 'instansi', 'kelas', 'perintah', 'negara', 'tapi', 'abal', 'maknya', 'jangan', 'banyak', 'korupsi', 'ribet', 'sangat', 'ngurus', 'begini', 'saja']"
iqbal aufa,1,2026-05-01 00:36:16,"useless, ga ngebantu malah mempersulit",0,3.0.9,Negatif,0,useless tidak ngebantu malah sulit,"['useless', 'tidak', 'ngebantu', 'malah', 'sulit']"
Pengguna Google,1,2026-04-06 21:53:17,pulsa habis otp ga nyampe hadeuh,0,3.0.9,Negatif,0,pulsa habis otp tidak nyampe hadeuh,"['pulsa', 'habis', 'otp', 'tidak', 'nyampe', 'hadeuh']"
Pengguna Google,1,2024-01-21 14:55:20,Masukin nik cuma bisa 15 angka saja,0,1.2.5,Negatif,0,masukin nik cuma angka saja,"['masukin', 'nik', 'cuma', 'angka', 'saja']"
Pengguna Google,1,2025-03-24 00:10:47,gajelas,0,2.0.3,Negatif,0,gajelas,['gajelas']
Pengguna Google,1,2026-01-01 10:37:34,aplikasi banyak erornya niat ga si kerja,0,2.0.6,Negatif,0,aplikasi banyak eror niat tidak si kerja,"['aplikasi', 'banyak', 'eror', 'niat', 'tidak', 'si', 'kerja']"
林 benny wijaya,1,2022-03-09 10:18:41,Website error untuk koneksi lambat,0,1.1.0,Negatif,0,website error koneksi lambat,"['website', 'error', 'koneksi', 'lambat']"
Pengguna Google,1,2023-05-26 14:09:38,"Sekelas kementerian aplikasi sama situs nya payah mau daftar bayar pajak buat negara aja susah nya minta ampun, padahal anggaran buat beginian gede, kalah sama situs judi bikin akun nya detikan jadi",0,1.2.3,Negatif,0,kelas menteri aplikasi sama situs payah mau daftar bayar pajak negara saja susah minta ampun padahal anggar begini gede kalah sama situs judi bikin akun detik jadi,"['kelas', 'menteri', 'aplikasi', 'sama', 'situs', 'payah', 'mau', 'daftar', 'bayar', 'pajak', 'negara', 'saja', 'susah', 'minta', 'ampun', 'padahal', 'anggar', 'begini', 'gede', 'kalah', 'sama', 'situs', 'judi', 'bikin', 'akun', 'detik', 'jadi']"
Pengguna Google,1,2024-09-02 17:58:56,Knpa daftar NPWP online susah,0,unknown,Negatif,0,kenapa daftar npwp online susah,"['kenapa', 'daftar', 'npwp', 'online', 'susah']"
Pengguna Google,1,2023-12-01 23:25:25,Minta efin gagal terus apk payah,0,1.2.4,Negatif,0,minta efin gagal terus aplikasi payah,"['minta', 'efin', 'gagal', 'terus', 'aplikasi', 'payah']"
Pengguna Google,1,2024-03-30 09:20:18,"Ini aplikasi punya pemerintah untuk masyarakat lho..tapi kok sekali dibuka malah keluar lagi. Aplikasi kok ecek ecek gini, parah sumpah",0,1.4.0,Negatif,0,aplikasi punya perintah masyarakat lho tapi kok sekali buka malah keluar lagi aplikasi kok ecek ecek begini parah sumpah,"['aplikasi', 'punya', 'perintah', 'masyarakat', 'lho', 'tapi', 'kok', 'sekali', 'buka', 'malah', 'keluar', 'lagi', 'aplikasi', 'kok', 'ecek', 'ecek', 'begini', 'parah', 'sumpah']"
Pengguna Google,1,2025-10-22 18:55:33,gabisa di akses kocak banget nih aplikasi. 🤣🤣😆,0,unknown,Negatif,0,tidak akses kocak sangat aplikasi,"['tidak', 'akses', 'kocak', 'sangat', 'aplikasi']"
Pengguna Google,1,2025-12-30 21:44:52,di suruh wajib pajak begitu mau bayar gagal apaa ini aplikasi gk jelas,0,2.0.6,Negatif,0,suruh wajib pajak begitu mau bayar gagal apaa aplikasi tidak jelas,"['suruh', 'wajib', 'pajak', 'begitu', 'mau', 'bayar', 'gagal', 'apaa', 'aplikasi', 'tidak', 'jelas']"
Angga Fit,1,2022-01-06 13:11:43,Kode verivikasi yang dikirimkan ke email tak kunjung masuk! SUDAH CEK SEMUA FOLDER tetap tidak ada! Auto ga bisa login!,2,1.1.0,Negatif,0,kode verivikasi kirim email tak kunjung masuk cek semua folder tetap tidak auto tidak login,"['kode', 'verivikasi', 'kirim', 'email', 'tak', 'kunjung', 'masuk', 'cek', 'semua', 'folder', 'tetap', 'tidak', 'auto', 'tidak', 'login']"
Pengguna Google,1,2026-03-24 20:52:36,"aplikasi ga jelas buat login aja susah nya setengah modyarrr, giliran bisa login di dalemnya lemottttt",1,3.0.6,Negatif,0,aplikasi tidak jelas login saja susah tengah modyarrr gilir login dalem lemottttt,"['aplikasi', 'tidak', 'jelas', 'login', 'saja', 'susah', 'tengah', 'modyarrr', 'gilir', 'login', 'dalem', 'lemottttt']"
Pengguna Google,1,2026-01-26 23:27:24,engga ada menu untuk daftar,0,unknown,Negatif,0,tidak menu daftar,"['tidak', 'menu', 'daftar']"
Pengguna Google,1,2025-12-22 07:13:56,aplikasi sampah,0,2.0.6,Negatif,0,aplikasi sampah,"['aplikasi', 'sampah']"
Pengguna Google,1,2023-05-31 10:35:23,Sistemnya sangat buruk,0,1.1.0,Negatif,0,sistem sangat buruk,"['sistem', 'sangat', 'buruk']"
Pengguna Google,1,2024-03-20 02:52:56,Ampas banget sistemnya,0,unknown,Negatif,0,ampas sangat sistem,"['ampas', 'sangat', 'sistem']"
acep Lukman,1,2023-03-09 22:57:01,Aplikasi berat.. aneh log out terus. Ayo dong perbaiki sistemnya.,0,unknown,Negatif,0,aplikasi berat aneh log out terus ayo baik sistem,"['aplikasi', 'berat', 'aneh', 'log', 'out', 'terus', 'ayo', 'baik', 'sistem']"
Pengguna Google,1,2023-06-15 08:58:17,"Pusing banget ingin bikin NPWP juga,",0,unknown,Negatif,0,pusing sangat ingin bikin npwp,"['pusing', 'sangat', 'ingin', 'bikin', 'npwp']"
Toni Lestari Putra,1,2023-03-30 13:46:58,"Boros amat ya, kebanyakan bikin sistem. Ada web efaktur, djp online, ini, web enofa, dll. Terus juga semuanya sering error. Apps ini juga. Tidak efektif dan efisien sekali. Uang rakyat tuh.",1,1.1.0,Negatif,0,boros amat banyak bikin sistem web efaktur djp online web enofa dll terus semua sering error apps tidak efektif efisien sekali uang rakyat tuh,"['boros', 'amat', 'banyak', 'bikin', 'sistem', 'web', 'efaktur', 'djp', 'online', 'web', 'enofa', 'dll', 'terus', 'semua', 'sering', 'error', 'apps', 'tidak', 'efektif', 'efisien', 'sekali', 'uang', 'rakyat', 'tuh']"
Pengguna Google,1,2026-03-18 07:50:39,"Dikembangkan lagi aplikasinya, ganti nomor hp dan wa harusnya ngga perlu login coretax... bgmn mau login klo no hp sdh tdk aktif dan email lupa password...",0,unknown,Negatif,0,kembang lagi aplikasi ganti nomor handphone wa harus tidak perlu login coretax bgmn mau login klo nomor handphone tidak aktif email lupa password,"['kembang', 'lagi', 'aplikasi', 'ganti', 'nomor', 'handphone', 'wa', 'harus', 'tidak', 'perlu', 'login', 'coretax', 'bgmn', 'mau', 'login', 'klo', 'nomor', 'handphone', 'tidak', 'aktif', 'email', 'lupa', 'password']"
Pengguna Google,1,2026-03-06 10:35:51,jelek bangat gak bisa membantu ujung ujungnya ke kantor pajak,1,3.0.6,Negatif,0,jelek bangat tidak bantu ujung ujung kantor pajak,"['jelek', 'bangat', 'tidak', 'bantu', 'ujung', 'ujung', 'kantor', 'pajak']"
Pengguna Google,2,2022-11-28 09:10:45,Sebenarnya sangat memudahkan tapi perlu diperhatikan hal2 berikut: 1. Mengapa tdk langsung sinkron antara aplikasi dengan versi web? 2. Mengapa kita buat billing tdk dapat dilihat kembali histori nya maupun cetak ulang?,11,1.1.0,Negatif,0,benar sangat mudah tapi perlu perhati hal ikut mengapa tidak langsung sinkron antara aplikasi versi web mengapa billing tidak dapat lihat kembali histori maupun cetak ulang,"['benar', 'sangat', 'mudah', 'tapi', 'perlu', 'perhati', 'hal', 'ikut', 'mengapa', 'tidak', 'langsung', 'sinkron', 'antara', 'aplikasi', 'versi', 'web', 'mengapa', 'billing', 'tidak', 'dapat', 'lihat', 'kembali', 'histori', 'maupun', 'cetak', 'ulang']"
Pengguna Google,1,2025-03-17 21:17:34,mengecewakan,0,1.4.0,Negatif,0,kecewa,['kecewa']
Pengguna Google,2,2024-03-27 10:01:28,"SAYA HERAN DENGAN APLIKASI PEMERINTAH INI? SUDAH DINAIKKAN PAJAK, TAPI KUALITAS APLIKASI KAYAK APLIKASI SCAM. KALAU MAU REKRUT ORANG IT, YANG BENAR LAH, BUKAN ASAL BISA JAWAB PSIKOTES DOANG. APLIKASI INI CUMA BUAT FORMALITAS SAJA ATAU MAU MEMPERMUDAH LAYANAN? TOLONG DIRUBAH LAH CARA KERJANYA",0,1.4.0,Negatif,0,heran aplikasi perintah naik pajak tapi kualitas aplikasi kayak aplikasi scam mau rekrut orang it benar bukan asal jawab psikotes saja aplikasi cuma formalitas saja mau mudah layan tolong rubah cara kerja,"['heran', 'aplikasi', 'perintah', 'naik', 'pajak', 'tapi', 'kualitas', 'aplikasi', 'kayak', 'aplikasi', 'scam', 'mau', 'rekrut', 'orang', 'it', 'benar', 'bukan', 'asal', 'jawab', 'psikotes', 'saja', 'aplikasi', 'cuma', 'formalitas', 'saja', 'mau', 'mudah', 'layan', 'tolong', 'rubah', 'cara', 'kerja']"
Pengguna Google,1,2026-04-24 20:49:19,Email aktivasi sama nomer telfon dipermudah jangan dipersulit,0,3.0.9,Negatif,0,email aktivasi sama nomer telfon mudah jangan sulit,"['email', 'aktivasi', 'sama', 'nomer', 'telfon', 'mudah', 'jangan', 'sulit']"
Pengguna Google,1,2025-02-13 15:20:36,"Ini apaan minta efin kok gangguan mulu mau bayar pajak gini amat, live chat gak ada fungsi dari pagi sampe sore gk bsa terbuka... Sy yg mau bayar di persulit pula gokil. Kurang dana kah??? Sampe perbaikan aplikasi dan layanan gk bisa",12,2.0.3,Negatif,0,apa minta efin kok ganggu mulu mau bayar pajak begini amat live chat tidak fungsi pagi sampe sore tidak buka sy mau bayar sulit pula gokil kurang dana kah sampe baik aplikasi layan tidak,"['apa', 'minta', 'efin', 'kok', 'ganggu', 'mulu', 'mau', 'bayar', 'pajak', 'begini', 'amat', 'live', 'chat', 'tidak', 'fungsi', 'pagi', 'sampe', 'sore', 'tidak', 'buka', 'sy', 'mau', 'bayar', 'sulit', 'pula', 'gokil', 'kurang', 'dana', 'kah', 'sampe', 'baik', 'aplikasi', 'layan', 'tidak']"
Pengguna Google,1,2022-03-18 19:13:35,"Kaga bagus,..bikin puyeng pala",0,1.1.0,Negatif,0,tidak bagus bikin puyeng pala,"['tidak', 'bagus', 'bikin', 'puyeng', 'pala']"
Pengguna Google,1,2023-01-21 11:59:11,"Piye pak piye pak piyeeeeeeee web e angel di akses,aplikasi ne yow angel...... Angeeeeel..... Angeeeeeeeel.....wes.... 🤣🤣🤣",0,unknown,Negatif,0,piye pak piye pak piyeeeeeeee web angel akses aplikasi ne yow angel angeeeeel angeeeeeeeel wes,"['piye', 'pak', 'piye', 'pak', 'piyeeeeeeee', 'web', 'angel', 'akses', 'aplikasi', 'ne', 'yow', 'angel', 'angeeeeel', 'angeeeeeeeel', 'wes']"
Pengguna Google,1,2025-03-19 21:19:58,tidak berguna,0,unknown,Negatif,0,tidak guna,"['tidak', 'guna']"
Pengguna Google,1,2025-01-30 13:56:03,Aplikasi gak guna!,0,2.0.3,Negatif,0,aplikasi tidak guna,"['aplikasi', 'tidak', 'guna']"
Pengguna Google,1,2025-08-27 09:24:32,stop bayar pajak,0,2.0.2,Negatif,0,stop bayar pajak,"['stop', 'bayar', 'pajak']"
Pengguna Google,2,2023-01-09 09:43:46,warga mau bikin npwp aja susahnya minta ampun,0,1.1.0,Negatif,0,warga mau bikin npwp saja susah minta ampun,"['warga', 'mau', 'bikin', 'npwp', 'saja', 'susah', 'minta', 'ampun']"
Pengguna Google,1,2021-11-22 08:24:29,"Coba dimudahkan utk mendapatkn e-fin, jd gk mesti harus ke kpp lg,, klw dimudahkan, dijamin dah kita"" nhi rajin byr pajak",1,1.0,Negatif,0,coba mudah mendapatkn fin jadi tidak mesti harus kpp lagi klw mudah jamin dah nhi rajin byr pajak,"['coba', 'mudah', 'mendapatkn', 'fin', 'jadi', 'tidak', 'mesti', 'harus', 'kpp', 'lagi', 'klw', 'mudah', 'jamin', 'dah', 'nhi', 'rajin', 'byr', 'pajak']"
Pengguna Google,1,2026-03-16 14:20:49,sangat mempersulit lapor pajak,0,3.0.6,Negatif,0,sangat sulit lapor pajak,"['sangat', 'sulit', 'lapor', 'pajak']"
Hanna Choi,1,2025-10-17 18:01:48,"ga guna, sampah",0,2.0.6,Negatif,0,tidak guna sampah,"['tidak', 'guna', 'sampah']"
Pengguna Google,1,2023-12-09 11:52:47,"Login di persulit,, sandi di masukan sudah benar,, tapi tetap salah dari sistem,, sangat mengecewakan",4,1.2.4,Negatif,0,login sulit sandi masuk benar tapi tetap salah sistem sangat kecewa,"['login', 'sulit', 'sandi', 'masuk', 'benar', 'tapi', 'tetap', 'salah', 'sistem', 'sangat', 'kecewa']"
Rendi Ali Zarman,1,2022-01-20 16:11:14,"Ga bisa login,kode ga masuk ke email",0,1.1.0,Negatif,0,tidak login kode tidak masuk email,"['tidak', 'login', 'kode', 'tidak', 'masuk', 'email']"
Pengguna Google,1,2023-12-14 10:57:46,"aplikasi ngaco, mohon diperbaiki jangan hanya minta uangnya saja",0,1.2.4,Negatif,0,aplikasi ngaco mohon baik jangan hanya minta uang saja,"['aplikasi', 'ngaco', 'mohon', 'baik', 'jangan', 'hanya', 'minta', 'uang', 'saja']"
Satria 77,1,2025-03-07 11:04:57,"Sekelas pemerintahan kok aplikasi ky gini, cari konsultan yg mumpuni lah ,,masa cm kaya gini tok, ga guna",0,2.0.3,Negatif,0,kelas perintah kok aplikasi ky begini cari konsultan mumpuni masa cm kaya begini tok tidak guna,"['kelas', 'perintah', 'kok', 'aplikasi', 'ky', 'begini', 'cari', 'konsultan', 'mumpuni', 'masa', 'cm', 'kaya', 'begini', 'tok', 'tidak', 'guna']"
Pengguna Google,1,2024-06-21 10:31:00,gak bisa buat kode ebiling,0,1.4.0,Negatif,0,tidak kode ebiling,"['tidak', 'kode', 'ebiling']"
Pengguna Google,1,2025-03-04 10:19:38,"Macam babi emang. Mau buat NPWP online verifikasi nomor sama email sampai refresh 10mnt 3x tp gak masuk"" kode verifnya.. trus buat apa semua disarankan online tp apa"" gak memadai begini?",0,2.0.3,Negatif,0,macam babi emang mau npwp online verifikasi nomor sama email sampai refresh mnt tapi tidak masuk kode verifnya terus apa semua saran online tapi apa tidak pada begini,"['macam', 'babi', 'emang', 'mau', 'npwp', 'online', 'verifikasi', 'nomor', 'sama', 'email', 'sampai', 'refresh', 'mnt', 'tapi', 'tidak', 'masuk', 'kode', 'verifnya', 'terus', 'apa', 'semua', 'saran', 'online', 'tapi', 'apa', 'tidak', 'pada', 'begini']"
Pio biru,1,2024-03-14 10:24:13,Tidak bisa login setelah update versi terbaru,0,1.4.0,Negatif,0,tidak login telah update versi baru,"['tidak', 'login', 'telah', 'update', 'versi', 'baru']"
Pengguna Google,1,2024-11-28 19:22:04,Tolong perbaiki. Masa baru download suruh update muter terus.. malah buat lama kerjaan,0,1.4.0,Negatif,0,tolong baik masa baru download suruh update muter terus malah lama kerja,"['tolong', 'baik', 'masa', 'baru', 'download', 'suruh', 'update', 'muter', 'terus', 'malah', 'lama', 'kerja']"
Adi Dhaniswara,2,2023-10-31 21:21:40,"Ngga bisa login pakai APP, bisa login pakai Website.. typical produk pemerintah",0,unknown,Negatif,0,tidak login pakai aplikasi login pakai website typical produk perintah,"['tidak', 'login', 'pakai', 'aplikasi', 'login', 'pakai', 'website', 'typical', 'produk', 'perintah']"
Pengguna Google,1,2026-04-02 08:45:24,diperbaikin dong pelayanannya,0,3.0.6,Negatif,0,diperbaikin layan,"['diperbaikin', 'layan']"
Muh Aziz,1,2025-02-19 15:22:23,"Aplikasi aneh, email gua belakangnya ""ro"" kok ini aplikasi kirim kode ke email yang belakangnya ""L"". Gw cari2 di email terbaru/spam ngga ada padahal gw login via pc bisa.",0,2.0.3,Negatif,0,aplikasi aneh email gua belakang ro kok aplikasi kirim kode email belakang gw cari email baru spam tidak padahal gw login via pc,"['aplikasi', 'aneh', 'email', 'gua', 'belakang', 'ro', 'kok', 'aplikasi', 'kirim', 'kode', 'email', 'belakang', 'gw', 'cari', 'email', 'baru', 'spam', 'tidak', 'padahal', 'gw', 'login', 'via', 'pc']"
Pengguna Google,1,2023-06-07 08:23:47,"Mau daftar npwp sulit, web dan aplikasi sama sama gak jelas, ""data gagal di simpan, eror constrait database, silakan hubungin adminisiator.... Tidak ada penjelasan kesalah dimana. Hubungin CS isi bot gak dan berbayar pulsa tidak menyelesaikan masalah.",14,1.2.3,Negatif,0,mau daftar npwp sulit web aplikasi sama sama tidak jelas data gagal simpan eror constrait database sila hubungin adminisiator tidak jelas salah mana hubungin cs isi bot tidak bayar pulsa tidak selesai masalah,"['mau', 'daftar', 'npwp', 'sulit', 'web', 'aplikasi', 'sama', 'sama', 'tidak', 'jelas', 'data', 'gagal', 'simpan', 'eror', 'constrait', 'database', 'sila', 'hubungin', 'adminisiator', 'tidak', 'jelas', 'salah', 'mana', 'hubungin', 'cs', 'isi', 'bot', 'tidak', 'bayar', 'pulsa', 'tidak', 'selesai', 'masalah']"
Pengguna Google,1,2024-11-27 05:49:16,Gak guna,0,1.4.0,Negatif,0,tidak guna,"['tidak', 'guna']"
Pengguna Google,1,2023-11-21 09:55:38,"Gk ngaruh, gk berguna, pelayanan gk ada jaminan... Bobrok..",0,1.2.4,Negatif,0,tidak ngaruh tidak guna layan tidak jamin bobrok,"['tidak', 'ngaruh', 'tidak', 'guna', 'layan', 'tidak', 'jamin', 'bobrok']"
Pengguna Google,1,2025-02-25 14:55:38,Aplikasih terjelek di dunia hanya bikin susah orang,0,unknown,Negatif,0,aplikasih jelek dunia hanya bikin susah orang,"['aplikasih', 'jelek', 'dunia', 'hanya', 'bikin', 'susah', 'orang']"
Pengguna Google,1,2024-05-31 09:03:04,"Aplikasi eror npwp dan sandi sdh betul pun ttp tidak bisa log in....perbaiki lagi coba .jangan kecewakan orang,!!!",0,1.4.0,Negatif,0,aplikasi eror npwp sandi betul pun ttp tidak log in baik lagi coba jangan kecewa orang,"['aplikasi', 'eror', 'npwp', 'sandi', 'betul', 'pun', 'ttp', 'tidak', 'log', 'in', 'baik', 'lagi', 'coba', 'jangan', 'kecewa', 'orang']"
Christina Prameswari,1,2025-03-30 20:26:19,gak bisa login,0,unknown,Negatif,0,tidak login,"['tidak', 'login']"
Pengguna Google,1,2026-02-05 11:52:35,"ngeneki pak purbaya roh pora rakyate taat pajakak,sek dikon laporan,giliran ape laporan apk eror gk iso masuk,jan jane piye to ki wong pajak,godak gawe apk pora...",0,3.0.1,Negatif,0,ngeneki pak purbaya roh pora rakyate taat pajakak sek dikon lapor gilir ape lapor aplikasi eror tidak iso masuk jan jane piye to ki wong pajak godak gawe aplikasi pora,"['ngeneki', 'pak', 'purbaya', 'roh', 'pora', 'rakyate', 'taat', 'pajakak', 'sek', 'dikon', 'lapor', 'gilir', 'ape', 'lapor', 'aplikasi', 'eror', 'tidak', 'iso', 'masuk', 'jan', 'jane', 'piye', 'to', 'ki', 'wong', 'pajak', 'godak', 'gawe', 'aplikasi', 'pora']"
Micaellano Eric,1,2023-12-12 17:28:29,Lupa efin ga bisa.,0,1.2.4,Negatif,0,lupa efin tidak,"['lupa', 'efin', 'tidak']"
Pengguna Google,1,2025-01-23 11:54:56,Aplikasi apa ini login udah sesuai nik sma pasword masa keterangan salah terus...gblk,0,unknown,Negatif,0,aplikasi apa login sesuai nik sama pasword masa terang salah terus gblk,"['aplikasi', 'apa', 'login', 'sesuai', 'nik', 'sama', 'pasword', 'masa', 'terang', 'salah', 'terus', 'gblk']"
Wong Jowo,1,2025-01-21 17:12:44,"emailmu dibenahin dong, sekelas pemerintah kok kek gini??? aku kirim pengajuan EFIN lewat email, eh nggak dikirim-kirim. Harganya berapa sih pak bayar developernya? Aplikasi pemerintah kok sekelas ini??? Udah siap untuk onlen atau belum pak??? Balesin dong riviw2 penggunamu, bikin doang tapi gak tanggung jawab",4,2.0.3,Negatif,0,email dibenahin kelas perintah kok kek begini kirim aju efin lewat email eh tidak kirim kirim harga berapa pak bayar developer aplikasi perintah kok kelas siap onlen belum pak balesin riviw guna bikin saja tapi tidak tanggung jawab,"['email', 'dibenahin', 'kelas', 'perintah', 'kok', 'kek', 'begini', 'kirim', 'aju', 'efin', 'lewat', 'email', 'eh', 'tidak', 'kirim', 'kirim', 'harga', 'berapa', 'pak', 'bayar', 'developer', 'aplikasi', 'perintah', 'kok', 'kelas', 'siap', 'onlen', 'belum', 'pak', 'balesin', 'riviw', 'guna', 'bikin', 'saja', 'tapi', 'tidak', 'tanggung', 'jawab']"
Pengguna Google,1,2025-01-16 13:26:45,Live chat susah di akses. Registrasi susah sekali. Mau taat pajak aja susah.,3,2.0.3,Negatif,0,live chat susah akses registrasi susah sekali mau taat pajak saja susah,"['live', 'chat', 'susah', 'akses', 'registrasi', 'susah', 'sekali', 'mau', 'taat', 'pajak', 'saja', 'susah']"
Pengguna Google,1,2025-07-19 22:45:33,mau cek Evin aja susah bgt,0,2.0.4,Negatif,0,mau cek evin saja susah sangat,"['mau', 'cek', 'evin', 'saja', 'susah', 'sangat']"
Pengguna Google,1,2023-03-29 13:44:03,Aplikasix sangt jelek tra berfungsi ....,0,1.2.0,Negatif,0,aplikasix sangt jelek tra fungsi,"['aplikasix', 'sangt', 'jelek', 'tra', 'fungsi']"
Pengguna Google,1,2022-01-11 12:11:25,Aplikasi hari ini sedang bermasalah....,0,1.1.0,Negatif,0,aplikasi hari sedang masalah,"['aplikasi', 'hari', 'sedang', 'masalah']"
Pengguna Google,1,2025-01-31 06:43:31,Apk ga ada guna. Ga sesuai fungsi. Ga bisa di jalankan. Hanya untuk modus mengeluarkan anggaran pembuatan apk.,0,unknown,Negatif,0,aplikasi tidak guna tidak sesuai fungsi tidak jalan hanya modus keluar anggar buat aplikasi,"['aplikasi', 'tidak', 'guna', 'tidak', 'sesuai', 'fungsi', 'tidak', 'jalan', 'hanya', 'modus', 'keluar', 'anggar', 'buat', 'aplikasi']"
Pengguna Google,1,2024-03-28 12:40:26,Bgini kualitas pemerintah kita bikin aplikasih tdk usah buat aplikasih om kualitasnya miris,0,1.4.0,Negatif,0,bgini kualitas perintah bikin aplikasih tidak usah aplikasih om kualitas miris,"['bgini', 'kualitas', 'perintah', 'bikin', 'aplikasih', 'tidak', 'usah', 'aplikasih', 'om', 'kualitas', 'miris']"
Pengguna Google,1,2025-12-29 18:57:56,bikin aplikasi tapi mempersulit penggunanya,0,2.0.6,Negatif,0,bikin aplikasi tapi sulit guna,"['bikin', 'aplikasi', 'tapi', 'sulit', 'guna']"
Pengguna Google,1,2026-03-05 10:15:59,apk cacad total. mau ubah pasword sja slalu keterangan akun tidak terdaftar. yg download apk ini pasti nyesel. uninstall.,1,3.0.6,Negatif,0,aplikasi cacad total mau ubah pasword sja selalu terang akun tidak daftar download aplikasi pasti nyesel uninstall,"['aplikasi', 'cacad', 'total', 'mau', 'ubah', 'pasword', 'sja', 'selalu', 'terang', 'akun', 'tidak', 'daftar', 'download', 'aplikasi', 'pasti', 'nyesel', 'uninstall']"
Pengguna Google,1,2023-12-12 09:15:05,"Niat kerja gk sih ini dev nya, masukkan nik dan npwp gk bisa full digit ya gmn mau login Pemerintah klau ngerekrut pegawai jgn main² lah, masa bikin aplikasi modelnya kyak gini, habis aja uang negara buat gaji org² gk jelas dan gk kompeten",0,1.2.4,Negatif,0,niat kerja tidak dev masuk nik npwp tidak full digit bagaimana mau login perintah klau ngerekrut pegawai jgn main masa bikin aplikasi model kyak begini habis saja uang negara gaji orang tidak jelas tidak kompeten,"['niat', 'kerja', 'tidak', 'dev', 'masuk', 'nik', 'npwp', 'tidak', 'full', 'digit', 'bagaimana', 'mau', 'login', 'perintah', 'klau', 'ngerekrut', 'pegawai', 'jgn', 'main', 'masa', 'bikin', 'aplikasi', 'model', 'kyak', 'begini', 'habis', 'saja', 'uang', 'negara', 'gaji', 'orang', 'tidak', 'jelas', 'tidak', 'kompeten']"
Pengguna Google,1,2026-01-28 13:13:07,"bukannya mempermudah, malah semakin merepotkan. Terutama buat para lansia",0,2.0.6,Negatif,0,bukan mudah malah makin repot utama para lansia,"['bukan', 'mudah', 'malah', 'makin', 'repot', 'utama', 'para', 'lansia']"
Pengguna Google,1,2023-12-12 21:03:29,Tidak bisa login nomor NPWP maupun NIK karena kolom angka kurang satu. Aplikasi aneh,1,unknown,Negatif,0,tidak login nomor npwp maupun nik karena kolom angka kurang satu aplikasi aneh,"['tidak', 'login', 'nomor', 'npwp', 'maupun', 'nik', 'karena', 'kolom', 'angka', 'kurang', 'satu', 'aplikasi', 'aneh']"
Pengguna Google,1,2026-04-01 14:46:48,kortek gak jelas,0,unknown,Negatif,0,kortek tidak jelas,"['kortek', 'tidak', 'jelas']"
Pengguna Google,1,2023-03-17 23:33:12,Punya Negara kok kayak aplikasi amatiran.,0,1.1.0,Negatif,0,punya negara kok kayak aplikasi amatir,"['punya', 'negara', 'kok', 'kayak', 'aplikasi', 'amatir']"
Imam Syaifulloh,1,2025-02-03 02:56:30,"Ini hasilnya aplikasi yang katanya 1.3T??? Bug nya ampunnn deh, modalnya buat bayar Developer Aplikasi atau Developer Bangunan?!!! Saya sarankan anak² IT nya resign aja, daripada ikut diperiksa KPK!",0,2.0.3,Negatif,0,hasil aplikasi kata bug ampunnn modal bayar developer aplikasi developer bangun saran anak it resign saja daripada ikut periksa kpk,"['hasil', 'aplikasi', 'kata', 'bug', 'ampunnn', 'modal', 'bayar', 'developer', 'aplikasi', 'developer', 'bangun', 'saran', 'anak', 'it', 'resign', 'saja', 'daripada', 'ikut', 'periksa', 'kpk']"
Pengguna Google,1,2025-09-02 10:40:28,sangat buruk,0,2.0.5,Negatif,0,sangat buruk,"['sangat', 'buruk']"
Pengguna Google,1,2026-01-29 16:54:21,HATI HATI PENIPUAN SAAT INI,0,2.0.6,Negatif,0,hati hati tipu saat,"['hati', 'hati', 'tipu', 'saat']"
Pengguna Google,1,2025-01-15 08:04:03,Tolong kalau kerja yang serius,0,unknown,Negatif,0,tolong kerja serius,"['tolong', 'kerja', 'serius']"
Pengguna Google,1,2026-02-27 20:53:43,apanya semakin baik??? mau masuk akun aja susah...mau lapor pajak aja dipersulit..buat akun tuh yg gampang dimengerti dan tidak susah untuk di akses..aplikasi sampaaahhh!!!!,6,3.0.6,Negatif,0,apa makin baik mau masuk akun saja susah mau lapor pajak saja sulit akun tuh gampang erti tidak susah akses aplikasi sampaaahhh,"['apa', 'makin', 'baik', 'mau', 'masuk', 'akun', 'saja', 'susah', 'mau', 'lapor', 'pajak', 'saja', 'sulit', 'akun', 'tuh', 'gampang', 'erti', 'tidak', 'susah', 'akses', 'aplikasi', 'sampaaahhh']"
Pengguna Google,1,2023-03-21 09:38:47,Buruk parah Apps nya. Verifikasi wajah masa gagal mulu... Niat baik mau taat pajak aja di bkin ribet dasar negri konoha.. Giliran yg mau makan uang pajak aja di permudah... Haduuhh mai negri mai negri... Kusut,2,1.1.0,Negatif,0,buruk parah apps verifikasi wajah masa gagal mulu niat baik mau taat pajak saja bikin ribet dasar negri konoha gilir mau makan uang pajak saja mudah haduuhh mai negri mai negri kusut,"['buruk', 'parah', 'apps', 'verifikasi', 'wajah', 'masa', 'gagal', 'mulu', 'niat', 'baik', 'mau', 'taat', 'pajak', 'saja', 'bikin', 'ribet', 'dasar', 'negri', 'konoha', 'gilir', 'mau', 'makan', 'uang', 'pajak', 'saja', 'mudah', 'haduuhh', 'mai', 'negri', 'mai', 'negri', 'kusut']"
Pengguna Google,1,2024-02-12 10:29:12,Petugas pajak nya cuma makan gaji buta di tambah lagi hasil pajak di korup lagi maka nya urusan di bikin ribet mau ngurus lupa Efin aja ribet,0,1.3.0,Negatif,0,tugas pajak cuma makan gaji buta tambah lagi hasil pajak korup lagi maka urus bikin ribet mau ngurus lupa efin saja ribet,"['tugas', 'pajak', 'cuma', 'makan', 'gaji', 'buta', 'tambah', 'lagi', 'hasil', 'pajak', 'korup', 'lagi', 'maka', 'urus', 'bikin', 'ribet', 'mau', 'ngurus', 'lupa', 'efin', 'saja', 'ribet']"
Indra Susatyo,1,2025-01-03 20:51:05,Aplikasi phising ini. Penipuan. Jangan didonlot,4,unknown,Negatif,0,aplikasi phising tipu jangan didonlot,"['aplikasi', 'phising', 'tipu', 'jangan', 'didonlot']"
Pengguna Google,1,2025-05-14 22:59:39,"emang apa apa yg dibuat pemerintah semua sampah, sudaah berhasil registrasi. giliran cari dokumen kartu palah ga ada",0,2.0.4,Negatif,0,emang apa apa buat perintah semua sampah sudaah hasil registrasi gilir cari dokumen kartu palah tidak,"['emang', 'apa', 'apa', 'buat', 'perintah', 'semua', 'sampah', 'sudaah', 'hasil', 'registrasi', 'gilir', 'cari', 'dokumen', 'kartu', 'palah', 'tidak']"
yuke sanariyan,1,2022-11-05 14:57:17,mau buat sse aja susah mo masuk web gak bisa ya terus fungsinya apa?,0,1.1.0,Negatif,0,mau sse saja susah mau masuk web tidak terus fungsi apa,"['mau', 'sse', 'saja', 'susah', 'mau', 'masuk', 'web', 'tidak', 'terus', 'fungsi', 'apa']"
Pengguna Google,1,2025-06-11 22:12:53,"coretax tidak terlalu mantap, dulu nya mudah daftar online jaman akun Ereg.djp, sekrng susah loading sampai membuat keringatan besar ibu jari",0,unknown,Negatif,0,coretax tidak terlalu mantap dulu mudah daftar online jaman akun ereg djp sekrng susah loading sampai buat keringat besar ibu jari,"['coretax', 'tidak', 'terlalu', 'mantap', 'dulu', 'mudah', 'daftar', 'online', 'jaman', 'akun', 'ereg', 'djp', 'sekrng', 'susah', 'loading', 'sampai', 'buat', 'keringat', 'besar', 'ibu', 'jari']"
Pengguna Google,1,2024-10-10 16:52:55,sampah banget lambat mau download bukti potongan lama sampah brooo bayar pajak mahal mahal buat apk sama website kek sampah,0,1.4.0,Negatif,0,sampah sangat lambat mau download bukti potong lama sampah brooo bayar pajak mahal mahal aplikasi sama website kek sampah,"['sampah', 'sangat', 'lambat', 'mau', 'download', 'bukti', 'potong', 'lama', 'sampah', 'brooo', 'bayar', 'pajak', 'mahal', 'mahal', 'aplikasi', 'sama', 'website', 'kek', 'sampah']"
Pengguna Google,1,2023-11-11 10:04:08,setelah update malah error terus.. segera perbaiki!,9,1.2.4,Negatif,0,telah update malah error terus segera baik,"['telah', 'update', 'malah', 'error', 'terus', 'segera', 'baik']"
Pengguna Google,1,2025-12-24 17:32:18,"ini kocak bener coretax pas gue daftar gaada opsi buat sandi pas daftar terus pas mau masuk gue bingung masukin sandi apaan, di yt di kasih lewat email lah gue kagak ada kartunya juga, cuman ada email buku panduan. sebenarnya niat ga si lu pada bikin website? pada molor bae tah?",0,2.0.6,Negatif,0,kocak bener coretax pas gue daftar gaada opsi sandi pas daftar terus pas mau masuk gue bingung masukin sandi apa yt kasih lewat email gue tidak kartu cuman email buku pandu benar niat tidak si lu bikin website molor bae tah,"['kocak', 'bener', 'coretax', 'pas', 'gue', 'daftar', 'gaada', 'opsi', 'sandi', 'pas', 'daftar', 'terus', 'pas', 'mau', 'masuk', 'gue', 'bingung', 'masukin', 'sandi', 'apa', 'yt', 'kasih', 'lewat', 'email', 'gue', 'tidak', 'kartu', 'cuman', 'email', 'buku', 'pandu', 'benar', 'niat', 'tidak', 'si', 'lu', 'bikin', 'website', 'molor', 'bae', 'tah']"
Pengguna Google,2,2022-11-14 20:17:59,"Untuk Pembaruan data belum bisa di update, tolong perbaiki lagi utk kedepannya. Digit 15 / 1 Januari sudah tidak berlaku, dan login menggunakan nomor NIK. Dan untuk login dgn no NIK harus update dulu. Terimakasih",14,1.1.0,Negatif,0,baru data belum update tolong baik lagi depan digit januari tidak laku login guna nomor nik login nomor nik harus update dulu terimakasih,"['baru', 'data', 'belum', 'update', 'tolong', 'baik', 'lagi', 'depan', 'digit', 'januari', 'tidak', 'laku', 'login', 'guna', 'nomor', 'nik', 'login', 'nomor', 'nik', 'harus', 'update', 'dulu', 'terimakasih']"
Pengguna Google,2,2025-05-25 10:36:38,ko login error knpa ya?,0,2.0.4,Negatif,0,ko login error kenapa,"['ko', 'login', 'error', 'kenapa']"
Pengguna Google,1,2024-09-18 12:07:38,Tak bisa dipakek,0,unknown,Negatif,0,tak dipakek,"['tak', 'dipakek']"
Pengguna Google,1,2024-11-12 05:36:08,apl burik,0,1.4.0,Negatif,0,aplikasi burik,"['aplikasi', 'burik']"
Sofyan Sauri,1,2025-03-04 09:20:34,Tidak berguna,0,2.0.3,Negatif,0,tidak guna,"['tidak', 'guna']"
Pengguna Google,1,2025-02-06 15:00:09,"Lelet, aplikasi apa ini. Kek mana rakyat mau taat lapor pajak, disuruh verifikasi² tapi kode ke email gak masuk² 🇲🇨🇲🇨🇲🇨🇲🇨",2,2.0.3,Negatif,0,lelet aplikasi apa kek mana rakyat mau taat lapor pajak suruh verifikasi tapi kode email tidak masuk,"['lelet', 'aplikasi', 'apa', 'kek', 'mana', 'rakyat', 'mau', 'taat', 'lapor', 'pajak', 'suruh', 'verifikasi', 'tapi', 'kode', 'email', 'tidak', 'masuk']"
Pengguna Google,1,2025-01-23 16:06:53,Aplikasi ribet,0,2.0.3,Negatif,0,aplikasi ribet,"['aplikasi', 'ribet']"
Pengguna Google,1,2025-07-09 09:24:26,"payah pelayanan chat tunggu 30 hari kerja baru bales lama banget . sekalinya terhubung tidak membantu sama sekali, lebih menyerahkan masalah itu kembali pada pelanggan. shame on you;!!",1,2.0.4,Negatif,0,payah layan chat tunggu hari kerja baru bales lama sangat sekali hubung tidak bantu sama sekali serah masalah kembali langgan shame on you,"['payah', 'layan', 'chat', 'tunggu', 'hari', 'kerja', 'baru', 'bales', 'lama', 'sangat', 'sekali', 'hubung', 'tidak', 'bantu', 'sama', 'sekali', 'serah', 'masalah', 'kembali', 'langgan', 'shame', 'on', 'you']"
Pengguna Google,1,2024-12-08 07:31:02,"Gimana si aplikasinya, mau pengajuan efin pas minta kode verifikasi email tidak bisa di klik verifikasi, gk jelas banget apk nya😡",1,unknown,Negatif,0,bagaimana si aplikasi mau aju efin pas minta kode verifikasi email tidak klik verifikasi tidak jelas sangat aplikasi,"['bagaimana', 'si', 'aplikasi', 'mau', 'aju', 'efin', 'pas', 'minta', 'kode', 'verifikasi', 'email', 'tidak', 'klik', 'verifikasi', 'tidak', 'jelas', 'sangat', 'aplikasi']"
Pengguna Google,1,2025-01-30 19:14:54,Mau laporan SPT saja susahnya minta ampun,0,2.0.3,Negatif,0,mau lapor spt saja susah minta ampun,"['mau', 'lapor', 'spt', 'saja', 'susah', 'minta', 'ampun']"
Pengguna Google,1,2023-05-29 17:38:29,"Gw daftar npwp lewat situs web, tapi pas mau bikin, malah dipersulit, karena harus pake pekerjaanlah, usaha lah, dan tektek bengek! Kalo dipersulir gini, gimana mau bikinnya lah bgg",1,1.2.3,Negatif,0,gw daftar npwp lewat situs web tapi pas mau bikin malah sulit karena harus pakai kerja usaha tektek bengek kalo dipersulir begini bagaimana mau bikin bgg,"['gw', 'daftar', 'npwp', 'lewat', 'situs', 'web', 'tapi', 'pas', 'mau', 'bikin', 'malah', 'sulit', 'karena', 'harus', 'pakai', 'kerja', 'usaha', 'tektek', 'bengek', 'kalo', 'dipersulir', 'begini', 'bagaimana', 'mau', 'bikin', 'bgg']"
Pengguna Google,1,2023-03-16 14:53:57,"Tolong di permudah dalam pembayaran laporan pajak. Kami masyarakat karyawan di PT. IWIP tambang Nikel terbesar di Asia merasa sangat sulit mendapatkan nomor EFIN saja. Tidak pernah ada perhatian dan sosialisasi yang jelas dari pemerintah. Sudah kena pemotongan pajak kok masih suruh lapor? Aneh sekali. Negara yang tahu berapa gaji yang kami terima, tapi kami harus lapor juga. Jadi apa gunanya ke pemotongan pajak??. Sudah di potong gaji kami untuk pajak.",6,1.1.0,Negatif,0,tolong mudah dalam bayar lapor pajak masyarakat karyawan pt iwip tambang nikel besar asia rasa sangat sulit dapat nomor efin saja tidak pernah perhati sosialisasi jelas perintah kena potong pajak kok masih suruh lapor aneh sekali negara tahu berapa gaji terima tapi harus lapor jadi apa guna potong pajak potong gaji pajak,"['tolong', 'mudah', 'dalam', 'bayar', 'lapor', 'pajak', 'masyarakat', 'karyawan', 'pt', 'iwip', 'tambang', 'nikel', 'besar', 'asia', 'rasa', 'sangat', 'sulit', 'dapat', 'nomor', 'efin', 'saja', 'tidak', 'pernah', 'perhati', 'sosialisasi', 'jelas', 'perintah', 'kena', 'potong', 'pajak', 'kok', 'masih', 'suruh', 'lapor', 'aneh', 'sekali', 'negara', 'tahu', 'berapa', 'gaji', 'terima', 'tapi', 'harus', 'lapor', 'jadi', 'apa', 'guna', 'potong', 'pajak', 'potong', 'gaji', 'pajak']"
Valrune,1,2026-02-10 21:19:20,Fill the form here and there only to be greeted by error message. I've wasted so much time for nothing.,27,3.0.5,Negatif,0,fill the form here and there only to be greeted by error message ve wasted so much time for nothing,"['fill', 'the', 'form', 'here', 'and', 'there', 'only', 'to', 'be', 'greeted', 'by', 'error', 'message', 've', 'wasted', 'so', 'much', 'time', 'for', 'nothing']"
Pengguna Google,1,2024-06-04 17:01:56,"bolak balik mau pasfoto keluar sendiri trus ini sebenernya aplikasi mau mempermudah atau mempersulit hadeh. ktanya bisa online mau minta efin ajah susahnya minta maaf, harus datang langsung lh ini itulah bukanya semakin mudah mlh semakin syulit",2,1.4.0,Negatif,0,bolak balik mau pasfoto keluar sendiri terus sebenernya aplikasi mau mudah sulit hadeh ktanya online mau minta efin ajah susah minta maaf harus datang langsung lh itu buka makin mudah mlh makin syulit,"['bolak', 'balik', 'mau', 'pasfoto', 'keluar', 'sendiri', 'terus', 'sebenernya', 'aplikasi', 'mau', 'mudah', 'sulit', 'hadeh', 'ktanya', 'online', 'mau', 'minta', 'efin', 'ajah', 'susah', 'minta', 'maaf', 'harus', 'datang', 'langsung', 'lh', 'itu', 'buka', 'makin', 'mudah', 'mlh', 'makin', 'syulit']"
Pengguna Google,1,2025-09-26 09:43:30,mau msk eror mlu,1,2.0.6,Negatif,0,mau msk eror mlu,"['mau', 'msk', 'eror', 'mlu']"
Pengguna Google,1,2025-03-24 00:10:47,gajelas,0,2.0.3,Negatif,0,gajelas,['gajelas']
Pengguna Google,1,2022-03-23 11:33:18,"Sangat ribet padahal cuma mau bayar, bukan mau ngmbil Padahal udah sadar mau bayar pajak",1,unknown,Negatif,0,sangat ribet padahal cuma mau bayar bukan mau ngmbil padahal sadar mau bayar pajak,"['sangat', 'ribet', 'padahal', 'cuma', 'mau', 'bayar', 'bukan', 'mau', 'ngmbil', 'padahal', 'sadar', 'mau', 'bayar', 'pajak']"
Pengguna Google,1,2025-06-16 07:06:44,"apk busuk, verifikasi lama",0,2.0.4,Negatif,0,aplikasi busuk verifikasi lama,"['aplikasi', 'busuk', 'verifikasi', 'lama']"
Pengguna Google,1,2025-08-07 15:30:13,ribet,0,2.0.4,Negatif,0,ribet,['ribet']
Pengguna Google,1,2025-03-19 09:34:51,"gak guna, hanya dashboard biasa aja gak ada menu pelaporan",0,2.0.3,Negatif,0,tidak guna hanya dashboard biasa saja tidak menu lapor,"['tidak', 'guna', 'hanya', 'dashboard', 'biasa', 'saja', 'tidak', 'menu', 'lapor']"
Pengguna Google,2,2022-01-06 14:44:09,Validasi datanya gimana si?,0,1.1.0,Negatif,0,validasi data bagaimana si,"['validasi', 'data', 'bagaimana', 'si']"
Pengguna Google,1,2024-09-23 12:47:06,Lemot banget ngirim kode OTP nya ajg,0,1.4.0,Negatif,0,lot sangat ngirim kode otp ajg,"['lot', 'sangat', 'ngirim', 'kode', 'otp', 'ajg']"
Pengguna Google,1,2025-03-05 13:54:06,Beberapa kali mencoba verifikasi tapi tidak masuk kodenya baik melalui email ataupun nomor hp,0,2.0.3,Negatif,0,beberapa kali coba verifikasi tapi tidak masuk kode baik lalu email atau nomor handphone,"['beberapa', 'kali', 'coba', 'verifikasi', 'tapi', 'tidak', 'masuk', 'kode', 'baik', 'lalu', 'email', 'atau', 'nomor', 'handphone']"
Pengguna Google,1,2022-02-24 16:23:14,Susah bgt...eror trus...salah paasword eror...akhirny lupa password pun masukin data betul...tetap eror trus harus gimana???,0,1.1.0,Negatif,0,susah sangat eror terus salah paasword eror akhirny lupa password pun masukin data betul tetap eror terus harus bagaimana,"['susah', 'sangat', 'eror', 'terus', 'salah', 'paasword', 'eror', 'akhirny', 'lupa', 'password', 'pun', 'masukin', 'data', 'betul', 'tetap', 'eror', 'terus', 'harus', 'bagaimana']"
Pengguna Google,1,2022-03-04 10:20:57,"Aplikasi sangat lamban, tidak berkualitas",0,1.1.0,Negatif,0,aplikasi sangat lamban tidak kualitas,"['aplikasi', 'sangat', 'lamban', 'tidak', 'kualitas']"
Pengguna Google,1,2025-10-13 15:30:18,Aplikasi dari pemerintah gk ada yg bener selalu eror,0,2.0.6,Negatif,0,aplikasi perintah tidak bener selalu eror,"['aplikasi', 'perintah', 'tidak', 'bener', 'selalu', 'eror']"
Pengguna Google,1,2024-03-13 16:22:09,Disuruh lapor pajak tapi tombol lapor pajak gk ada... bangkelah,0,1.4.0,Negatif,0,suruh lapor pajak tapi tombol lapor pajak tidak bangkelah,"['suruh', 'lapor', 'pajak', 'tapi', 'tombol', 'lapor', 'pajak', 'tidak', 'bangkelah']"
Pengguna Google,1,2025-02-02 00:22:10,"Kebanyakan aturan apk gk efisien ribet ruwet,mau bayar pajak dipersulit..",1,2.0.3,Negatif,0,banyak atur aplikasi tidak efisien ribet ruwet mau bayar pajak sulit,"['banyak', 'atur', 'aplikasi', 'tidak', 'efisien', 'ribet', 'ruwet', 'mau', 'bayar', 'pajak', 'sulit']"
Pengguna Google,1,2023-03-28 15:27:59,"Verifikasi Efin selalu gagal,bodo amat sma lapor pajak,bad banget",0,1.2.0,Negatif,0,verifikasi efin selalu gagal bodo amat sama lapor pajak bad sangat,"['verifikasi', 'efin', 'selalu', 'gagal', 'bodo', 'amat', 'sama', 'lapor', 'pajak', 'bad', 'sangat']"
Dimas Darmono,1,2025-03-24 09:36:51,MAU KASIH THR KE PEMERINTAH AJA MASIH AJA DIPERSULIT APLIKASI SAMPAH,0,2.0.3,Negatif,0,mau kasih thr perintah saja masih saja sulit aplikasi sampah,"['mau', 'kasih', 'thr', 'perintah', 'saja', 'masih', 'saja', 'sulit', 'aplikasi', 'sampah']"
Pengguna Google,1,2025-10-21 15:39:09,bikin lewat web susah. aplikasi juga tidak membantu. kenapa mau bayar pajak aja dipersulit diadministrasi sih,0,unknown,Negatif,0,bikin lewat web susah aplikasi tidak bantu kenapa mau bayar pajak saja sulit administrasi,"['bikin', 'lewat', 'web', 'susah', 'aplikasi', 'tidak', 'bantu', 'kenapa', 'mau', 'bayar', 'pajak', 'saja', 'sulit', 'administrasi']"
Pengguna Google,1,2026-02-12 15:27:37,"rakyat disuruh taat pajak,pemerintah bikin APP aja kaga becus,otak +62 mah susah SDM rendah",0,3.0.6,Negatif,0,rakyat suruh taat pajak perintah bikin aplikasi saja tidak becus otak mah susah sdm rendah,"['rakyat', 'suruh', 'taat', 'pajak', 'perintah', 'bikin', 'aplikasi', 'saja', 'tidak', 'becus', 'otak', 'mah', 'susah', 'sdm', 'rendah']"
Pengguna Google,1,2022-01-12 10:43:44,"Kok ga bisa login yah, padahal NPWP & PASWORD sudah bener semuanya",2,1.1.0,Negatif,0,kok tidak login padahal npwp pasword bener semua,"['kok', 'tidak', 'login', 'padahal', 'npwp', 'pasword', 'bener', 'semua']"
Pengguna Google,1,2022-02-07 17:28:42,Jelek,0,1.1.0,Negatif,0,jelek,['jelek']
Pengguna Google,1,2023-09-16 14:50:34,Ribet otp segala.. Capca segala.. Hadehhb.. Persulit sekali,0,unknown,Negatif,0,ribet otp segala capca segala hadehhb sulit sekali,"['ribet', 'otp', 'segala', 'capca', 'segala', 'hadehhb', 'sulit', 'sekali']"
Pengguna Google,3,2023-12-31 03:53:32,Ok,0,1.2.4,Netral,1,ok,['ok']
Pengguna Google,3,2021-10-01 20:08:02,Susah bukanya,0,1.0,Netral,1,susah buka,"['susah', 'buka']"
Pengguna Google,3,2024-02-27 08:42:19,coba dulu,0,1.3.0,Netral,1,coba dulu,"['coba', 'dulu']"
Pengguna Google,3,2026-02-11 04:42:13,"daftar online lwt coretak alamat domisili sdh benar tp gagal trs, cm ngurangin pulsa sm kuota doank.",2,3.0.5,Netral,1,daftar online lwt coretak alamat domisili benar tapi gagal terus cm ngurangin pulsa sama kuota saja,"['daftar', 'online', 'lwt', 'coretak', 'alamat', 'domisili', 'benar', 'tapi', 'gagal', 'terus', 'cm', 'ngurangin', 'pulsa', 'sama', 'kuota', 'saja']"
Pengguna Google,3,2023-12-05 06:28:33,"dua bulan ini ""tombol buat kode billing"" ndak aktif, mau buat kode billing ndak bisa, sebelumnya lancar",1,1.2.4,Netral,1,dua bulan tombol kode billing ndak aktif mau kode billing ndak belum lancar,"['dua', 'bulan', 'tombol', 'kode', 'billing', 'ndak', 'aktif', 'mau', 'kode', 'billing', 'ndak', 'belum', 'lancar']"
Pengguna Google,3,2024-10-21 12:20:16,Ini kenapa ga bsa login app nya,0,1.4.0,Netral,1,kenapa tidak login aplikasi,"['kenapa', 'tidak', 'login', 'aplikasi']"
AKA ROMERO,3,2025-03-05 00:22:24,Pengitiman OTP lama. Sampai batas waktu kode habis. Bisa berjam-jam,0,2.0.3,Netral,1,pengitiman otp lama sampai batas waktu kode habis jam jam,"['pengitiman', 'otp', 'lama', 'sampai', 'batas', 'waktu', 'kode', 'habis', 'jam', 'jam']"
Pengguna Google,3,2025-10-13 13:03:53,4t p0p,0,2.0.5,Netral,1,pp,['pp']
Pengguna Google,3,2023-12-31 03:53:32,Ok,0,1.2.4,Netral,1,ok,['ok']
Pengguna Google,3,2023-06-04 20:13:31,"Untuk kelebihannya itu ialah 1. Memudahkan masyarakat dalam membayar pajak 2. Masyarakat dapat menghemat waktu dan biaya tranfortasi 3. Aplikasi ini dapat memberitahu kepada pengguna tentang tanggal tempo pembayaran pajak. Untuk kekurangannya ialah 1. Aplikasi ini rentan terhadap masalah kegagalan sistem, mengganggu pengguna dalam proses pembayaran pajak. 2. Keterbatasan dalam hal fitur 3. Keterbatasan dalam mengakses aplikasi m-pajak",6,1.2.3,Netral,1,lebih ialah mudah masyarakat dalam bayar pajak masyarakat dapat hemat waktu biaya tranfortasi aplikasi dapat memberitahu kepada guna tentang tanggal tempo bayar pajak kurang ialah aplikasi rentan hadap masalah gagal sistem ganggu guna dalam proses bayar pajak batas dalam hal fitur batas dalam akses aplikasi pajak,"['lebih', 'ialah', 'mudah', 'masyarakat', 'dalam', 'bayar', 'pajak', 'masyarakat', 'dapat', 'hemat', 'waktu', 'biaya', 'tranfortasi', 'aplikasi', 'dapat', 'memberitahu', 'kepada', 'guna', 'tentang', 'tanggal', 'tempo', 'bayar', 'pajak', 'kurang', 'ialah', 'aplikasi', 'rentan', 'hadap', 'masalah', 'gagal', 'sistem', 'ganggu', 'guna', 'dalam', 'proses', 'bayar', 'pajak', 'batas', 'dalam', 'hal', 'fitur', 'batas', 'dalam', 'akses', 'aplikasi', 'pajak']"
Pengguna Google,3,2024-09-22 23:26:55,"Pas Nunggu Kode OTP nya emng GK lama,TPI GK tauu knp pas mau klik daptarr salahh Mulu,Mau daptar juga Mlah nglag. mohon lebih diperbaiki lgi",1,1.4.0,Netral,1,pas nunggu kode otp emng tidak lama tapi tidak tauu kenapa pas mau klik daptarr salahh mulu mau daptar mlah nglag mohon baik lagi,"['pas', 'nunggu', 'kode', 'otp', 'emng', 'tidak', 'lama', 'tapi', 'tidak', 'tauu', 'kenapa', 'pas', 'mau', 'klik', 'daptarr', 'salahh', 'mulu', 'mau', 'daptar', 'mlah', 'nglag', 'mohon', 'baik', 'lagi']"
Supriadi,3,2021-06-08 17:57:51,"Saat pembuatan ebilling, jenis pajak dan jenis setoran ga bisa diklik...",2,1.0,Netral,1,saat buat ebilling jenis pajak jenis setor tidak klik,"['saat', 'buat', 'ebilling', 'jenis', 'pajak', 'jenis', 'setor', 'tidak', 'klik']"
Pengguna Google,3,2024-03-21 03:54:47,Saya gagal mendapatkan kode verifikasi lupa efin karena kode tidak dikirim ke email maupun sms.,0,1.4.0,Netral,1,gagal dapat kode verifikasi lupa efin karena kode tidak kirim email maupun sms,"['gagal', 'dapat', 'kode', 'verifikasi', 'lupa', 'efin', 'karena', 'kode', 'tidak', 'kirim', 'email', 'maupun', 'sms']"
Pengguna Google,3,2023-09-08 00:43:57,"Mau masuk aja susah,NPWP pisik sudah ada tapi di aplikasi NPWP tidak tercatat",0,unknown,Netral,1,mau masuk saja susah npwp pisik tapi aplikasi npwp tidak catat,"['mau', 'masuk', 'saja', 'susah', 'npwp', 'pisik', 'tapi', 'aplikasi', 'npwp', 'tidak', 'catat']"
Pengguna Google,3,2024-01-09 22:35:31,Bagus,0,unknown,Netral,1,bagus,['bagus']
Pengguna Google,3,2023-12-20 08:42:15,"untuk masuk akun pakai NIK masih blm bisa, 1 digit terakhir nik tidak bisa masuk. Mohon segera perbaikannya, demi kenyamanan bersama. terimakasih",1,1.2.4,Netral,1,masuk akun pakai nik masih belum digit akhir nik tidak masuk mohon segera baik demi nyaman sama terimakasih,"['masuk', 'akun', 'pakai', 'nik', 'masih', 'belum', 'digit', 'akhir', 'nik', 'tidak', 'masuk', 'mohon', 'segera', 'baik', 'demi', 'nyaman', 'sama', 'terimakasih']"
Pengguna Google,3,2022-06-03 13:44:15,"Mantap malah lebih bagus app dari pada pake web, makasi banyak ya djp",0,1.1.0,Netral,1,mantap malah bagus aplikasi pakai web makas banyak djp,"['mantap', 'malah', 'bagus', 'aplikasi', 'pakai', 'web', 'makas', 'banyak', 'djp']"
Pengguna Google,3,2023-03-11 16:57:25,Lumayan membantu,0,1.1.0,Netral,1,lumayan bantu,"['lumayan', 'bantu']"
Pengguna Google,3,2022-06-14 13:56:20,Kalau bisa di tambah fitur download kartu npwp nya,1,1.1.0,Netral,1,tambah fitur download kartu npwp,"['tambah', 'fitur', 'download', 'kartu', 'npwp']"
Pengguna Google,3,2025-01-28 11:26:22,Pelayanan CS via WA udah gak ada respon.,0,1.1.0,Netral,1,layan cs via wa tidak respon,"['layan', 'cs', 'via', 'wa', 'tidak', 'respon']"
Pengguna Google,3,2026-04-29 08:25:34,"gk pernah bisa masuk setelah log in, layar blank putih, dan saran untuk informasi pengikinian data dukcapil dibuat automatis koneksi ke dukcapil, atau alternatf bisa secara online, karna tdk semua org bisa utk kekantor pajak langsung",0,unknown,Netral,1,tidak pernah masuk telah log in layar blank putih saran informasi pengikinian data dukcapil buat automatis koneksi dukcapil alternatf cara online karena tidak semua orang kantor pajak langsung,"['tidak', 'pernah', 'masuk', 'telah', 'log', 'in', 'layar', 'blank', 'putih', 'saran', 'informasi', 'pengikinian', 'data', 'dukcapil', 'buat', 'automatis', 'koneksi', 'dukcapil', 'alternatf', 'cara', 'online', 'karena', 'tidak', 'semua', 'orang', 'kantor', 'pajak', 'langsung']"
Pengguna Google,3,2024-03-21 03:54:47,Saya gagal mendapatkan kode verifikasi lupa efin karena kode tidak dikirim ke email maupun sms.,0,1.4.0,Netral,1,gagal dapat kode verifikasi lupa efin karena kode tidak kirim email maupun sms,"['gagal', 'dapat', 'kode', 'verifikasi', 'lupa', 'efin', 'karena', 'kode', 'tidak', 'kirim', 'email', 'maupun', 'sms']"
Pengguna Google,3,2022-04-02 19:30:50,"Susah banget ,masuk nya...",0,1.1.0,Netral,1,susah sangat masuk,"['susah', 'sangat', 'masuk']"
Pengguna Google,3,2025-03-05 15:12:59,"Kalo bisa di menu awal beranda setelah log in ,langsung terlihat total penerimaan pajak seluruh rakyat .dan itu selalu update secara sistem otomatis tiap ada pembayaran pajak masuk dr rakyat . Biar transparan !rakyat tau brapa sihh penerimaan pajak negara ini.",8,2.0.3,Netral,1,kalo menu awal beranda telah log in langsung lihat total terima pajak seluruh rakyat selalu update cara sistem otomatis tiap bayar pajak masuk rakyat biar transparan rakyat tahu brapa sihh terima pajak negara,"['kalo', 'menu', 'awal', 'beranda', 'telah', 'log', 'in', 'langsung', 'lihat', 'total', 'terima', 'pajak', 'seluruh', 'rakyat', 'selalu', 'update', 'cara', 'sistem', 'otomatis', 'tiap', 'bayar', 'pajak', 'masuk', 'rakyat', 'biar', 'transparan', 'rakyat', 'tahu', 'brapa', 'sihh', 'terima', 'pajak', 'negara']"
Pengguna Google,3,2023-03-12 22:12:28,dicoba dulu,0,1.1.0,Netral,1,coba dulu,"['coba', 'dulu']"
deden mardiansyah,3,2024-02-01 13:00:54,"lupa efin ga bisa"" . eror mulu gagal kirim data katanya",0,1.2.5,Netral,1,lupa efin tidak eror mulu gagal kirim data kata,"['lupa', 'efin', 'tidak', 'eror', 'mulu', 'gagal', 'kirim', 'data', 'kata']"
Cahyo Triwibowo (Cahyopierro),3,2026-02-21 11:20:51,HP dak support... 😬,0,2.0.6,Netral,1,handphone dak support,"['handphone', 'dak', 'support']"
Pengguna Google,3,2025-10-13 13:03:53,4t p0p,0,2.0.5,Netral,1,pp,['pp']
Pengguna Google,3,2022-03-28 11:57:11,Validasi lama setengah hr gk ada kemajuan. Udh di update juga gak bisa. Datang kekantor cmn di ksh brosur trus sruh pulang. Gak di terangin cara2nya,1,1.1.0,Netral,1,validasi lama tengah hr tidak maju update tidak datang kantor cmn kasih brosur terus sruh pulang tidak angin cara,"['validasi', 'lama', 'tengah', 'hr', 'tidak', 'maju', 'update', 'tidak', 'datang', 'kantor', 'cmn', 'kasih', 'brosur', 'terus', 'sruh', 'pulang', 'tidak', 'angin', 'cara']"
Pengguna Google,3,2025-01-20 18:38:09,"Mau pasang listrik di Indonesia harus ada nidi , slo, siup dan nib, buat siup dan nib harus ada no npwp, giliran buat no npwp registrasi situs tidak ditemuakn, coretax. susah kalau urusan sama pemerintah, buat aturan tapi dipersulit sendiri. Kocakkk",0,unknown,Netral,1,mau pasang listrik indonesia harus nidi slo siup nib siup nib harus nomor npwp gilir nomor npwp registrasi situs tidak ditemuakn coretax susah urus sama perintah atur tapi sulit sendiri kocakkk,"['mau', 'pasang', 'listrik', 'indonesia', 'harus', 'nidi', 'slo', 'siup', 'nib', 'siup', 'nib', 'harus', 'nomor', 'npwp', 'gilir', 'nomor', 'npwp', 'registrasi', 'situs', 'tidak', 'ditemuakn', 'coretax', 'susah', 'urus', 'sama', 'perintah', 'atur', 'tapi', 'sulit', 'sendiri', 'kocakkk']"
Pengguna Google,3,2025-09-27 07:09:45,kirain cuma sya ternyata bnyak yg ngalamin gagal masuk,0,unknown,Netral,1,kirain cuma sya nyata bnyak ngalamin gagal masuk,"['kirain', 'cuma', 'sya', 'nyata', 'bnyak', 'ngalamin', 'gagal', 'masuk']"
Pengguna Google,3,2024-03-18 11:37:17,"Error, loading minta di update terus padahal sudah terupdate..mohon diperbaiki",0,1.4.0,Netral,1,error loading minta update terus padahal terupdate mohon baik,"['error', 'loading', 'minta', 'update', 'terus', 'padahal', 'terupdate', 'mohon', 'baik']"
Pengguna Google,3,2025-02-07 21:48:57,"Untuk M-Pajak belum support npwp 16 digit ya? Saya mau buat efin harus isi npwp 15 digit😔,kalo sudah beres saya kasih bintang 5 dah. Tolong dibenerin ya mas mbak",0,2.0.3,Netral,1,pajak belum support npwp digit mau efin harus isi npwp digit kalo beres kasih bintang dah tolong dibenerin mas mbak,"['pajak', 'belum', 'support', 'npwp', 'digit', 'mau', 'efin', 'harus', 'isi', 'npwp', 'digit', 'kalo', 'beres', 'kasih', 'bintang', 'dah', 'tolong', 'dibenerin', 'mas', 'mbak']"
Pengguna Google,3,2025-01-19 13:28:14,SygSyg r b asal Barbados rt rrrrd,0,2.0.2,Netral,1,sygsyg asal barbados rt rrrrd,"['sygsyg', 'asal', 'barbados', 'rt', 'rrrrd']"
Pengguna Google,3,2022-01-18 19:47:07,Akan lebih bagus lagi apabila bisa untuk lapor SPT tahunan,1,1.1.0,Netral,1,bagus lagi apabila lapor spt tahun,"['bagus', 'lagi', 'apabila', 'lapor', 'spt', 'tahun']"
Cahyo Triwibowo (Cahyopierro),3,2026-02-21 11:20:51,HP dak support... 😬,0,2.0.6,Netral,1,handphone dak support,"['handphone', 'dak', 'support']"
Pengguna Google,3,2026-02-11 04:42:13,"daftar online lwt coretak alamat domisili sdh benar tp gagal trs, cm ngurangin pulsa sm kuota doank.",2,3.0.5,Netral,1,daftar online lwt coretak alamat domisili benar tapi gagal terus cm ngurangin pulsa sama kuota saja,"['daftar', 'online', 'lwt', 'coretak', 'alamat', 'domisili', 'benar', 'tapi', 'gagal', 'terus', 'cm', 'ngurangin', 'pulsa', 'sama', 'kuota', 'saja']"
adel aten,3,2025-01-03 11:01:25,"Stuck Di ""Selanjutnya""",0,2.0.2,Netral,1,stuck lanjut,"['stuck', 'lanjut']"
adel aten,3,2025-01-03 11:01:25,"Stuck Di ""Selanjutnya""",0,2.0.2,Netral,1,stuck lanjut,"['stuck', 'lanjut']"
Pengguna Google,3,2021-12-13 21:07:49,Kenapa ya stiap saya masuk ke akun ga bs2 apa lg eror..,0,unknown,Netral,1,kenapa stiap masuk akun tidak apa lagi eror,"['kenapa', 'stiap', 'masuk', 'akun', 'tidak', 'apa', 'lagi', 'eror']"
adel aten,3,2025-01-03 11:01:25,"Stuck Di ""Selanjutnya""",0,2.0.2,Netral,1,stuck lanjut,"['stuck', 'lanjut']"
Pengguna Google,3,2025-02-02 21:54:46,Buat daftar NPWP aja susah minta ampun,0,2.0.3,Netral,1,daftar npwp saja susah minta ampun,"['daftar', 'npwp', 'saja', 'susah', 'minta', 'ampun']"
Pengguna Google,3,2023-11-23 00:58:13,"Sebaiknya baiknya alat adalah yang di buat dengan penuh kebaikan "" jika tidak ada kemudahan di dalam nya seperti membalikkan telapak tangan "" dari atas ke bawah "" untuk apa di luncurkan "" perbaikilah semua fungsi nya Agar hidup penuh kebahagiaan "" jangan di sembunyikan kebenaran jika sudah mengetahui Karena Allah hanya menyukai kebenaran tertinggi diseluruh alam semesta ini.",1,1.2.4,Netral,1,baik baik alat penuh baik jika tidak mudah dalam seperti balik telapak tangan atas bawah apa luncur baik semua fungsi agar hidup penuh bahagia jangan sembunyi benar jika tahu karena allah hanya suka benar tinggi seluruh alam semesta,"['baik', 'baik', 'alat', 'penuh', 'baik', 'jika', 'tidak', 'mudah', 'dalam', 'seperti', 'balik', 'telapak', 'tangan', 'atas', 'bawah', 'apa', 'luncur', 'baik', 'semua', 'fungsi', 'agar', 'hidup', 'penuh', 'bahagia', 'jangan', 'sembunyi', 'benar', 'jika', 'tahu', 'karena', 'allah', 'hanya', 'suka', 'benar', 'tinggi', 'seluruh', 'alam', 'semesta']"
Pengguna Google,3,2025-01-26 06:44:47,"Sekelas Pemerintah, Sistemnya seburik ini 🗿🗿🗿",0,2.0.3,Netral,1,kelas perintah sistem burik,"['kelas', 'perintah', 'sistem', 'burik']"
Pengguna Google,3,2024-12-31 21:40:16,"Belum daftar tapi di suruh masuk, percuma juga kartu NPWP di buat",0,2.0.1,Netral,1,belum daftar tapi suruh masuk percuma kartu npwp,"['belum', 'daftar', 'tapi', 'suruh', 'masuk', 'percuma', 'kartu', 'npwp']"
Pengguna Google,3,2023-03-11 16:57:25,Lumayan membantu,0,1.1.0,Netral,1,lumayan bantu,"['lumayan', 'bantu']"
Pengguna Google,3,2025-02-02 21:54:46,Buat daftar NPWP aja susah minta ampun,0,2.0.3,Netral,1,daftar npwp saja susah minta ampun,"['daftar', 'npwp', 'saja', 'susah', 'minta', 'ampun']"
Pengguna Google,3,2023-01-26 20:01:31,"Selesai verifikasi, mau login kenapa username dan password salah. Padahal udah cek berkali kali tetap aja salah juga. Solusi nya tolong terimakasih.",3,1.1.0,Netral,1,selesai verifikasi mau login kenapa username password salah padahal cek kali kali tetap saja salah solusi tolong terimakasih,"['selesai', 'verifikasi', 'mau', 'login', 'kenapa', 'username', 'password', 'salah', 'padahal', 'cek', 'kali', 'kali', 'tetap', 'saja', 'salah', 'solusi', 'tolong', 'terimakasih']"
Pengguna Google,3,2025-10-13 13:03:53,4t p0p,0,2.0.5,Netral,1,pp,['pp']
Pengguna Google,3,2024-10-07 16:42:59,Mau daftar tapi tidak bisa,0,1.4.0,Netral,1,mau daftar tapi tidak,"['mau', 'daftar', 'tapi', 'tidak']"
Pengguna Google,3,2022-02-15 09:06:39,"Untuk lapor pajak apakah aplikasi ini juga? Karena biasa djp online, kenapa ada perubahan ya?",0,1.1.0,Netral,1,lapor pajak apakah aplikasi karena biasa djp online kenapa ubah,"['lapor', 'pajak', 'apakah', 'aplikasi', 'karena', 'biasa', 'djp', 'online', 'kenapa', 'ubah']"
Pengguna Google,3,2025-12-27 02:38:46,nomor npwp saya 16 digit sedangkan di aplikasi ini hanya bisa input 15 digit hasilnya npwp tidak ditemukan. tolong diperbaiki,1,2.0.6,Netral,1,nomor npwp digit sedang aplikasi hanya input digit hasil npwp tidak temu tolong baik,"['nomor', 'npwp', 'digit', 'sedang', 'aplikasi', 'hanya', 'input', 'digit', 'hasil', 'npwp', 'tidak', 'temu', 'tolong', 'baik']"
Pengguna Google,3,2023-03-03 18:28:45,Susah login sudah ubah password tetep ga bisa masuk tolong dibantu,0,1.1.0,Netral,1,susah login ubah password tetep tidak masuk tolong bantu,"['susah', 'login', 'ubah', 'password', 'tetep', 'tidak', 'masuk', 'tolong', 'bantu']"
Pengguna Google,3,2024-03-18 11:37:17,"Error, loading minta di update terus padahal sudah terupdate..mohon diperbaiki",0,1.4.0,Netral,1,error loading minta update terus padahal terupdate mohon baik,"['error', 'loading', 'minta', 'update', 'terus', 'padahal', 'terupdate', 'mohon', 'baik']"
Pengguna Google,3,2025-01-07 14:29:53,Kok ga ada fitur efin nya yaa,0,2.0.2,Netral,1,kok tidak fitur efin,"['kok', 'tidak', 'fitur', 'efin']"
Pengguna Google,3,2026-02-22 10:00:27,aplikasi gampang gampang susah,0,unknown,Netral,1,aplikasi gampang gampang susah,"['aplikasi', 'gampang', 'gampang', 'susah']"
Pengguna Google,3,2026-03-24 17:34:31,"serius? kalian bikin apk tapi masih dialihkan keweb untuk registrasi?. saya sudah lama tidak mengurus NPWP saya,sampai saya lupa dengan PW nya,tapi dipersulit oleh ApK sampah ini,tolong lah yaa kalian giliran duit aja cepat tapi ngurus beginian gak bisa!.kalo bukan karna ni NPWP susah gen z cari kerja dinegara perisis kayak penjara ini sampah!.otak dipake!!.",0,3.0.6,Netral,1,serius kalian bikin aplikasi tapi masih alih keweb registrasi lama tidak urus npwp sampai lupa pw tapi sulit oleh aplikasi sampah tolong kalian gilir duit saja cepat tapi ngurus begini tidak kalo bukan karena ni npwp susah gen cari kerja negara isis kayak penjara sampah otak dipake,"['serius', 'kalian', 'bikin', 'aplikasi', 'tapi', 'masih', 'alih', 'keweb', 'registrasi', 'lama', 'tidak', 'urus', 'npwp', 'sampai', 'lupa', 'pw', 'tapi', 'sulit', 'oleh', 'aplikasi', 'sampah', 'tolong', 'kalian', 'gilir', 'duit', 'saja', 'cepat', 'tapi', 'ngurus', 'begini', 'tidak', 'kalo', 'bukan', 'karena', 'ni', 'npwp', 'susah', 'gen', 'cari', 'kerja', 'negara', 'isis', 'kayak', 'penjara', 'sampah', 'otak', 'dipake']"
Pengguna Google,3,2024-03-17 11:48:46,Untuk verifikasi akun email sudah bisa tapi mentok di OTP verifikasi ke nomor HP. Kesel padahal ini kita bayar dan taat pajak. Tolong developer nya yg serius ini kan masalh uang yang di bayarkan.,17,1.4.0,Netral,1,verifikasi akun email tapi mentok otp verifikasi nomor handphone kesel padahal bayar taat pajak tolong developer serius kan masalh uang bayar,"['verifikasi', 'akun', 'email', 'tapi', 'mentok', 'otp', 'verifikasi', 'nomor', 'handphone', 'kesel', 'padahal', 'bayar', 'taat', 'pajak', 'tolong', 'developer', 'serius', 'kan', 'masalh', 'uang', 'bayar']"
Pengguna Google,3,2025-01-28 11:26:22,Pelayanan CS via WA udah gak ada respon.,0,1.1.0,Netral,1,layan cs via wa tidak respon,"['layan', 'cs', 'via', 'wa', 'tidak', 'respon']"
Pengguna Google,3,2023-03-12 22:12:28,dicoba dulu,0,1.1.0,Netral,1,coba dulu,"['coba', 'dulu']"
Pengguna Google,3,2024-04-15 22:55:56,"Aplikasi selalu force close saat ingin mengetahui EFIN, pada saat swa foto. Tolong diperbaiki",2,1.4.0,Netral,1,aplikasi selalu force close saat ingin tahu efin saat swa foto tolong baik,"['aplikasi', 'selalu', 'force', 'close', 'saat', 'ingin', 'tahu', 'efin', 'saat', 'swa', 'foto', 'tolong', 'baik']"
Pengguna Google,3,2024-03-02 23:02:20,Kaga bisa lapor SPT padahal kalo bisa lapor SPT mah lumayan bagus nih app,0,1.3.0,Netral,1,tidak lapor spt padahal kalo lapor spt mah lumayan bagus aplikasi,"['tidak', 'lapor', 'spt', 'padahal', 'kalo', 'lapor', 'spt', 'mah', 'lumayan', 'bagus', 'aplikasi']"
Pengguna Google,3,2023-11-19 12:50:03,Mau lupa efin keluar Mulu pas dana udah lengkap keluar,0,1.2.4,Netral,1,mau lupa efin keluar mulu pas dana lengkap keluar,"['mau', 'lupa', 'efin', 'keluar', 'mulu', 'pas', 'dana', 'lengkap', 'keluar']"
Cahyo Triwibowo (Cahyopierro),3,2026-02-21 11:20:51,HP dak support... 😬,0,2.0.6,Netral,1,handphone dak support,"['handphone', 'dak', 'support']"
Erick Yap,3,2022-03-15 07:52:31,Tidak ada cara panduan membayar atau pelaporan. Untuk pembayar pajak pemula tidak membantu.,0,1.1.0,Netral,1,tidak cara pandu bayar lapor bayar pajak mula tidak bantu,"['tidak', 'cara', 'pandu', 'bayar', 'lapor', 'bayar', 'pajak', 'mula', 'tidak', 'bantu']"
Pengguna Google,3,2022-01-04 12:26:50,untuk step 2 pas validasi data gk bisa ya?? Itu knp yaa??,1,1.1.0,Netral,1,step pas validasi data tidak kenapa,"['step', 'pas', 'validasi', 'data', 'tidak', 'kenapa']"
Pengguna Google,3,2026-03-30 07:54:43,pdhl udh swapfoto ko ellor ya saya sampe ngulang 3×pdhl udh mengikuti arahan,0,3.0.6,Netral,1,pdhl swapfoto ko ellor sampe ngulang pdhl ikut arah,"['pdhl', 'swapfoto', 'ko', 'ellor', 'sampe', 'ngulang', 'pdhl', 'ikut', 'arah']"
Pengguna Google,3,2021-12-13 21:07:49,Kenapa ya stiap saya masuk ke akun ga bs2 apa lg eror..,0,unknown,Netral,1,kenapa stiap masuk akun tidak apa lagi eror,"['kenapa', 'stiap', 'masuk', 'akun', 'tidak', 'apa', 'lagi', 'eror']"
Pengguna Google,3,2025-03-24 09:13:19,oke,0,2.0.2,Netral,1,oke,['oke']
Pengguna Google,3,2024-06-25 09:49:11,Mau login tapi ga bisa karena ga memiliki kode efin. Sudah daftar tapi ga bisa login samsek. Jadi buat lapor pajak ga bisa.,0,unknown,Netral,1,mau login tapi tidak karena tidak milik kode efin daftar tapi tidak login samsek jadi lapor pajak tidak,"['mau', 'login', 'tapi', 'tidak', 'karena', 'tidak', 'milik', 'kode', 'efin', 'daftar', 'tapi', 'tidak', 'login', 'samsek', 'jadi', 'lapor', 'pajak', 'tidak']"
Pengguna Google,3,2022-03-09 08:36:49,Tes dl,0,1.1.0,Netral,1,tes dl,"['tes', 'dl']"
Pengguna Google,3,2025-02-03 15:32:48,"Nomer NPWP nya masig 15 digit, padahal di npwp skarang udah 16 digit. Jadi ga bisa bikin efin",0,2.0.3,Netral,1,nomer npwp masig digit padahal npwp skarang digit jadi tidak bikin efin,"['nomer', 'npwp', 'masig', 'digit', 'padahal', 'npwp', 'skarang', 'digit', 'jadi', 'tidak', 'bikin', 'efin']"
Pengguna Google,3,2023-12-20 08:42:15,"untuk masuk akun pakai NIK masih blm bisa, 1 digit terakhir nik tidak bisa masuk. Mohon segera perbaikannya, demi kenyamanan bersama. terimakasih",1,1.2.4,Netral,1,masuk akun pakai nik masih belum digit akhir nik tidak masuk mohon segera baik demi nyaman sama terimakasih,"['masuk', 'akun', 'pakai', 'nik', 'masih', 'belum', 'digit', 'akhir', 'nik', 'tidak', 'masuk', 'mohon', 'segera', 'baik', 'demi', 'nyaman', 'sama', 'terimakasih']"
Pengguna Google,3,2023-03-03 18:28:45,Susah login sudah ubah password tetep ga bisa masuk tolong dibantu,0,1.1.0,Netral,1,susah login ubah password tetep tidak masuk tolong bantu,"['susah', 'login', 'ubah', 'password', 'tetep', 'tidak', 'masuk', 'tolong', 'bantu']"
Pengguna Google,3,2026-04-29 08:25:34,"gk pernah bisa masuk setelah log in, layar blank putih, dan saran untuk informasi pengikinian data dukcapil dibuat automatis koneksi ke dukcapil, atau alternatf bisa secara online, karna tdk semua org bisa utk kekantor pajak langsung",0,unknown,Netral,1,tidak pernah masuk telah log in layar blank putih saran informasi pengikinian data dukcapil buat automatis koneksi dukcapil alternatf cara online karena tidak semua orang kantor pajak langsung,"['tidak', 'pernah', 'masuk', 'telah', 'log', 'in', 'layar', 'blank', 'putih', 'saran', 'informasi', 'pengikinian', 'data', 'dukcapil', 'buat', 'automatis', 'koneksi', 'dukcapil', 'alternatf', 'cara', 'online', 'karena', 'tidak', 'semua', 'orang', 'kantor', 'pajak', 'langsung']"
Pengguna Google,3,2023-02-09 12:51:57,Blm bisa login pkek NIK,0,unknown,Netral,1,belum login pkek nik,"['belum', 'login', 'pkek', 'nik']"
Pengguna Google,3,2025-01-26 15:45:54,Saya ingin mendaptar mpwp kok sulit. Caranya,0,2.0.3,Netral,1,ingin mendaptar mpwp kok sulit cara,"['ingin', 'mendaptar', 'mpwp', 'kok', 'sulit', 'cara']"
Pengguna Google,3,2023-12-05 15:35:03,Kira kira lah bikin aplikasi tadi vaild..buka lagi engk valid...,0,1.2.4,Netral,1,kira kira bikin aplikasi tadi vaild buka lagi engk valid,"['kira', 'kira', 'bikin', 'aplikasi', 'tadi', 'vaild', 'buka', 'lagi', 'engk', 'valid']"
Pengguna Google,3,2026-04-09 11:34:32,"muter² suweee, Jane ISO PO Ra gae aplikasi",0,unknown,Netral,1,muter suweee jane iso po ra gae aplikasi,"['muter', 'suweee', 'jane', 'iso', 'po', 'ra', 'gae', 'aplikasi']"
Pengguna Google,3,2025-01-26 15:45:54,Saya ingin mendaptar mpwp kok sulit. Caranya,0,2.0.3,Netral,1,ingin mendaptar mpwp kok sulit cara,"['ingin', 'mendaptar', 'mpwp', 'kok', 'sulit', 'cara']"
om tito,3,2024-07-27 00:27:19,Setelah membuat kode billing kok nggak bisa tersimpan di aplikasi ini. Bagaimana solusinya ?,0,1.4.0,Netral,1,telah buat kode billing kok tidak simpan aplikasi bagaimana solusi,"['telah', 'buat', 'kode', 'billing', 'kok', 'tidak', 'simpan', 'aplikasi', 'bagaimana', 'solusi']"
Pengguna Google,3,2022-07-06 16:12:26,"Untuk pembuatan ebiling Tidak bisa di gunakan, di klik jenis pajak dan jenis setoran tidak mau muncul pilihan. Yg bisa di di isi hanya tahun, biaya dan keterangan .",52,1.1.0,Netral,1,buat ebiling tidak guna klik jenis pajak jenis setor tidak mau muncul pilih isi hanya tahun biaya terang,"['buat', 'ebiling', 'tidak', 'guna', 'klik', 'jenis', 'pajak', 'jenis', 'setor', 'tidak', 'mau', 'muncul', 'pilih', 'isi', 'hanya', 'tahun', 'biaya', 'terang']"
Pengguna Google,3,2025-02-16 09:34:51,"Maaf Min, ini kenapa tahunnya jadi mundur. Saya bikin kode billing dengan tahun 2025 tidak bisa. Lalu saya coba 2024, kode billing bisa muncul. Mau saya bayar pajaknya, tapi saya ragu. Padahal ini sudah tahun 2025. Untuk aplikasi, ini mudah dan simpel untuk digunakan, lalu kode billing bisa disalin. Tidak seperti di website. Yah intinya sudah bagus.",4,2.0.3,Netral,1,maaf min kenapa tahun jadi mundur bikin kode billing tahun tidak lalu coba kode billing muncul mau bayar pajak tapi ragu padahal tahun aplikasi mudah simpel guna lalu kode billing salin tidak seperti website inti bagus,"['maaf', 'min', 'kenapa', 'tahun', 'jadi', 'mundur', 'bikin', 'kode', 'billing', 'tahun', 'tidak', 'lalu', 'coba', 'kode', 'billing', 'muncul', 'mau', 'bayar', 'pajak', 'tapi', 'ragu', 'padahal', 'tahun', 'aplikasi', 'mudah', 'simpel', 'guna', 'lalu', 'kode', 'billing', 'salin', 'tidak', 'seperti', 'website', 'inti', 'bagus']"
Pengguna Google,3,2022-03-27 22:37:17,Ujung2nya lapor online via web. 😄,0,unknown,Netral,1,ujung lapor online via web,"['ujung', 'lapor', 'online', 'via', 'web']"
indra firmansyah,3,2021-07-07 11:06:08,"Tampilan cukup mengesankan, hanya saja di petunjuk rincian e-billing bisa diunduh, tapi setelah saya buat e-billing gak ada tombol untuk memgunduh",2,1.0,Netral,1,tampil cukup kesan hanya saja tunjuk rincian billing unduh tapi telah billing tidak tombol memgunduh,"['tampil', 'cukup', 'kesan', 'hanya', 'saja', 'tunjuk', 'rincian', 'billing', 'unduh', 'tapi', 'telah', 'billing', 'tidak', 'tombol', 'memgunduh']"
adel aten,3,2025-01-03 11:01:25,"Stuck Di ""Selanjutnya""",0,2.0.2,Netral,1,stuck lanjut,"['stuck', 'lanjut']"
Pengguna Google,3,2026-02-22 10:00:27,aplikasi gampang gampang susah,0,unknown,Netral,1,aplikasi gampang gampang susah,"['aplikasi', 'gampang', 'gampang', 'susah']"
Pengguna Google,3,2024-02-12 17:50:53,Saya kesulitan update data karena tahun lahir saya gak ada 1991 knp yg muncul hanya 1995 tolong dong solusinya,1,1.3.0,Netral,1,sulit update data karena tahun lahir tidak kenapa muncul hanya tolong solusi,"['sulit', 'update', 'data', 'karena', 'tahun', 'lahir', 'tidak', 'kenapa', 'muncul', 'hanya', 'tolong', 'solusi']"
Pengguna Google,3,2025-02-08 12:26:04,Alangkah baiknya lapor SPT bisa diaplikasi ini juga,1,2.0.3,Netral,1,alangkah baik lapor spt aplikasi,"['alangkah', 'baik', 'lapor', 'spt', 'aplikasi']"
Pengguna Google,3,2026-02-11 04:42:13,"daftar online lwt coretak alamat domisili sdh benar tp gagal trs, cm ngurangin pulsa sm kuota doank.",2,3.0.5,Netral,1,daftar online lwt coretak alamat domisili benar tapi gagal terus cm ngurangin pulsa sama kuota saja,"['daftar', 'online', 'lwt', 'coretak', 'alamat', 'domisili', 'benar', 'tapi', 'gagal', 'terus', 'cm', 'ngurangin', 'pulsa', 'sama', 'kuota', 'saja']"
Diah Agustinah,3,2022-01-12 10:47:41,"Ini dari kemarin mau masuk gak bisa, verifykasi dikirim ke email tapi saya cek semua kotak masuk gak ada email masuk",2,1.1.0,Netral,1,kemarin mau masuk tidak verifykasi kirim email tapi cek semua kotak masuk tidak email masuk,"['kemarin', 'mau', 'masuk', 'tidak', 'verifykasi', 'kirim', 'email', 'tapi', 'cek', 'semua', 'kotak', 'masuk', 'tidak', 'email', 'masuk']"
adel aten,3,2025-01-03 11:01:25,"Stuck Di ""Selanjutnya""",0,2.0.2,Netral,1,stuck lanjut,"['stuck', 'lanjut']"
Pengguna Google,3,2025-03-03 13:17:08,Verivikasi lemot parah,0,unknown,Netral,1,verivikasi lot parah,"['verivikasi', 'lot', 'parah']"
Pengguna Google,3,2024-06-06 12:04:01,tidak bisa di gunakan,0,1.4.0,Netral,1,tidak guna,"['tidak', 'guna']"
Pengguna Google,3,2023-11-19 12:50:03,Mau lupa efin keluar Mulu pas dana udah lengkap keluar,0,1.2.4,Netral,1,mau lupa efin keluar mulu pas dana lengkap keluar,"['mau', 'lupa', 'efin', 'keluar', 'mulu', 'pas', 'dana', 'lengkap', 'keluar']"
Pengguna Google,3,2025-01-28 11:26:22,Pelayanan CS via WA udah gak ada respon.,0,1.1.0,Netral,1,layan cs via wa tidak respon,"['layan', 'cs', 'via', 'wa', 'tidak', 'respon']"
Pengguna Google,3,2025-09-06 23:06:16,"ngak ada menu daftarnya, masak harus daftar lewat web lagi. Aplikasinya asal jadi uang proyek cair ujung2 dikorupsi.",21,2.0.5,Netral,1,ngak menu daftar masak harus daftar lewat web lagi aplikasi asal jadi uang proyek cair ujung korupsi,"['ngak', 'menu', 'daftar', 'masak', 'harus', 'daftar', 'lewat', 'web', 'lagi', 'aplikasi', 'asal', 'jadi', 'uang', 'proyek', 'cair', 'ujung', 'korupsi']"
Pengguna Google,3,2022-05-10 21:56:48,Kenapa g bisa nambah catatan utk umkm,0,1.1.0,Netral,1,kenapa tidak nambah catat umkm,"['kenapa', 'tidak', 'nambah', 'catat', 'umkm']"
Cahyo Triwibowo (Cahyopierro),3,2026-02-21 11:20:51,HP dak support... 😬,0,2.0.6,Netral,1,handphone dak support,"['handphone', 'dak', 'support']"
Pengguna Google,3,2023-04-05 12:10:13,"Ayolah dibikin biar gak logout mulu, setiap bulan mo bayar mesti login dulu",0,1.2.0,Netral,1,ayo bikin biar tidak logout mulu tiap bulan mau bayar mesti login dulu,"['ayo', 'bikin', 'biar', 'tidak', 'logout', 'mulu', 'tiap', 'bulan', 'mau', 'bayar', 'mesti', 'login', 'dulu']"
Pengguna Google,3,2025-02-28 14:43:33,"Kode otp untuk aktivasi efin yg di kirim ke email lama sekali masuknya, buang2 waktu aja.",0,2.0.3,Netral,1,kode otp aktivasi efin kirim email lama sekali masuk buang waktu saja,"['kode', 'otp', 'aktivasi', 'efin', 'kirim', 'email', 'lama', 'sekali', 'masuk', 'buang', 'waktu', 'saja']"
Pengguna Google,3,2022-04-07 09:27:52,Aplikasinya lagi gangguan apa gmn ya kok saya login mau masuk profil trus keluar aplikasi sendiri,0,1.1.0,Netral,1,aplikasi lagi ganggu apa bagaimana kok login mau masuk profil terus keluar aplikasi sendiri,"['aplikasi', 'lagi', 'ganggu', 'apa', 'bagaimana', 'kok', 'login', 'mau', 'masuk', 'profil', 'terus', 'keluar', 'aplikasi', 'sendiri']"
Pengguna Google,3,2026-02-11 04:42:13,"daftar online lwt coretak alamat domisili sdh benar tp gagal trs, cm ngurangin pulsa sm kuota doank.",2,3.0.5,Netral,1,daftar online lwt coretak alamat domisili benar tapi gagal terus cm ngurangin pulsa sama kuota saja,"['daftar', 'online', 'lwt', 'coretak', 'alamat', 'domisili', 'benar', 'tapi', 'gagal', 'terus', 'cm', 'ngurangin', 'pulsa', 'sama', 'kuota', 'saja']"
Pengguna Google,3,2025-02-13 13:22:35,kasih 3 dlu ya,0,unknown,Netral,1,kasih dlu,"['kasih', 'dlu']"
Pengguna Google,3,2024-12-21 19:46:02,Kita coba aja la dulu ni apk.,0,2.0.0,Netral,1,coba saja la dulu ni aplikasi,"['coba', 'saja', 'la', 'dulu', 'ni', 'aplikasi']"
Pengguna Google,3,2024-03-18 11:37:17,"Error, loading minta di update terus padahal sudah terupdate..mohon diperbaiki",0,1.4.0,Netral,1,error loading minta update terus padahal terupdate mohon baik,"['error', 'loading', 'minta', 'update', 'terus', 'padahal', 'terupdate', 'mohon', 'baik']"
Pengguna Google,3,2024-11-20 17:36:18,Saya kasih bintang 3 dlu,0,1.4.0,Netral,1,kasih bintang dlu,"['kasih', 'bintang', 'dlu']"
Pengguna Google,3,2026-03-24 17:34:31,"serius? kalian bikin apk tapi masih dialihkan keweb untuk registrasi?. saya sudah lama tidak mengurus NPWP saya,sampai saya lupa dengan PW nya,tapi dipersulit oleh ApK sampah ini,tolong lah yaa kalian giliran duit aja cepat tapi ngurus beginian gak bisa!.kalo bukan karna ni NPWP susah gen z cari kerja dinegara perisis kayak penjara ini sampah!.otak dipake!!.",0,3.0.6,Netral,1,serius kalian bikin aplikasi tapi masih alih keweb registrasi lama tidak urus npwp sampai lupa pw tapi sulit oleh aplikasi sampah tolong kalian gilir duit saja cepat tapi ngurus begini tidak kalo bukan karena ni npwp susah gen cari kerja negara isis kayak penjara sampah otak dipake,"['serius', 'kalian', 'bikin', 'aplikasi', 'tapi', 'masih', 'alih', 'keweb', 'registrasi', 'lama', 'tidak', 'urus', 'npwp', 'sampai', 'lupa', 'pw', 'tapi', 'sulit', 'oleh', 'aplikasi', 'sampah', 'tolong', 'kalian', 'gilir', 'duit', 'saja', 'cepat', 'tapi', 'ngurus', 'begini', 'tidak', 'kalo', 'bukan', 'karena', 'ni', 'npwp', 'susah', 'gen', 'cari', 'kerja', 'negara', 'isis', 'kayak', 'penjara', 'sampah', 'otak', 'dipake']"
Pengguna Google,3,2024-03-21 03:54:47,Saya gagal mendapatkan kode verifikasi lupa efin karena kode tidak dikirim ke email maupun sms.,0,1.4.0,Netral,1,gagal dapat kode verifikasi lupa efin karena kode tidak kirim email maupun sms,"['gagal', 'dapat', 'kode', 'verifikasi', 'lupa', 'efin', 'karena', 'kode', 'tidak', 'kirim', 'email', 'maupun', 'sms']"
Pengguna Google,3,2023-03-22 09:07:47,Coba dulu,0,unknown,Netral,1,coba dulu,"['coba', 'dulu']"
Pengguna Google,3,2023-01-19 09:30:59,Datang ke kantor Jumat SD jam4,0,unknown,Netral,1,datang kantor jumat sd jam,"['datang', 'kantor', 'jumat', 'sd', 'jam']"
Pengguna Google,3,2025-01-03 16:14:37,gmn cara buat spt tahunan?,0,2.0.2,Netral,1,bagaimana cara spt tahun,"['bagaimana', 'cara', 'spt', 'tahun']"
Pengguna Google,3,2022-11-23 22:38:40,Kenapa profil saya error,0,unknown,Netral,1,kenapa profil error,"['kenapa', 'profil', 'error']"
Pengguna Google,3,2024-06-25 09:49:11,Mau login tapi ga bisa karena ga memiliki kode efin. Sudah daftar tapi ga bisa login samsek. Jadi buat lapor pajak ga bisa.,0,unknown,Netral,1,mau login tapi tidak karena tidak milik kode efin daftar tapi tidak login samsek jadi lapor pajak tidak,"['mau', 'login', 'tapi', 'tidak', 'karena', 'tidak', 'milik', 'kode', 'efin', 'daftar', 'tapi', 'tidak', 'login', 'samsek', 'jadi', 'lapor', 'pajak', 'tidak']"
Pengguna Google,3,2023-01-19 09:30:59,Datang ke kantor Jumat SD jam4,0,unknown,Netral,1,datang kantor jumat sd jam,"['datang', 'kantor', 'jumat', 'sd', 'jam']"
Pengguna Google,3,2022-03-10 07:58:39,bagaimana cara untuk pelaporan bukti potongan pajak pph21 di aplikasi?,0,1.1.0,Netral,1,bagaimana cara lapor bukti potong pajak pph aplikasi,"['bagaimana', 'cara', 'lapor', 'bukti', 'potong', 'pajak', 'pph', 'aplikasi']"
Pengguna Google,3,2022-03-10 07:58:39,bagaimana cara untuk pelaporan bukti potongan pajak pph21 di aplikasi?,0,1.1.0,Netral,1,bagaimana cara lapor bukti potong pajak pph aplikasi,"['bagaimana', 'cara', 'lapor', 'bukti', 'potong', 'pajak', 'pph', 'aplikasi']"
Pengguna Google,3,2025-04-10 17:41:27,Ya Allah tolong donk.. kita juga ingin bayar pajak.. tapi error terus.baik dari aplikasi ini maupun website..,0,2.0.4,Netral,1,allah tolong donk ingin bayar pajak tapi error terus baik aplikasi maupun website,"['allah', 'tolong', 'donk', 'ingin', 'bayar', 'pajak', 'tapi', 'error', 'terus', 'baik', 'aplikasi', 'maupun', 'website']"
Pengguna Google,3,2023-04-29 18:12:52,Semoga bisa ditambahkan fitur e-SPT PPh 23. Agar ga pindah pindah aplikasi. Satu aplikasi untuk akses semuanya.,0,1.2.2,Netral,1,moga tambah fitur spt pph agar tidak pindah pindah aplikasi satu aplikasi akses semua,"['moga', 'tambah', 'fitur', 'spt', 'pph', 'agar', 'tidak', 'pindah', 'pindah', 'aplikasi', 'satu', 'aplikasi', 'akses', 'semua']"
Pengguna Google,3,2026-04-06 10:13:53,saya kasi tiga dulu karena blom tau aplikaainya ini mempermudah atau mempersulit,0,3.0.6,Netral,1,kasi tiga dulu karena belum tahu aplikaainya mudah sulit,"['kasi', 'tiga', 'dulu', 'karena', 'belum', 'tahu', 'aplikaainya', 'mudah', 'sulit']"
Pengguna Google,3,2025-02-28 14:43:33,"Kode otp untuk aktivasi efin yg di kirim ke email lama sekali masuknya, buang2 waktu aja.",0,2.0.3,Netral,1,kode otp aktivasi efin kirim email lama sekali masuk buang waktu saja,"['kode', 'otp', 'aktivasi', 'efin', 'kirim', 'email', 'lama', 'sekali', 'masuk', 'buang', 'waktu', 'saja']"
Pengguna Google,3,2025-06-05 11:47:07,"Ganti coretax donk, ini M-Pajak masih memisahkan NIK dg NPWP",0,unknown,Netral,1,ganti coretax donk pajak masih pisah nik npwp,"['ganti', 'coretax', 'donk', 'pajak', 'masih', 'pisah', 'nik', 'npwp']"
Pengguna Google,3,2023-01-26 20:01:31,"Selesai verifikasi, mau login kenapa username dan password salah. Padahal udah cek berkali kali tetap aja salah juga. Solusi nya tolong terimakasih.",3,1.1.0,Netral,1,selesai verifikasi mau login kenapa username password salah padahal cek kali kali tetap saja salah solusi tolong terimakasih,"['selesai', 'verifikasi', 'mau', 'login', 'kenapa', 'username', 'password', 'salah', 'padahal', 'cek', 'kali', 'kali', 'tetap', 'saja', 'salah', 'solusi', 'tolong', 'terimakasih']"
Stupendously Stupid,3,2021-09-30 21:19:17,Crash jika pencet Profil saya,1,1.0,Netral,1,crash jika pencet profil,"['crash', 'jika', 'pencet', 'profil']"
Pengguna Google,3,2024-10-21 12:20:16,Ini kenapa ga bsa login app nya,0,1.4.0,Netral,1,kenapa tidak login aplikasi,"['kenapa', 'tidak', 'login', 'aplikasi']"
Pengguna Google,3,2026-03-10 23:40:33,"teruntuk bagian pengembang, ini kurang bayaran, kurang skill, atau kurang tidur?",0,3.0.6,Netral,1,untuk bagi kembang kurang bayar kurang skill kurang tidur,"['untuk', 'bagi', 'kembang', 'kurang', 'bayar', 'kurang', 'skill', 'kurang', 'tidur']"
Pengguna Google,3,2022-03-27 22:37:17,Ujung2nya lapor online via web. 😄,0,unknown,Netral,1,ujung lapor online via web,"['ujung', 'lapor', 'online', 'via', 'web']"
Pengguna Google,3,2025-04-10 17:41:27,Ya Allah tolong donk.. kita juga ingin bayar pajak.. tapi error terus.baik dari aplikasi ini maupun website..,0,2.0.4,Netral,1,allah tolong donk ingin bayar pajak tapi error terus baik aplikasi maupun website,"['allah', 'tolong', 'donk', 'ingin', 'bayar', 'pajak', 'tapi', 'error', 'terus', 'baik', 'aplikasi', 'maupun', 'website']"
Pengguna Google,3,2025-02-08 12:26:04,Alangkah baiknya lapor SPT bisa diaplikasi ini juga,1,2.0.3,Netral,1,alangkah baik lapor spt aplikasi,"['alangkah', 'baik', 'lapor', 'spt', 'aplikasi']"
Pengguna Google,3,2022-06-09 07:14:25,"Tolong diperbaiki untuk menu pencatatan UMKM kode error 402 ini , percuma pake aplikasi ini kalau tidak berfungsi maksimal, kita kembali ke pencatatan manual.",15,1.1.0,Netral,1,tolong baik menu catat umkm kode error percuma pakai aplikasi tidak fungsi maksimal kembali catat manual,"['tolong', 'baik', 'menu', 'catat', 'umkm', 'kode', 'error', 'percuma', 'pakai', 'aplikasi', 'tidak', 'fungsi', 'maksimal', 'kembali', 'catat', 'manual']"
Pengguna Google,3,2025-01-04 14:02:11,Maaf tolong direspon kak untuk aduan saya,0,2.0.1,Netral,1,maaf tolong direspon kak adu,"['maaf', 'tolong', 'direspon', 'kak', 'adu']"
Pengguna Google,3,2025-03-17 20:49:16,"servenya terus bermasalah, tolong di perbaiki.",0,2.0.3,Netral,1,servenya terus masalah tolong baik,"['servenya', 'terus', 'masalah', 'tolong', 'baik']"
Pengguna Google,3,2024-01-12 08:34:11,"Assalamualaikum... Kalau mau ganti nomor kontak gimana caranya? Soalnya kode verifikasi efin ternyata dikirim ke nomor kontak yang lama, terima kasih.",0,1.2.5,Netral,1,assalamualaikum mau ganti nomor kontak bagaimana cara soal kode verifikasi efin nyata kirim nomor kontak lama terima kasih,"['assalamualaikum', 'mau', 'ganti', 'nomor', 'kontak', 'bagaimana', 'cara', 'soal', 'kode', 'verifikasi', 'efin', 'nyata', 'kirim', 'nomor', 'kontak', 'lama', 'terima', 'kasih']"
Pengguna Google,3,2022-01-04 12:26:50,untuk step 2 pas validasi data gk bisa ya?? Itu knp yaa??,1,1.1.0,Netral,1,step pas validasi data tidak kenapa,"['step', 'pas', 'validasi', 'data', 'tidak', 'kenapa']"
Pengguna Google,3,2023-12-20 08:42:15,"untuk masuk akun pakai NIK masih blm bisa, 1 digit terakhir nik tidak bisa masuk. Mohon segera perbaikannya, demi kenyamanan bersama. terimakasih",1,1.2.4,Netral,1,masuk akun pakai nik masih belum digit akhir nik tidak masuk mohon segera baik demi nyaman sama terimakasih,"['masuk', 'akun', 'pakai', 'nik', 'masih', 'belum', 'digit', 'akhir', 'nik', 'tidak', 'masuk', 'mohon', 'segera', 'baik', 'demi', 'nyaman', 'sama', 'terimakasih']"
Pengguna Google,3,2025-03-24 09:13:19,oke,0,2.0.2,Netral,1,oke,['oke']
share gideon panduwinata,3,2023-12-31 21:00:25,NIK atau NPWP tapi cuma bisa ngisi 15 digit doang... 🥲,0,1.2.4,Netral,1,nik npwp tapi cuma ngisi digit saja,"['nik', 'npwp', 'tapi', 'cuma', 'ngisi', 'digit', 'saja']"
Pengguna Google,3,2024-01-09 07:27:39,Itu login nya di perbaiki.. Ya tidak bisa masuk wong mau kasih masuk nomer NIK hilang satu angkanya. Mau diketik tambahin angka tidak bisa,63,1.2.5,Netral,1,login baik tidak masuk wong mau kasih masuk nomer nik hilang satu angka mau ketik tambahin angka tidak,"['login', 'baik', 'tidak', 'masuk', 'wong', 'mau', 'kasih', 'masuk', 'nomer', 'nik', 'hilang', 'satu', 'angka', 'mau', 'ketik', 'tambahin', 'angka', 'tidak']"
Pengguna Google,3,2021-12-13 21:07:49,Kenapa ya stiap saya masuk ke akun ga bs2 apa lg eror..,0,unknown,Netral,1,kenapa stiap masuk akun tidak apa lagi eror,"['kenapa', 'stiap', 'masuk', 'akun', 'tidak', 'apa', 'lagi', 'eror']"
Pengguna Google,3,2023-03-11 16:57:25,Lumayan membantu,0,1.1.0,Netral,1,lumayan bantu,"['lumayan', 'bantu']"
Pengguna Google,3,2026-04-30 13:47:48,"seharusnya dengan app ini, proses pelaporan jadi lebih mudah. Sangat disayangkan, belum bisa dioperasikan sebagaimana mestinya. Mohon diperbaiki 🙏",0,3.0.9,Netral,1,harus aplikasi proses lapor jadi mudah sangat sayang belum operasi bagaimana mesti mohon baik,"['harus', 'aplikasi', 'proses', 'lapor', 'jadi', 'mudah', 'sangat', 'sayang', 'belum', 'operasi', 'bagaimana', 'mesti', 'mohon', 'baik']"
Pengguna Google,3,2026-04-06 10:13:53,saya kasi tiga dulu karena blom tau aplikaainya ini mempermudah atau mempersulit,0,3.0.6,Netral,1,kasi tiga dulu karena belum tahu aplikaainya mudah sulit,"['kasi', 'tiga', 'dulu', 'karena', 'belum', 'tahu', 'aplikaainya', 'mudah', 'sulit']"
Pengguna Google,3,2022-10-30 10:23:45,"Saya ke bank BCA, dia minta NPWP saya ke bank Mandiri dia juga minta NPWP jadi saya tanya apa itu NPWP? Mereka jawab NPWP yg wajib membayar pajak Pk kalau bpk tidak memiliki NPWP bapak harus kekantor pajak. Oke saya ke kantor pajak sekali di kantor pajak pratama mereka malah bingung, bapak mau bajar pajak apa? Saya jawab saya juga tidak tau, sedangkan saya tidak punya rumah dan tanah pk, kendaraan saya juga tidak punya, jadi apa yg harus saya bayar pk yaa? Trimaksi",0,1.1.0,Netral,1,bank bca minta npwp bank mandiri minta npwp jadi tanya apa npwp jawab npwp wajib bayar pajak pakai bpk tidak milik npwp bapak harus kantor pajak oke kantor pajak sekali kantor pajak pratama malah bingung bapak mau bajar pajak apa jawab tidak tahu sedang tidak punya rumah tanah pakai kendara tidak punya jadi apa harus bayar pakai trimaksi,"['bank', 'bca', 'minta', 'npwp', 'bank', 'mandiri', 'minta', 'npwp', 'jadi', 'tanya', 'apa', 'npwp', 'jawab', 'npwp', 'wajib', 'bayar', 'pajak', 'pakai', 'bpk', 'tidak', 'milik', 'npwp', 'bapak', 'harus', 'kantor', 'pajak', 'oke', 'kantor', 'pajak', 'sekali', 'kantor', 'pajak', 'pratama', 'malah', 'bingung', 'bapak', 'mau', 'bajar', 'pajak', 'apa', 'jawab', 'tidak', 'tahu', 'sedang', 'tidak', 'punya', 'rumah', 'tanah', 'pakai', 'kendara', 'tidak', 'punya', 'jadi', 'apa', 'harus', 'bayar', 'pakai', 'trimaksi']"
Pengguna Google,3,2023-12-31 03:53:32,Ok,0,1.2.4,Netral,1,ok,['ok']
Pengguna Google,3,2025-06-23 02:21:37,Kok aplikasinya kek gini si.,0,unknown,Netral,1,kok aplikasi kek begini si,"['kok', 'aplikasi', 'kek', 'begini', 'si']"
Pengguna Google,3,2023-01-10 20:09:48,Sixal lelet,0,1.1.0,Netral,1,sixal lelet,"['sixal', 'lelet']"
Pengguna Google,3,2026-02-11 04:42:13,"daftar online lwt coretak alamat domisili sdh benar tp gagal trs, cm ngurangin pulsa sm kuota doank.",2,3.0.5,Netral,1,daftar online lwt coretak alamat domisili benar tapi gagal terus cm ngurangin pulsa sama kuota saja,"['daftar', 'online', 'lwt', 'coretak', 'alamat', 'domisili', 'benar', 'tapi', 'gagal', 'terus', 'cm', 'ngurangin', 'pulsa', 'sama', 'kuota', 'saja']"
Pengguna Google,3,2024-03-17 11:48:46,Untuk verifikasi akun email sudah bisa tapi mentok di OTP verifikasi ke nomor HP. Kesel padahal ini kita bayar dan taat pajak. Tolong developer nya yg serius ini kan masalh uang yang di bayarkan.,17,1.4.0,Netral,1,verifikasi akun email tapi mentok otp verifikasi nomor handphone kesel padahal bayar taat pajak tolong developer serius kan masalh uang bayar,"['verifikasi', 'akun', 'email', 'tapi', 'mentok', 'otp', 'verifikasi', 'nomor', 'handphone', 'kesel', 'padahal', 'bayar', 'taat', 'pajak', 'tolong', 'developer', 'serius', 'kan', 'masalh', 'uang', 'bayar']"
Pengguna Google,3,2025-02-26 17:22:03,Saya mau login tidak bisa Eror,0,2.0.3,Netral,1,mau login tidak eror,"['mau', 'login', 'tidak', 'eror']"
Pengguna Google,3,2023-04-05 12:10:13,"Ayolah dibikin biar gak logout mulu, setiap bulan mo bayar mesti login dulu",0,1.2.0,Netral,1,ayo bikin biar tidak logout mulu tiap bulan mau bayar mesti login dulu,"['ayo', 'bikin', 'biar', 'tidak', 'logout', 'mulu', 'tiap', 'bulan', 'mau', 'bayar', 'mesti', 'login', 'dulu']"
Pengguna Google,3,2021-10-13 23:11:55,"Dear Admin Developer, kenapa nama jalan & dusun di E-NPWP beda dengan NPWP yg didapatkan dari print di KPP Pratama ya?",0,1.0,Netral,1,dear admin developer kenapa nama jalan dusun npwp beda npwp dapat print kpp pratama,"['dear', 'admin', 'developer', 'kenapa', 'nama', 'jalan', 'dusun', 'npwp', 'beda', 'npwp', 'dapat', 'print', 'kpp', 'pratama']"
Pengguna Google,3,2025-01-03 16:14:37,gmn cara buat spt tahunan?,0,2.0.2,Netral,1,bagaimana cara spt tahun,"['bagaimana', 'cara', 'spt', 'tahun']"
Pengguna Google,3,2024-02-04 16:21:04,Ok,0,1.3.0,Netral,1,ok,['ok']
Pengguna Google,3,2025-01-31 11:12:23,"Di aplikasi saya, kenapa tombol efin nya tidak ada, yg muncul hanya tombol beranda dan bayar, mohon petunjuknya 🙏",1,2.0.3,Netral,1,aplikasi kenapa tombol efin tidak muncul hanya tombol beranda bayar mohon tunjuk,"['aplikasi', 'kenapa', 'tombol', 'efin', 'tidak', 'muncul', 'hanya', 'tombol', 'beranda', 'bayar', 'mohon', 'tunjuk']"
Pengguna Google,3,2024-02-04 16:21:04,Ok,0,1.3.0,Netral,1,ok,['ok']
Pengguna Google,3,2023-03-03 18:28:45,Susah login sudah ubah password tetep ga bisa masuk tolong dibantu,0,1.1.0,Netral,1,susah login ubah password tetep tidak masuk tolong bantu,"['susah', 'login', 'ubah', 'password', 'tetep', 'tidak', 'masuk', 'tolong', 'bantu']"
Pengguna Google,3,2022-06-09 07:14:25,"Tolong diperbaiki untuk menu pencatatan UMKM kode error 402 ini , percuma pake aplikasi ini kalau tidak berfungsi maksimal, kita kembali ke pencatatan manual.",15,1.1.0,Netral,1,tolong baik menu catat umkm kode error percuma pakai aplikasi tidak fungsi maksimal kembali catat manual,"['tolong', 'baik', 'menu', 'catat', 'umkm', 'kode', 'error', 'percuma', 'pakai', 'aplikasi', 'tidak', 'fungsi', 'maksimal', 'kembali', 'catat', 'manual']"
Pengguna Google,3,2022-09-20 19:04:13,Menyusahkan,0,1.1.0,Netral,1,susah,['susah']
Pengguna Google,3,2022-01-06 16:07:08,"Sudah login beberapa kali, tetap saja gak dapet kode Verifikasi yg dikirim via email",4,1.1.0,Netral,1,login beberapa kali tetap saja tidak dapet kode verifikasi kirim via email,"['login', 'beberapa', 'kali', 'tetap', 'saja', 'tidak', 'dapet', 'kode', 'verifikasi', 'kirim', 'via', 'email']"
Pengguna Google,3,2025-06-03 21:46:27,di perbaiki lagi,1,unknown,Netral,1,baik lagi,"['baik', 'lagi']"
Pengguna Google,3,2025-03-18 09:04:29,Verify nomer hp NPWP gak di kirim,0,unknown,Netral,1,verify nomer handphone npwp tidak kirim,"['verify', 'nomer', 'handphone', 'npwp', 'tidak', 'kirim']"
Pengguna Google,3,2026-03-07 19:33:58,sangat membantu memantau pajak hanya saja kurang saat penggunaannya,0,3.0.6,Netral,1,sangat bantu pantau pajak hanya saja kurang saat guna,"['sangat', 'bantu', 'pantau', 'pajak', 'hanya', 'saja', 'kurang', 'saat', 'guna']"
Pengguna Google,3,2022-03-28 17:03:19,Ok,0,1.1.0,Netral,1,ok,['ok']
Pengguna Google,3,2024-11-20 17:36:18,Saya kasih bintang 3 dlu,0,1.4.0,Netral,1,kasih bintang dlu,"['kasih', 'bintang', 'dlu']"
Dave Chen,3,2026-04-13 16:21:06,tidak bisa di update dan di buka,0,2.0.6,Netral,1,tidak update buka,"['tidak', 'update', 'buka']"
Pengguna Google,3,2024-03-24 23:33:02,Aplikasinya belom kompatibel buat tablet kah 😠,1,1.4.0,Netral,1,aplikasi bom kompatibel tablet kah,"['aplikasi', 'bom', 'kompatibel', 'tablet', 'kah']"
Pengguna Google,3,2025-06-05 11:47:07,"Ganti coretax donk, ini M-Pajak masih memisahkan NIK dg NPWP",0,unknown,Netral,1,ganti coretax donk pajak masih pisah nik npwp,"['ganti', 'coretax', 'donk', 'pajak', 'masih', 'pisah', 'nik', 'npwp']"
Pengguna Google,3,2024-12-20 19:39:49,"Kanapa ya pasa saya mau daftar efein malah ga bisa pas, pengiriman kode otp nya",0,2.0.0,Netral,1,kanapa pasa mau daftar efein malah tidak pas kirim kode otp,"['kanapa', 'pasa', 'mau', 'daftar', 'efein', 'malah', 'tidak', 'pas', 'kirim', 'kode', 'otp']"
Pengguna Google,3,2022-01-18 19:47:07,Akan lebih bagus lagi apabila bisa untuk lapor SPT tahunan,1,1.1.0,Netral,1,bagus lagi apabila lapor spt tahun,"['bagus', 'lagi', 'apabila', 'lapor', 'spt', 'tahun']"
Pengguna Google,3,2025-02-13 13:22:35,kasih 3 dlu ya,0,unknown,Netral,1,kasih dlu,"['kasih', 'dlu']"
Pengguna Google,3,2025-01-04 14:02:11,Maaf tolong direspon kak untuk aduan saya,0,2.0.1,Netral,1,maaf tolong direspon kak adu,"['maaf', 'tolong', 'direspon', 'kak', 'adu']"
Pengguna Google,3,2021-06-22 09:34:20,apakah pendaftaran NPWP bisa lewat online !,0,unknown,Netral,1,apakah daftar npwp lewat online,"['apakah', 'daftar', 'npwp', 'lewat', 'online']"
Pengguna Google,3,2023-02-09 12:51:57,Blm bisa login pkek NIK,0,unknown,Netral,1,belum login pkek nik,"['belum', 'login', 'pkek', 'nik']"
Pengguna Google,3,2025-06-05 11:47:07,"Ganti coretax donk, ini M-Pajak masih memisahkan NIK dg NPWP",0,unknown,Netral,1,ganti coretax donk pajak masih pisah nik npwp,"['ganti', 'coretax', 'donk', 'pajak', 'masih', 'pisah', 'nik', 'npwp']"
Pengguna Google,3,2025-06-05 11:47:07,"Ganti coretax donk, ini M-Pajak masih memisahkan NIK dg NPWP",0,unknown,Netral,1,ganti coretax donk pajak masih pisah nik npwp,"['ganti', 'coretax', 'donk', 'pajak', 'masih', 'pisah', 'nik', 'npwp']"
Pengguna Google,3,2023-11-23 00:58:13,"Sebaiknya baiknya alat adalah yang di buat dengan penuh kebaikan "" jika tidak ada kemudahan di dalam nya seperti membalikkan telapak tangan "" dari atas ke bawah "" untuk apa di luncurkan "" perbaikilah semua fungsi nya Agar hidup penuh kebahagiaan "" jangan di sembunyikan kebenaran jika sudah mengetahui Karena Allah hanya menyukai kebenaran tertinggi diseluruh alam semesta ini.",1,1.2.4,Netral,1,baik baik alat penuh baik jika tidak mudah dalam seperti balik telapak tangan atas bawah apa luncur baik semua fungsi agar hidup penuh bahagia jangan sembunyi benar jika tahu karena allah hanya suka benar tinggi seluruh alam semesta,"['baik', 'baik', 'alat', 'penuh', 'baik', 'jika', 'tidak', 'mudah', 'dalam', 'seperti', 'balik', 'telapak', 'tangan', 'atas', 'bawah', 'apa', 'luncur', 'baik', 'semua', 'fungsi', 'agar', 'hidup', 'penuh', 'bahagia', 'jangan', 'sembunyi', 'benar', 'jika', 'tahu', 'karena', 'allah', 'hanya', 'suka', 'benar', 'tinggi', 'seluruh', 'alam', 'semesta']"
Pengguna Google,3,2025-02-16 09:34:51,"Maaf Min, ini kenapa tahunnya jadi mundur. Saya bikin kode billing dengan tahun 2025 tidak bisa. Lalu saya coba 2024, kode billing bisa muncul. Mau saya bayar pajaknya, tapi saya ragu. Padahal ini sudah tahun 2025. Untuk aplikasi, ini mudah dan simpel untuk digunakan, lalu kode billing bisa disalin. Tidak seperti di website. Yah intinya sudah bagus.",4,2.0.3,Netral,1,maaf min kenapa tahun jadi mundur bikin kode billing tahun tidak lalu coba kode billing muncul mau bayar pajak tapi ragu padahal tahun aplikasi mudah simpel guna lalu kode billing salin tidak seperti website inti bagus,"['maaf', 'min', 'kenapa', 'tahun', 'jadi', 'mundur', 'bikin', 'kode', 'billing', 'tahun', 'tidak', 'lalu', 'coba', 'kode', 'billing', 'muncul', 'mau', 'bayar', 'pajak', 'tapi', 'ragu', 'padahal', 'tahun', 'aplikasi', 'mudah', 'simpel', 'guna', 'lalu', 'kode', 'billing', 'salin', 'tidak', 'seperti', 'website', 'inti', 'bagus']"
Pengguna Google,3,2024-04-15 22:55:56,"Aplikasi selalu force close saat ingin mengetahui EFIN, pada saat swa foto. Tolong diperbaiki",2,1.4.0,Netral,1,aplikasi selalu force close saat ingin tahu efin saat swa foto tolong baik,"['aplikasi', 'selalu', 'force', 'close', 'saat', 'ingin', 'tahu', 'efin', 'saat', 'swa', 'foto', 'tolong', 'baik']"
Pengguna Google,3,2025-05-12 08:59:53,"Tolong di perbarui untuk pengajuan EFIN. Karena NPWP sekarang 16 digit, sedangkan di aplikasi masih 15 digit. Terimakasih",0,2.0.4,Netral,1,tolong baru aju efin karena npwp sekarang digit sedang aplikasi masih digit terimakasih,"['tolong', 'baru', 'aju', 'efin', 'karena', 'npwp', 'sekarang', 'digit', 'sedang', 'aplikasi', 'masih', 'digit', 'terimakasih']"
adel aten,3,2025-01-03 11:01:25,"Stuck Di ""Selanjutnya""",0,2.0.2,Netral,1,stuck lanjut,"['stuck', 'lanjut']"
Pengguna Google,3,2024-09-22 23:26:55,"Pas Nunggu Kode OTP nya emng GK lama,TPI GK tauu knp pas mau klik daptarr salahh Mulu,Mau daptar juga Mlah nglag. mohon lebih diperbaiki lgi",1,1.4.0,Netral,1,pas nunggu kode otp emng tidak lama tapi tidak tauu kenapa pas mau klik daptarr salahh mulu mau daptar mlah nglag mohon baik lagi,"['pas', 'nunggu', 'kode', 'otp', 'emng', 'tidak', 'lama', 'tapi', 'tidak', 'tauu', 'kenapa', 'pas', 'mau', 'klik', 'daptarr', 'salahh', 'mulu', 'mau', 'daptar', 'mlah', 'nglag', 'mohon', 'baik', 'lagi']"
Pengguna Google,3,2023-03-23 11:35:40,Kasian semoga amanah lagi,0,unknown,Netral,1,kasi moga amanah lagi,"['kasi', 'moga', 'amanah', 'lagi']"
Pengguna Google,3,2024-03-02 23:02:20,Kaga bisa lapor SPT padahal kalo bisa lapor SPT mah lumayan bagus nih app,0,1.3.0,Netral,1,tidak lapor spt padahal kalo lapor spt mah lumayan bagus aplikasi,"['tidak', 'lapor', 'spt', 'padahal', 'kalo', 'lapor', 'spt', 'mah', 'lumayan', 'bagus', 'aplikasi']"
adel aten,3,2025-01-03 11:01:25,"Stuck Di ""Selanjutnya""",0,2.0.2,Netral,1,stuck lanjut,"['stuck', 'lanjut']"
Pengguna Google,3,2023-03-22 09:07:47,Coba dulu,0,unknown,Netral,1,coba dulu,"['coba', 'dulu']"
Pengguna Google,3,2023-06-07 20:13:18,Lumayan 👍,0,unknown,Netral,1,lumayan,['lumayan']
Pengguna Google,3,2025-06-23 02:21:37,Kok aplikasinya kek gini si.,0,unknown,Netral,1,kok aplikasi kek begini si,"['kok', 'aplikasi', 'kek', 'begini', 'si']"
adel aten,3,2025-01-03 11:01:25,"Stuck Di ""Selanjutnya""",0,2.0.2,Netral,1,stuck lanjut,"['stuck', 'lanjut']"
Pengguna Google,3,2023-06-07 20:13:18,Lumayan 👍,0,unknown,Netral,1,lumayan,['lumayan']
Pengguna Google,3,2023-10-06 22:07:47,Kenapa sih tiap buka aplikasi sll aza kluar lg sndr n tulisannya eror.. Tolong donk diperbaharui agar lbh nyaman pake nya Klo udah bagus saya tambahin ya Bintangnya.. Makasih,0,1.2.3,Netral,1,kenapa tiap buka aplikasi sll aza kluar lagi sndr tulis eror tolong donk baharu agar lbh nyaman pakai klo bagus tambahin bintang terima kasih,"['kenapa', 'tiap', 'buka', 'aplikasi', 'sll', 'aza', 'kluar', 'lagi', 'sndr', 'tulis', 'eror', 'tolong', 'donk', 'baharu', 'agar', 'lbh', 'nyaman', 'pakai', 'klo', 'bagus', 'tambahin', 'bintang', 'terima', 'kasih']"
Pengguna Google,3,2026-04-18 17:59:15,kami setiap thn sllu aktik bayar pajak,0,3.0.6,Netral,1,tiap thn selalu aktik bayar pajak,"['tiap', 'thn', 'selalu', 'aktik', 'bayar', 'pajak']"
Pengguna Google,3,2023-12-31 03:53:32,Ok,0,1.2.4,Netral,1,ok,['ok']
S. A. Kong,3,2023-03-10 13:19:38,"Masukan: - (01) tambahan security & privacy, dgn cara setiap kali buka app, harus login dgn biometrik. Optional, bisa dinonaktifkan, terserah pengguna. Byk aplikasi perbankan yg sudah seperti ini. - (02) fitur history atau data spt tahunan tahun sebelumnya yg pernah dilaporkan, bisa dilihat kembali oleh pengguna. Jadi supaya lebih komplit app nya, jgn setengah2, hanya data profil, fungsi bayar, map, dan berita saja isi aplikasinya. - Jd pengguna hanya ke website bila darurat saja (app down).",0,1.1.0,Netral,1,masuk tambah security privacy cara tiap kali buka aplikasi harus login biometrik optional nonaktif serah guna banyak aplikasi perban seperti fitur history data spt tahun tahun belum pernah lapor lihat kembali oleh guna jadi supaya komplit aplikasi jgn tengah hanya data profil fungsi bayar map berita saja isi aplikasi jadi guna hanya website bila darurat saja aplikasi down,"['masuk', 'tambah', 'security', 'privacy', 'cara', 'tiap', 'kali', 'buka', 'aplikasi', 'harus', 'login', 'biometrik', 'optional', 'nonaktif', 'serah', 'guna', 'banyak', 'aplikasi', 'perban', 'seperti', 'fitur', 'history', 'data', 'spt', 'tahun', 'tahun', 'belum', 'pernah', 'lapor', 'lihat', 'kembali', 'oleh', 'guna', 'jadi', 'supaya', 'komplit', 'aplikasi', 'jgn', 'tengah', 'hanya', 'data', 'profil', 'fungsi', 'bayar', 'map', 'berita', 'saja', 'isi', 'aplikasi', 'jadi', 'guna', 'hanya', 'website', 'bila', 'darurat', 'saja', 'aplikasi', 'down']"
Diah Agustinah,3,2022-01-12 10:47:41,"Ini dari kemarin mau masuk gak bisa, verifykasi dikirim ke email tapi saya cek semua kotak masuk gak ada email masuk",2,1.1.0,Netral,1,kemarin mau masuk tidak verifykasi kirim email tapi cek semua kotak masuk tidak email masuk,"['kemarin', 'mau', 'masuk', 'tidak', 'verifykasi', 'kirim', 'email', 'tapi', 'cek', 'semua', 'kotak', 'masuk', 'tidak', 'email', 'masuk']"
Pengguna Google,3,2022-05-09 15:07:39,Allahu akbar....,0,unknown,Netral,1,allahu akbar,"['allahu', 'akbar']"
Pengguna Google,3,2023-01-10 20:09:48,Sixal lelet,0,1.1.0,Netral,1,sixal lelet,"['sixal', 'lelet']"
Pengguna Google,3,2025-01-04 14:02:11,Maaf tolong direspon kak untuk aduan saya,0,2.0.1,Netral,1,maaf tolong direspon kak adu,"['maaf', 'tolong', 'direspon', 'kak', 'adu']"
Pengguna Google,3,2022-03-08 16:44:46,Kadang ada kendala saat membuka aplikasi. Lama tidak muncul,1,1.1.0,Netral,1,kadang kendala saat buka aplikasi lama tidak muncul,"['kadang', 'kendala', 'saat', 'buka', 'aplikasi', 'lama', 'tidak', 'muncul']"
Pengguna Google,3,2025-02-02 21:54:46,Buat daftar NPWP aja susah minta ampun,0,2.0.3,Netral,1,daftar npwp saja susah minta ampun,"['daftar', 'npwp', 'saja', 'susah', 'minta', 'ampun']"
Pengguna Google,3,2022-01-04 12:26:50,untuk step 2 pas validasi data gk bisa ya?? Itu knp yaa??,1,1.1.0,Netral,1,step pas validasi data tidak kenapa,"['step', 'pas', 'validasi', 'data', 'tidak', 'kenapa']"
Pengguna Google,3,2022-06-03 13:44:15,"Mantap malah lebih bagus app dari pada pake web, makasi banyak ya djp",0,1.1.0,Netral,1,mantap malah bagus aplikasi pakai web makas banyak djp,"['mantap', 'malah', 'bagus', 'aplikasi', 'pakai', 'web', 'makas', 'banyak', 'djp']"
Pengguna Google,3,2025-01-19 13:28:14,SygSyg r b asal Barbados rt rrrrd,0,2.0.2,Netral,1,sygsyg asal barbados rt rrrrd,"['sygsyg', 'asal', 'barbados', 'rt', 'rrrrd']"
Pengguna Google,3,2023-08-17 20:21:02,"Sangat membantu,cukup dari rumah sudah selesai. Cuma saat registrasi tetep harus dipandu google",0,1.2.3,Netral,1,sangat bantu cukup rumah selesai cuma saat registrasi tetep harus pandu google,"['sangat', 'bantu', 'cukup', 'rumah', 'selesai', 'cuma', 'saat', 'registrasi', 'tetep', 'harus', 'pandu', 'google']"
Pengguna Google,5,2022-03-12 15:35:24,👍,0,1.0,Positif,2,,[]
Pengguna Google,5,2023-07-04 17:44:19,Sangat membantu,0,1.2.3,Positif,2,sangat bantu,"['sangat', 'bantu']"
Pengguna Google,5,2021-06-07 13:29:14,Mantap. Very helpfull👍,0,1.0,Positif,2,mantap very helpfull,"['mantap', 'very', 'helpfull']"
Pengguna Google,5,2022-03-11 07:37:53,Mantap app nya,3,1.1.0,Positif,2,mantap aplikasi,"['mantap', 'aplikasi']"
Pengguna Google,5,2022-04-07 19:18:55,Sangat membantu,0,1.1.0,Positif,2,sangat bantu,"['sangat', 'bantu']"
Pengguna Google,5,2022-08-22 13:01:33,Ok,0,unknown,Positif,2,ok,['ok']
Pengguna Google,5,2026-02-06 23:31:34,aplikasi yg sangat membantu utk mendaftar djp online,6,3.0.3,Positif,2,aplikasi sangat bantu daftar djp online,"['aplikasi', 'sangat', 'bantu', 'daftar', 'djp', 'online']"
Pengguna Google,5,2025-01-14 12:27:47,Ok,1,unknown,Positif,2,ok,['ok']
Pengguna Google,5,2021-10-26 07:54:51,Mantap,0,1.0,Positif,2,mantap,['mantap']
Pengguna Google,5,2025-03-25 13:12:30,sangat membantu,0,2.0.3,Positif,2,sangat bantu,"['sangat', 'bantu']"
Pengguna Google,5,2026-02-23 09:23:45,ok,0,3.0.3,Positif,2,ok,['ok']
Grocentis Deodatus Moa Maro,5,2021-06-28 10:57:10,aplikasinya bagus. semoga akan segera dilengkapi dengan fitur download pdf dari kode biling. beberapa instansi di wilayah kerja kami perlu melampirkannya sebagai bukti pembayaran pajak bersama Struk dari bank atau kantor pos :),1,1.0,Positif,2,aplikasi bagus moga segera lengkap fitur download pdf kode biling beberapa instansi wilayah kerja perlu lampir bagai bukti bayar pajak sama struk bank kantor pos,"['aplikasi', 'bagus', 'moga', 'segera', 'lengkap', 'fitur', 'download', 'pdf', 'kode', 'biling', 'beberapa', 'instansi', 'wilayah', 'kerja', 'perlu', 'lampir', 'bagai', 'bukti', 'bayar', 'pajak', 'sama', 'struk', 'bank', 'kantor', 'pos']"
Pengguna Google,4,2022-03-16 10:13:49,Susah amat di hubugi dari pagi sampai 4/5jam masi sibuk terus chat juga sibuk terus,0,1.1.0,Positif,2,susah amat hubugi pagi sampai jam masih sibuk terus chat sibuk terus,"['susah', 'amat', 'hubugi', 'pagi', 'sampai', 'jam', 'masih', 'sibuk', 'terus', 'chat', 'sibuk', 'terus']"
Pengguna Google,5,2023-05-27 08:31:51,Josssssss,0,unknown,Positif,2,josssssss,['josssssss']
Pengguna Google,5,2026-02-03 09:55:51,baik,0,2.0.6,Positif,2,baik,['baik']
jungkat junkyu,5,2025-03-27 09:36:02,"Aplikasinya sangat membantu untuk mendapatkan efin, tidak sampai 5 menit prosesnya sudah selesai",0,2.0.4,Positif,2,aplikasi sangat bantu dapat efin tidak sampai menit proses selesai,"['aplikasi', 'sangat', 'bantu', 'dapat', 'efin', 'tidak', 'sampai', 'menit', 'proses', 'selesai']"
Pengguna Google,5,2024-01-19 11:53:23,Bantu buka ka,0,1.2.5,Positif,2,bantu buka ka,"['bantu', 'buka', 'ka']"
Pengguna Google,5,2025-03-19 02:03:31,selalu ok,0,unknown,Positif,2,selalu ok,"['selalu', 'ok']"
Pengguna Google,4,2023-11-23 10:36:16,Semoga mempermudah,0,1.2.4,Positif,2,moga mudah,"['moga', 'mudah']"
Pengguna Google,4,2025-02-28 14:10:18,Bagus membantu,0,2.0.3,Positif,2,bagus bantu,"['bagus', 'bantu']"
Pengguna Google,5,2021-12-14 11:29:08,bagus,0,unknown,Positif,2,bagus,['bagus']
Pengguna Google,5,2023-03-02 17:23:14,Sebagai warga yang baik taat pajak,0,1.1.0,Positif,2,bagai warga baik taat pajak,"['bagai', 'warga', 'baik', 'taat', 'pajak']"
Pengguna Google,4,2025-05-10 12:52:04,bagus,0,unknown,Positif,2,bagus,['bagus']
Pengguna Google,5,2022-01-11 14:10:15,I like,0,1.0,Positif,2,like,['like']
Pengguna Google,5,2025-01-17 09:56:20,Sangat bagus dan membantu,0,unknown,Positif,2,sangat bagus bantu,"['sangat', 'bagus', 'bantu']"
Agus ziad,4,2025-01-30 11:21:53,Baik,0,1.4.0,Positif,2,baik,['baik']
Pengguna Google,5,2026-04-10 12:44:42,mantap,0,3.0.6,Positif,2,mantap,['mantap']
Pengguna Google,5,2025-06-15 07:47:19,sangat baik..,0,2.0.4,Positif,2,sangat baik,"['sangat', 'baik']"
Pengguna Google,5,2024-02-04 16:46:54,Mantap,0,1.2.5,Positif,2,mantap,['mantap']
Pengguna Google,5,2023-07-12 10:18:23,Tertib pajak,0,1.2.3,Positif,2,tertib pajak,"['tertib', 'pajak']"
Pengguna Google,5,2025-01-07 06:47:54,membantu,0,unknown,Positif,2,bantu,['bantu']
Pengguna Google,5,2022-04-29 15:37:03,Ok,0,1.1.0,Positif,2,ok,['ok']
Pengguna Google,5,2024-12-03 17:40:05,Goood,0,1.4.0,Positif,2,goood,['goood']
Pengguna Google,5,2024-03-03 21:16:21,Oke Bagus,0,1.3.0,Positif,2,oke bagus,"['oke', 'bagus']"
Pengguna Google,5,2023-02-07 19:04:56,"Appsnya ga bisa simpen history pembayaran mandiri UMKM yg bulanan itu... Mungkin appsnya ini bisa di upgrade bisa untuk bayar langsung tiap bulan itu dan saat laporan SPT tahunan itu datangnya ngeLink, sehingga kami tinggal update harta dan sedikit lainnya... Sehingga UMKM yg baru merintis dan yg ingin mencoba berwirausaha tidak merasa susah untuk melapor... Tolong yaa tuan Dirjen pajak 🙏🙏",20,1.1.0,Positif,2,appsnya tidak simpen history bayar mandiri umkm bulan mungkin appsnya upgrade bayar langsung tiap bulan saat lapor spt tahun datang ngelink sehingga tinggal update harta sedikit lain sehingga umkm baru rintis ingin coba berwirausaha tidak rasa susah lapor tolong tuan dirjen pajak,"['appsnya', 'tidak', 'simpen', 'history', 'bayar', 'mandiri', 'umkm', 'bulan', 'mungkin', 'appsnya', 'upgrade', 'bayar', 'langsung', 'tiap', 'bulan', 'saat', 'lapor', 'spt', 'tahun', 'datang', 'ngelink', 'sehingga', 'tinggal', 'update', 'harta', 'sedikit', 'lain', 'sehingga', 'umkm', 'baru', 'rintis', 'ingin', 'coba', 'berwirausaha', 'tidak', 'rasa', 'susah', 'lapor', 'tolong', 'tuan', 'dirjen', 'pajak']"
Pengguna Google,5,2025-10-09 11:15:53,ok,0,unknown,Positif,2,ok,['ok']
Pengguna Google,5,2023-03-01 23:34:39,Makasih,0,1.1.0,Positif,2,terima kasih,"['terima', 'kasih']"
Pengguna Google,5,2024-03-07 09:47:48,sangat terbantukan,0,1.4.0,Positif,2,sangat bantu,"['sangat', 'bantu']"
Pengguna Google,5,2023-03-01 23:34:39,Makasih,0,1.1.0,Positif,2,terima kasih,"['terima', 'kasih']"
Pengguna Google,5,2024-08-12 11:33:50,Ok,0,1.4.0,Positif,2,ok,['ok']
Pengguna Google,5,2021-07-21 17:57:53,"Bagus banget. sudah lama saya memimpikan aplikasi android dr pajak. buat billingnya pun cuma sekali tekan, tdk perlu capca jg. Saran : 1. Kode billing bs didownload dalam bentuk pdf atau gambar. 2. Ada menu transaksi favorit. Agar tdk bingung pembayaran yg sama tiap bulannya(umkm) 3. Ada semacam virtual asistent kayak samsung. Wah pasti banyak yg bakal download. Mungkin si Viska dr e-learning bs tuh. 4. Kode billing yg sdh dibuat bisa dilihat kembali, jd tdk perlu bikin lagi. Tetap semangat....",211,1.0,Positif,2,bagus sangat lama mimpi aplikasi android pajak billingnya pun cuma sekali tekan tidak perlu capca saran kode billing didownload dalam bentuk pdf gambar menu transaksi favorit agar tidak bingung bayar sama tiap bulan umkm macam virtual asistent kayak samsung wah pasti banyak bakal download mungkin si viska learning tuh kode billing buat lihat kembali jadi tidak perlu bikin lagi tetap semangat,"['bagus', 'sangat', 'lama', 'mimpi', 'aplikasi', 'android', 'pajak', 'billingnya', 'pun', 'cuma', 'sekali', 'tekan', 'tidak', 'perlu', 'capca', 'saran', 'kode', 'billing', 'didownload', 'dalam', 'bentuk', 'pdf', 'gambar', 'menu', 'transaksi', 'favorit', 'agar', 'tidak', 'bingung', 'bayar', 'sama', 'tiap', 'bulan', 'umkm', 'macam', 'virtual', 'asistent', 'kayak', 'samsung', 'wah', 'pasti', 'banyak', 'bakal', 'download', 'mungkin', 'si', 'viska', 'learning', 'tuh', 'kode', 'billing', 'buat', 'lihat', 'kembali', 'jadi', 'tidak', 'perlu', 'bikin', 'lagi', 'tetap', 'semangat']"
Pengguna Google,5,2023-10-02 11:30:53,Sangat membantu,0,1.2.3,Positif,2,sangat bantu,"['sangat', 'bantu']"
Pengguna Google,5,2022-02-12 09:30:33,cepat,0,1.1.0,Positif,2,cepat,['cepat']
Pengguna Google,5,2024-03-31 14:25:04,Sering kembali ke menu asal padahal sudah mengisi data begitu banyak,0,unknown,Positif,2,sering kembali menu asal padahal isi data begitu banyak,"['sering', 'kembali', 'menu', 'asal', 'padahal', 'isi', 'data', 'begitu', 'banyak']"
Pengguna Google,5,2026-04-10 18:51:06,mantap,0,unknown,Positif,2,mantap,['mantap']
Pengguna Google,5,2023-09-10 14:29:00,Mantp,0,1.2.3,Positif,2,mantp,['mantp']
Pengguna Google,5,2025-12-02 17:06:58,ok,0,2.0.6,Positif,2,ok,['ok']
Pengguna Google,5,2021-06-07 12:10:04,Semoga mempermudah dalam melaksanakan kewajiban perpajakan,0,1.0,Positif,2,moga mudah dalam laksana wajib paja,"['moga', 'mudah', 'dalam', 'laksana', 'wajib', 'paja']"
Pengguna Google,5,2025-02-28 09:34:56,"Pa bisa ga, kalau maun minta nomor efin nya lewat email aja ? Kalau mesti datang ke kantor pajaknya, kayaknya ngabisin waktu, tenaga, dan biaya",0,2.0.3,Positif,2,pa tidak maun minta nomor efin lewat email saja mesti datang kantor pajak kayak ngabisin waktu tenaga biaya,"['pa', 'tidak', 'maun', 'minta', 'nomor', 'efin', 'lewat', 'email', 'saja', 'mesti', 'datang', 'kantor', 'pajak', 'kayak', 'ngabisin', 'waktu', 'tenaga', 'biaya']"
Pengguna Google,4,2024-06-02 19:03:41,Akalau ngak bagia hapus lagi bos,0,unknown,Positif,2,akalau ngak bagia hapus lagi bos,"['akalau', 'ngak', 'bagia', 'hapus', 'lagi', 'bos']"
Pengguna Google,5,2025-03-27 17:54:41,mantap,0,2.0.3,Positif,2,mantap,['mantap']
Pengguna Google,5,2026-04-20 19:47:10,ok,0,unknown,Positif,2,ok,['ok']
Pengguna Google,5,2025-07-03 10:44:46,mudah di gunakan,0,2.0.4,Positif,2,mudah guna,"['mudah', 'guna']"
Pengguna Google,5,2024-01-11 01:10:19,Sangat membantu sekali,0,unknown,Positif,2,sangat bantu sekali,"['sangat', 'bantu', 'sekali']"
Mujahid Al Fikri,5,2023-03-29 09:28:23,Ga jelas,0,unknown,Positif,2,tidak jelas,"['tidak', 'jelas']"
Pengguna Google,4,2024-08-09 09:48:28,Cek ok,0,1.4.0,Positif,2,cek ok,"['cek', 'ok']"
Pengguna Google,5,2023-04-10 04:03:20,Belum ada pengalaman,0,1.2.2,Positif,2,belum alam,"['belum', 'alam']"
Halus Angga,4,2023-09-01 14:27:39,Good,1,1.2.3,Positif,2,good,['good']
Pengguna Google,5,2026-02-20 15:19:55,ok,0,unknown,Positif,2,ok,['ok']
Bambang Setiyawan,5,2021-11-28 20:06:09,i love it so much,3,1.0,Positif,2,love it so much,"['love', 'it', 'so', 'much']"
Pengguna Google,5,2023-03-02 17:23:14,Sebagai warga yang baik taat pajak,0,1.1.0,Positif,2,bagai warga baik taat pajak,"['bagai', 'warga', 'baik', 'taat', 'pajak']"
Pengguna Google,5,2024-12-06 15:03:05,Sangat bagus,0,unknown,Positif,2,sangat bagus,"['sangat', 'bagus']"
Pengguna Google,5,2024-01-11 07:49:23,"Buat yang kemarin kemarin kecewa sama aplikasi ini, sekarang sudah beda ya, sat set cepat dan mudah sekali dalam penggunaan nya, mantap djp dan tim IT nya",2,1.2.5,Positif,2,kemarin kemarin kecewa sama aplikasi sekarang beda sat set cepat mudah sekali dalam guna mantap djp tim it,"['kemarin', 'kemarin', 'kecewa', 'sama', 'aplikasi', 'sekarang', 'beda', 'sat', 'set', 'cepat', 'mudah', 'sekali', 'dalam', 'guna', 'mantap', 'djp', 'tim', 'it']"
Pengguna Google,5,2026-04-06 14:06:42,bagus,0,3.0.6,Positif,2,bagus,['bagus']
Pengguna Google,5,2025-09-13 20:24:55,GOOD,0,2.0.4,Positif,2,good,['good']
Pengguna Google,5,2022-03-28 15:14:21,Baik,0,1.1.0,Positif,2,baik,['baik']
swaso wijaya,4,2021-06-07 09:06:19,"Tim ui ux kalo desain jgn lupa perhatiin tim programmer ya kalo bikin animasi2 ux, tim ui tolong button2 cta dihighlight biar mengurangi cognitive load. Itu dulu aja",34,1.0,Positif,2,tim ui ux kalo desain jgn lupa perhatiin tim programmer kalo bikin animasi ux tim ui tolong button cta dihighlight biar kurang cognitive load dulu saja,"['tim', 'ui', 'ux', 'kalo', 'desain', 'jgn', 'lupa', 'perhatiin', 'tim', 'programmer', 'kalo', 'bikin', 'animasi', 'ux', 'tim', 'ui', 'tolong', 'button', 'cta', 'dihighlight', 'biar', 'kurang', 'cognitive', 'load', 'dulu', 'saja']"
Pengguna Google,5,2022-09-30 23:40:28,Good,1,unknown,Positif,2,good,['good']
Pengguna Google,5,2022-10-10 19:47:43,Mantap Bisa membantu,0,unknown,Positif,2,mantap bantu,"['mantap', 'bantu']"
Siti Sarah Solihat,5,2021-06-06 16:53:45,Very great..user friendly,43,1.0,Positif,2,very great user friendly,"['very', 'great', 'user', 'friendly']"
Pengguna Google,5,2024-08-08 09:53:13,Bermanfaat,0,1.4.0,Positif,2,manfaat,['manfaat']
Pengguna Google,5,2022-03-11 07:40:05,Good job Terimakasih DJP,0,1.1.0,Positif,2,good job terimakasih djp,"['good', 'job', 'terimakasih', 'djp']"
Pengguna Google,5,2024-03-01 03:45:10,Memudahkan dalam lapor pajak,0,1.3.0,Positif,2,mudah dalam lapor pajak,"['mudah', 'dalam', 'lapor', 'pajak']"
Pengguna Google,5,2025-02-19 19:04:03,Cepat dan mudah,0,unknown,Positif,2,cepat mudah,"['cepat', 'mudah']"
Pengguna Google,4,2024-02-16 12:48:45,Mengingat kan akan wajib pajak bagi setiap warga negara,0,1.3.0,Positif,2,ingat kan wajib pajak bagi tiap warga negara,"['ingat', 'kan', 'wajib', 'pajak', 'bagi', 'tiap', 'warga', 'negara']"
Pengguna Google,5,2025-12-15 04:14:51,sangat membantu aplikasi dapat ini,0,2.0.6,Positif,2,sangat bantu aplikasi dapat,"['sangat', 'bantu', 'aplikasi', 'dapat']"
Pengguna Google,5,2025-09-18 17:02:41,Ok,0,2.0.6,Positif,2,ok,['ok']
Pengguna Google,5,2023-01-06 21:48:28,Ok,0,1.1.0,Positif,2,ok,['ok']
Pengguna Google,5,2025-05-18 19:39:29,sangat bagus memudahkan,0,unknown,Positif,2,sangat bagus mudah,"['sangat', 'bagus', 'mudah']"
Pengguna Google,5,2023-11-13 11:12:31,Top,0,unknown,Positif,2,top,['top']
Pengguna Google,5,2021-06-07 13:29:14,Mantap. Very helpfull👍,0,1.0,Positif,2,mantap very helpfull,"['mantap', 'very', 'helpfull']"
Pengguna Google,5,2025-01-18 06:11:32,Okk,0,unknown,Positif,2,okk,['okk']
Pengguna Google,5,2021-07-06 20:57:13,is good,0,unknown,Positif,2,is good,"['is', 'good']"
Pengguna Google,5,2022-11-02 12:35:15,Good,0,1.1.0,Positif,2,good,['good']
Pengguna Google,4,2025-04-15 19:42:24,sangat membantu,0,unknown,Positif,2,sangat bantu,"['sangat', 'bantu']"
Pengguna Google,5,2024-02-21 19:58:10,Masi blajar sih lapor pke aplikasi... Semoga bisa ya tahun ini🥰,0,1.3.0,Positif,2,masih blajar lapor pakai aplikasi moga tahun,"['masih', 'blajar', 'lapor', 'pakai', 'aplikasi', 'moga', 'tahun']"
Pengguna Google,5,2025-03-21 21:34:22,bagus sekali bisa membantu pekerjaan meskipun tidak bawa laptop,0,2.0.3,Positif,2,bagus sekali bantu kerja meski tidak bawa laptop,"['bagus', 'sekali', 'bantu', 'kerja', 'meski', 'tidak', 'bawa', 'laptop']"
Pengguna Google,5,2023-05-10 11:08:33,Mantap cuman belum lengkap,0,unknown,Positif,2,mantap cuman belum lengkap,"['mantap', 'cuman', 'belum', 'lengkap']"
Pengguna Google,5,2022-05-18 22:26:55,Ok,0,1.1.0,Positif,2,ok,['ok']
Pengguna Google,5,2023-12-13 09:26:50,Luar biasa,0,1.2.3,Positif,2,luar biasa,"['luar', 'biasa']"
Pengguna Google,5,2025-08-16 07:09:08,ok,0,2.0.4,Positif,2,ok,['ok']
Pengguna Google,5,2024-01-23 10:14:00,Bagus sangat Bermànpaat,0,unknown,Positif,2,bagus sangat berm npaat,"['bagus', 'sangat', 'berm', 'npaat']"
Pengguna Google,5,2025-10-12 12:57:27,sangat bagus maksih yh,0,2.0.5,Positif,2,sangat bagus maksih yh,"['sangat', 'bagus', 'maksih', 'yh']"
Pengguna Google,5,2025-03-04 15:28:23,Oke udah bisa minta efin Kalo mau minta kode verifikasi lewat sms aja cepet kalo email nunggu lama gak masuk masuk,0,2.0.3,Positif,2,oke minta efin kalo mau minta kode verifikasi lewat sms saja cepet kalo email nunggu lama tidak masuk masuk,"['oke', 'minta', 'efin', 'kalo', 'mau', 'minta', 'kode', 'verifikasi', 'lewat', 'sms', 'saja', 'cepet', 'kalo', 'email', 'nunggu', 'lama', 'tidak', 'masuk', 'masuk']"
Pengguna Google,5,2024-12-23 21:09:47,Aplikasi yang sangat bagus,0,2.0.0,Positif,2,aplikasi sangat bagus,"['aplikasi', 'sangat', 'bagus']"
Pengguna Google,5,2022-06-13 23:46:48,Keren banget Bermanfaat bagi bangsa,0,1.0,Positif,2,keren sangat manfaat bagi bangsa,"['keren', 'sangat', 'manfaat', 'bagi', 'bangsa']"
Pengguna Google,5,2022-01-15 13:52:05,Alhamdulillah,0,1.0,Positif,2,alhamdulillah,['alhamdulillah']
Pengguna Google,5,2026-04-20 11:20:12,baik,0,unknown,Positif,2,baik,['baik']
Pengguna Google,5,2026-03-09 06:46:28,baik,0,2.0.6,Positif,2,baik,['baik']
Pengguna Google,5,2024-11-20 07:00:01,Ok,0,unknown,Positif,2,ok,['ok']
fajri data,5,2023-04-05 01:37:37,Membantu,0,1.2.1,Positif,2,bantu,['bantu']
Pengguna Google,5,2022-02-13 18:48:51,Saya sangat puas menggunakan aplikasi Pajak ini. Thank you,0,1.0,Positif,2,sangat puas guna aplikasi pajak thank you,"['sangat', 'puas', 'guna', 'aplikasi', 'pajak', 'thank', 'you']"
Pengguna Google,5,2024-03-30 15:45:39,Sangat Membantu aplikasi ini,0,1.4.0,Positif,2,sangat bantu aplikasi,"['sangat', 'bantu', 'aplikasi']"
Pengguna Google,5,2022-04-20 10:16:49,Okay,0,1.1.0,Positif,2,okay,['okay']
Pengguna Google,5,2022-02-04 19:43:50,Bagus,0,1.0,Positif,2,bagus,['bagus']
Pengguna Google,5,2024-06-17 21:04:39,Mantap,0,1.4.0,Positif,2,mantap,['mantap']
Pengguna Google,5,2025-02-26 12:49:17,Ok... Sip,0,unknown,Positif,2,ok sip,"['ok', 'sip']"
Pengguna Google,5,2025-02-13 11:42:48,Sangat bagus,0,1.4.0,Positif,2,sangat bagus,"['sangat', 'bagus']"
Pengguna Google,5,2025-04-20 16:53:23,sebagai warga negara yang baik kita harus lapor pajak tahunan ...😊,0,2.0.4,Positif,2,bagai warga negara baik harus lapor pajak tahun,"['bagai', 'warga', 'negara', 'baik', 'harus', 'lapor', 'pajak', 'tahun']"
Pengguna Google,5,2025-03-04 22:21:34,"Terima Kasih intinya harus sabar, saya nunggu seharian penuh trial eror terus sampai berhasil dari pagi sampai malam alhamdulillah jam 22.21 baru nerhasil mendapatkan efin.",0,2.0.3,Positif,2,terima kasih inti harus sabar nunggu hari penuh trial eror terus sampai hasil pagi sampai malam alhamdulillah jam baru nerhasil dapat efin,"['terima', 'kasih', 'inti', 'harus', 'sabar', 'nunggu', 'hari', 'penuh', 'trial', 'eror', 'terus', 'sampai', 'hasil', 'pagi', 'sampai', 'malam', 'alhamdulillah', 'jam', 'baru', 'nerhasil', 'dapat', 'efin']"
Pengguna Google,5,2025-08-02 07:33:08,ok banget,0,2.0.4,Positif,2,ok sangat,"['ok', 'sangat']"
Pengguna Google,5,2022-10-24 08:48:35,Ntaps,0,unknown,Positif,2,ntaps,['ntaps']
Pengguna Google,5,2026-04-02 19:28:21,bagus,0,2.0.6,Positif,2,bagus,['bagus']
Pengguna Google,5,2022-07-19 08:58:12,Payah kali ngurus pajak online,0,1.1.0,Positif,2,payah kali ngurus pajak online,"['payah', 'kali', 'ngurus', 'pajak', 'online']"
Pengguna Google,5,2026-01-15 17:00:46,"KODE HANDPHONE BUAT VERIFIKASI NYA G MUNCUL"" HERAN DARI JAM 11 SAMPE JAM 17 DI TUNGGUIN UDAH BRP KALI COBA G MUNCUL"" #HERAN PADAHAL HARI JAM KERJA",0,2.0.6,Positif,2,kode handphone verifikasi tidak muncul heran jam sampe jam tungguin brp kali coba tidak muncul padahal hari jam kerja,"['kode', 'handphone', 'verifikasi', 'tidak', 'muncul', 'heran', 'jam', 'sampe', 'jam', 'tungguin', 'brp', 'kali', 'coba', 'tidak', 'muncul', 'padahal', 'hari', 'jam', 'kerja']"
Pengguna Google,5,2025-09-18 18:21:14,okebaik,0,unknown,Positif,2,okebaik,['okebaik']
Pengguna Google,5,2024-01-09 11:21:26,"Gagal mengirim data, padahal data sudah benar, tolong di perbaiki lagi",0,unknown,Positif,2,gagal kirim data padahal data benar tolong baik lagi,"['gagal', 'kirim', 'data', 'padahal', 'data', 'benar', 'tolong', 'baik', 'lagi']"
Pengguna Google,5,2023-03-25 14:09:26,Ok nyaman,0,unknown,Positif,2,ok nyaman,"['ok', 'nyaman']"
Pengguna Google,4,2022-07-10 21:24:05,Mau tanya ... Gimana caranya login jika saja hanya email dan password nya saja yang masih bisa di ingat,1,1.1.0,Positif,2,mau tanya bagaimana cara login jika saja hanya email password saja masih ingat,"['mau', 'tanya', 'bagaimana', 'cara', 'login', 'jika', 'saja', 'hanya', 'email', 'password', 'saja', 'masih', 'ingat']"
Pengguna Google,5,2022-05-27 18:13:18,Belum mencoba masih dipelajari,0,unknown,Positif,2,belum coba masih ajar,"['belum', 'coba', 'masih', 'ajar']"
Pengguna Google,5,2024-12-14 09:14:41,"Sangat membatu untuk pembayaran pajak ,tampah datang kekantor ya",9,2.0.0,Positif,2,sangat batu bayar pajak tampah datang kantor,"['sangat', 'batu', 'bayar', 'pajak', 'tampah', 'datang', 'kantor']"
Pengguna Google,5,2025-02-18 20:42:16,Alhamdulillah aplikasi ini sangat membantu bgt tidak sampai 5menit sudah dapet efin,0,2.0.3,Positif,2,alhamdulillah aplikasi sangat bantu sangat tidak sampai menit dapet efin,"['alhamdulillah', 'aplikasi', 'sangat', 'bantu', 'sangat', 'tidak', 'sampai', 'menit', 'dapet', 'efin']"
Pengguna Google,5,2023-11-23 13:44:01,Terimakasih sangat membantu program pemerintah,0,1.2.4,Positif,2,terimakasih sangat bantu program perintah,"['terimakasih', 'sangat', 'bantu', 'program', 'perintah']"
Pengguna Google,5,2026-02-12 12:33:38,"masih kurang optimal sih, harus ditingkatkan lagi",24,3.0.6,Positif,2,masih kurang optimal harus tingkat lagi,"['masih', 'kurang', 'optimal', 'harus', 'tingkat', 'lagi']"
Pengguna Google,5,2024-03-08 09:21:23,Mantep.....lgsg dpt efin,0,1.4.0,Positif,2,mantep lgsg dapat efin,"['mantep', 'lgsg', 'dapat', 'efin']"
Pengguna Google,5,2024-02-17 09:05:44,Mantab!!,0,1.2.5,Positif,2,mantab,['mantab']
Pengguna Google,5,2023-02-23 11:39:08,Oke,0,unknown,Positif,2,oke,['oke']
Pengguna Google,5,2024-05-20 18:49:33,Aplikasi informatif dan mudah dipahami,0,unknown,Positif,2,aplikasi informatif mudah paham,"['aplikasi', 'informatif', 'mudah', 'paham']"
Pengguna Google,5,2024-04-01 21:06:27,sangat bermanfaat,0,1.3.0,Positif,2,sangat manfaat,"['sangat', 'manfaat']"
Pengguna Google,5,2022-09-21 11:57:34,Baik,0,unknown,Positif,2,baik,['baik']
Pengguna Google,5,2021-10-05 05:26:57,Bagus mudah,0,unknown,Positif,2,bagus mudah,"['bagus', 'mudah']"
Pengguna Google,5,2024-12-14 09:14:41,"Sangat membatu untuk pembayaran pajak ,tampah datang kekantor ya",9,2.0.0,Positif,2,sangat batu bayar pajak tampah datang kantor,"['sangat', 'batu', 'bayar', 'pajak', 'tampah', 'datang', 'kantor']"
Pengguna Google,5,2024-01-20 11:15:14,Ok mantap,0,unknown,Positif,2,ok mantap,"['ok', 'mantap']"
Pengguna Google,5,2025-02-21 17:48:58,Pajak masuk negara kuat,0,unknown,Positif,2,pajak masuk negara kuat,"['pajak', 'masuk', 'negara', 'kuat']"
Pengguna Google,5,2023-06-13 15:44:34,ok,0,unknown,Positif,2,ok,['ok']
Pengguna Google,5,2023-12-11 09:50:35,Sangat bermanfaat,0,1.2.4,Positif,2,sangat manfaat,"['sangat', 'manfaat']"
Pengguna Google,4,2025-02-26 10:21:06,Lemot sekarang login nya,0,2.0.3,Positif,2,lot sekarang login,"['lot', 'sekarang', 'login']"
Pengguna Google,5,2025-09-12 21:06:59,sangat mudah di akses,0,2.0.6,Positif,2,sangat mudah akses,"['sangat', 'mudah', 'akses']"
Pengguna Google,5,2022-09-05 08:54:55,Server kurang baik,0,1.1.0,Positif,2,server kurang baik,"['server', 'kurang', 'baik']"
Pengguna Google,5,2023-04-22 06:08:15,Sangat baik,0,unknown,Positif,2,sangat baik,"['sangat', 'baik']"
Pengguna Google,5,2023-07-01 10:26:13,Mantap x pun,0,unknown,Positif,2,mantap pun,"['mantap', 'pun']"
Pengguna Google,5,2024-02-06 11:53:08,Keren,0,unknown,Positif,2,keren,['keren']
Pengguna Google,5,2021-07-25 13:18:35,aGus suparru republik,0,unknown,Positif,2,agus suparru republik,"['agus', 'suparru', 'republik']"
Pengguna Google,5,2024-08-09 14:25:09,"Alhamdulillah lewat aplikasi ini, sy sudah dapat NPWP dengar mudah dan juga no efin serta kartunya... Terima kasih atas bantuan dan pelayanannya🙏🙏🙏",0,1.4.0,Positif,2,alhamdulillah lewat aplikasi sy dapat npwp dengar mudah nomor efin serta kartu terima kasih atas bantu layan,"['alhamdulillah', 'lewat', 'aplikasi', 'sy', 'dapat', 'npwp', 'dengar', 'mudah', 'nomor', 'efin', 'serta', 'kartu', 'terima', 'kasih', 'atas', 'bantu', 'layan']"
Pengguna Google,5,2022-10-13 00:28:03,Tingkatkan terus,0,1.1.0,Positif,2,tingkat terus,"['tingkat', 'terus']"
Pengguna Google,5,2026-02-13 15:38:52,propesional,0,2.0.6,Positif,2,propesional,['propesional']
Pengguna Google,5,2024-12-27 09:00:29,"Sebelumnya punya masalah di aplikasi ini. Per tgl 27 Desember appsnya sudah diperbaharui.. yang sebelumnya punya masalah di verifikasi, skrg sudah bisa. Boleh di coba lagi.",37,2.0.1,Positif,2,belum punya masalah aplikasi per tgl desember appsnya baharu belum punya masalah verifikasi sekarang boleh coba lagi,"['belum', 'punya', 'masalah', 'aplikasi', 'per', 'tgl', 'desember', 'appsnya', 'baharu', 'belum', 'punya', 'masalah', 'verifikasi', 'sekarang', 'boleh', 'coba', 'lagi']"
Ragil Alex,5,2021-06-04 20:15:46,Keren.. Patut ditingkatkan lagi untuk fitur-fitur lainnya seperti e-Filing 1770SS setidaknya,11,1.0,Positif,2,keren patut tingkat lagi fitur fitur lain seperti filing ss tidak,"['keren', 'patut', 'tingkat', 'lagi', 'fitur', 'fitur', 'lain', 'seperti', 'filing', 'ss', 'tidak']"
Pengguna Google,5,2025-08-02 07:33:08,ok banget,0,2.0.4,Positif,2,ok sangat,"['ok', 'sangat']"
Pengguna Google,5,2024-02-02 17:45:17,Ok,0,1.2.5,Positif,2,ok,['ok']
Pengguna Google,5,2022-01-05 16:52:19,Oke,0,1.0,Positif,2,oke,['oke']
Pengguna Google,5,2024-10-02 13:57:36,"bagus banget appl nya sampe"" aq ga percaya bahwa applikasi ini ada terimakasih",0,1.4.0,Positif,2,bagus sangat appl sampe aq tidak percaya bahwa applikasi terimakasih,"['bagus', 'sangat', 'appl', 'sampe', 'aq', 'tidak', 'percaya', 'bahwa', 'applikasi', 'terimakasih']"
Pengguna Google,5,2022-07-05 00:37:44,Top,0,1.1.0,Positif,2,top,['top']
Pengguna Google,5,2024-11-15 00:28:27,Proses masuk nya suguh sungguh harus paham dan harus mengerti di pelajari yang benar dan teliti Alhamdulillah akhirnya bisa masuk menjadi pengguna baru NPWP terimakasih atas bantuannya para suhu2 yg sudah me ngasih Tao caranya sukses selalu buat kalian yg blum bisa masuk,0,1.4.0,Positif,2,proses masuk suguh sungguh harus paham harus erti ajar benar teliti alhamdulillah akhir masuk jadi guna baru npwp terimakasih atas bantu para suhu me ngasih tao cara sukses selalu kalian belum masuk,"['proses', 'masuk', 'suguh', 'sungguh', 'harus', 'paham', 'harus', 'erti', 'ajar', 'benar', 'teliti', 'alhamdulillah', 'akhir', 'masuk', 'jadi', 'guna', 'baru', 'npwp', 'terimakasih', 'atas', 'bantu', 'para', 'suhu', 'me', 'ngasih', 'tao', 'cara', 'sukses', 'selalu', 'kalian', 'belum', 'masuk']"
Pengguna Google,4,2022-01-13 19:19:02,Siip keres,1,1.0,Positif,2,siip keres,"['siip', 'keres']"
Pengguna Google,5,2021-07-22 19:33:20,Mantap kali ini😍😍😍,0,1.0,Positif,2,mantap kali,"['mantap', 'kali']"
Pengguna Google,5,2022-03-24 17:49:45,di pelajarin dulu,0,1.1.0,Positif,2,pelajarin dulu,"['pelajarin', 'dulu']"
Pengguna Google,5,2024-07-18 11:28:46,Error kalau buat log in...,0,1.4.0,Positif,2,error log in,"['error', 'log', 'in']"
Pengguna Google,5,2024-03-09 07:41:35,Mantap betul penjelasannya,0,1.4.0,Positif,2,mantap betul jelas,"['mantap', 'betul', 'jelas']"
Pengguna Google,5,2024-08-30 21:05:20,Sangat Membantu,0,unknown,Positif,2,sangat bantu,"['sangat', 'bantu']"
Pengguna Google,5,2022-11-20 20:27:35,Aplikasi sangat baik,0,1.1.0,Positif,2,aplikasi sangat baik,"['aplikasi', 'sangat', 'baik']"
Pengguna Google,4,2024-03-31 20:47:25,Aplikasi sampah,0,1.4.0,Positif,2,aplikasi sampah,"['aplikasi', 'sampah']"
Pengguna Google,5,2023-12-10 10:39:52,Mohon arahan min...sy setelah mengisi kolom lupa efin..setelah mau verifikasi kodenya kok terkirim ke nomer sy yg lama tidak aktip..bagaimana cara merubah nomer hp untuk mendapatkan kode verifikasi ke nomer yg skrg masih terpakai,0,1.2.4,Positif,2,mohon arah min sy telah isi kolom lupa efin telah mau verifikasi kode kok kirim nomer sy lama tidak aktip bagaimana cara rubah nomer handphone dapat kode verifikasi nomer sekarang masih pakai,"['mohon', 'arah', 'min', 'sy', 'telah', 'isi', 'kolom', 'lupa', 'efin', 'telah', 'mau', 'verifikasi', 'kode', 'kok', 'kirim', 'nomer', 'sy', 'lama', 'tidak', 'aktip', 'bagaimana', 'cara', 'rubah', 'nomer', 'handphone', 'dapat', 'kode', 'verifikasi', 'nomer', 'sekarang', 'masih', 'pakai']"
Pengguna Google,5,2022-07-19 08:58:12,Payah kali ngurus pajak online,0,1.1.0,Positif,2,payah kali ngurus pajak online,"['payah', 'kali', 'ngurus', 'pajak', 'online']"
Halus Angga,4,2023-09-01 14:27:39,Good,1,1.2.3,Positif,2,good,['good']
Adi Wicaksono,5,2024-03-07 10:11:23,lanjutkan,0,1.4.0,Positif,2,lanjut,['lanjut']
Candra Wirman,5,2023-03-16 12:06:02,Good,0,1.1.0,Positif,2,good,['good']
Pengguna Google,5,2021-09-03 23:30:37,Ok,0,unknown,Positif,2,ok,['ok']
Pengguna Google,5,2025-10-09 11:15:53,ok,0,unknown,Positif,2,ok,['ok']
Pengguna Google,4,2021-09-20 10:12:00,"Sayang banget cuma utk buat e billing saja, utk lapor spt tdk bs",0,1.0,Positif,2,sayang sangat cuma billing saja lapor spt tidak,"['sayang', 'sangat', 'cuma', 'billing', 'saja', 'lapor', 'spt', 'tidak']"
Coffee Instan,5,2021-06-07 12:49:09,Untuk peluncuran pertam sudah bagus sekali. Semoga makin ditingkatkan fitur fiturnya di pembaruan aplikasi berikutnya,1,unknown,Positif,2,luncur tam bagus sekali moga makin tingkat fitur fiturnya baru aplikasi ikut,"['luncur', 'tam', 'bagus', 'sekali', 'moga', 'makin', 'tingkat', 'fitur', 'fiturnya', 'baru', 'aplikasi', 'ikut']"
CV. Kirei Na Yuki,5,2021-06-11 21:28:12,Good,1,1.0,Positif,2,good,['good']
Pengguna Google,5,2021-06-05 22:06:01,Semoga kedepannya fitur yang disediakan semakin banyak,0,1.0,Positif,2,moga depan fitur sedia makin banyak,"['moga', 'depan', 'fitur', 'sedia', 'makin', 'banyak']"
Pengguna Google,5,2024-04-13 23:36:34,kadang lemot,0,1.4.0,Positif,2,kadang lot,"['kadang', 'lot']"
Pengguna Google,5,2024-04-22 01:53:49,Sangat bagus,0,1.4.0,Positif,2,sangat bagus,"['sangat', 'bagus']"
Pengguna Google,5,2023-02-09 21:30:12,Sangat membantu 👃👃,0,1.1.0,Positif,2,sangat bantu,"['sangat', 'bantu']"
Pengguna Google,4,2021-06-15 14:47:55,"Kalo memungkinkan, ada menu antri utk konsultasi langsung di kpp, pengganti aplikasi kunjung pajak, terima kasih",3,1.0,Positif,2,kalo mungkin menu antri konsultasi langsung kpp ganti aplikasi kunjung pajak terima kasih,"['kalo', 'mungkin', 'menu', 'antri', 'konsultasi', 'langsung', 'kpp', 'ganti', 'aplikasi', 'kunjung', 'pajak', 'terima', 'kasih']"
Enjang Ruslan Kamaludin,5,2022-02-01 22:44:43,"Tidak bisa login, kode verifikasi gak masuk"" ke email, akan tetapi pakai web masih bisa login... Kenapa ya",1,1.1.0,Positif,2,tidak login kode verifikasi tidak masuk email tetapi pakai web masih login kenapa,"['tidak', 'login', 'kode', 'verifikasi', 'tidak', 'masuk', 'email', 'tetapi', 'pakai', 'web', 'masih', 'login', 'kenapa']"
Pengguna Google,5,2024-02-24 10:29:35,Ok,0,1.3.0,Positif,2,ok,['ok']
Pengguna Google,5,2024-03-30 14:50:49,The best,0,1.4.0,Positif,2,the best,"['the', 'best']"
Pengguna Google,5,2025-03-27 10:43:54,ok,0,2.0.4,Positif,2,ok,['ok']
Pengguna Google,4,2021-09-20 10:12:00,"Sayang banget cuma utk buat e billing saja, utk lapor spt tdk bs",0,1.0,Positif,2,sayang sangat cuma billing saja lapor spt tidak,"['sayang', 'sangat', 'cuma', 'billing', 'saja', 'lapor', 'spt', 'tidak']"
Pengguna Google,5,2021-08-18 10:30:18,Lebih mudah buat ebilling pajak,1,1.0,Positif,2,mudah ebilling pajak,"['mudah', 'ebilling', 'pajak']"
Pengguna Google,5,2024-03-08 09:21:23,Mantep.....lgsg dpt efin,0,1.4.0,Positif,2,mantep lgsg dapat efin,"['mantep', 'lgsg', 'dapat', 'efin']"
Pengguna Google,5,2024-03-22 22:22:47,"Aplikasinya udah bener lagi sekarang, sebelumnya EFIN ga masuk, tapi sekarang udah ada perbaikan",1,1.4.0,Positif,2,aplikasi bener lagi sekarang belum efin tidak masuk tapi sekarang baik,"['aplikasi', 'bener', 'lagi', 'sekarang', 'belum', 'efin', 'tidak', 'masuk', 'tapi', 'sekarang', 'baik']"
Ade Dewi Hastuti,5,2021-06-23 14:24:44,"Saya rasa lebih bermanfaat kalau di buat DJP online versi Mobile platform. Atau perbaiki 'ereg' nya. Atau diintegrasikan dengan aplikasi m pajak ini. Supaya Jangan tanggung semua buat fasilitas. Sayang2 biayanya. Dan sangat buang2 waktu pindah dari ereg.pajak.go.id ke website, ke DJP online dan ke m pajak. Be more efficient and effective. One door one application for all purpose. Be reasonable and responsible. You're using the people's money. So you should use it wisely. Please.",665,1.0,Positif,2,rasa manfaat djp online versi mobile platform baik ereg integrasi aplikasi pajak supaya jangan tanggung semua fasilitas sayang biaya sangat buang waktu pindah ereg pajak go id website djp online pajak be more efficient and effective one door one application for all purpose be reasonable and responsible you re using the people money so you should use it wisely tolong,"['rasa', 'manfaat', 'djp', 'online', 'versi', 'mobile', 'platform', 'baik', 'ereg', 'integrasi', 'aplikasi', 'pajak', 'supaya', 'jangan', 'tanggung', 'semua', 'fasilitas', 'sayang', 'biaya', 'sangat', 'buang', 'waktu', 'pindah', 'ereg', 'pajak', 'go', 'id', 'website', 'djp', 'online', 'pajak', 'be', 'more', 'efficient', 'and', 'effective', 'one', 'door', 'one', 'application', 'for', 'all', 'purpose', 'be', 'reasonable', 'and', 'responsible', 'you', 're', 'using', 'the', 'people', 'money', 'so', 'you', 'should', 'use', 'it', 'wisely', 'tolong']"
Pengguna Google,5,2021-08-23 02:09:32,Bagus sekali,1,1.0,Positif,2,bagus sekali,"['bagus', 'sekali']"
Pengguna Google,5,2022-03-07 09:51:45,Sangat bagus dan memuaskan,0,1.1.0,Positif,2,sangat bagus muas,"['sangat', 'bagus', 'muas']"
Pengguna Google,5,2025-01-30 09:33:53,"Terimakasih sangat amat membantu, lupa efin diaplikasi ini hanya membutuhkan waktu beberapa menit, efin langsung masuk email..",2,2.0.3,Positif,2,terimakasih sangat amat bantu lupa efin aplikasi hanya butuh waktu beberapa menit efin langsung masuk email,"['terimakasih', 'sangat', 'amat', 'bantu', 'lupa', 'efin', 'aplikasi', 'hanya', 'butuh', 'waktu', 'beberapa', 'menit', 'efin', 'langsung', 'masuk', 'email']"
Pengguna Google,5,2024-08-09 14:25:09,"Alhamdulillah lewat aplikasi ini, sy sudah dapat NPWP dengar mudah dan juga no efin serta kartunya... Terima kasih atas bantuan dan pelayanannya🙏🙏🙏",0,1.4.0,Positif,2,alhamdulillah lewat aplikasi sy dapat npwp dengar mudah nomor efin serta kartu terima kasih atas bantu layan,"['alhamdulillah', 'lewat', 'aplikasi', 'sy', 'dapat', 'npwp', 'dengar', 'mudah', 'nomor', 'efin', 'serta', 'kartu', 'terima', 'kasih', 'atas', 'bantu', 'layan']"
Pengguna Google,5,2021-06-07 19:45:38,Top,0,1.0,Positif,2,top,['top']
Zahirrudin Azwar,5,2021-06-07 12:33:45,"UI nya ciamik, teduh dilihat mata. Good job👍",1,unknown,Positif,2,ui ciamik teduh lihat mata good job,"['ui', 'ciamik', 'teduh', 'lihat', 'mata', 'good', 'job']"
Kurnia Prabudi,5,2021-06-07 09:14:44,"Bagus sekali dan sangat membantu.. Masukan saja, untuk alamat kantor terkait SMO reorganisasi DJP sepertinya belum seluruhnya diupdate,, mungkin bisa dicek kembali.. Terimakasih DJP.. Mantaap",1,1.0,Positif,2,bagus sekali sangat bantu masuk saja alamat kantor kait smo reorganisasi djp seperti belum seluruh diupdate mungkin cek kembali terimakasih djp mantaap,"['bagus', 'sekali', 'sangat', 'bantu', 'masuk', 'saja', 'alamat', 'kantor', 'kait', 'smo', 'reorganisasi', 'djp', 'seperti', 'belum', 'seluruh', 'diupdate', 'mungkin', 'cek', 'kembali', 'terimakasih', 'djp', 'mantaap']"
Pengguna Google,5,2022-03-07 09:51:45,Sangat bagus dan memuaskan,0,1.1.0,Positif,2,sangat bagus muas,"['sangat', 'bagus', 'muas']"
Pengguna Google,5,2023-03-08 19:24:40,Bagus,0,1.1.0,Positif,2,bagus,['bagus']
Pengguna Google,5,2022-03-28 15:14:21,Baik,0,1.1.0,Positif,2,baik,['baik']
Pengguna Google,5,2024-03-04 11:01:38,Sangat bagus 👍👍👍👍👍👍👍👍,0,1.3.0,Positif,2,sangat bagus,"['sangat', 'bagus']"
Pengguna Google,5,2026-02-10 09:35:12,keren,0,3.0.4,Positif,2,keren,['keren']
Pengguna Google,4,2026-04-30 16:04:51,bagus,0,unknown,Positif,2,bagus,['bagus']
Pengguna Google,5,2024-04-02 12:54:38,Ok,0,1.4.0,Positif,2,ok,['ok']
Pengguna Google,5,2025-08-14 14:20:11,mantab,0,1.4.0,Positif,2,mantab,['mantab']
Pengguna Google,5,2023-07-13 09:24:55,Sangat mbantu,0,unknown,Positif,2,sangat mbantu,"['sangat', 'mbantu']"
Pengguna Google,4,2021-09-20 10:12:00,"Sayang banget cuma utk buat e billing saja, utk lapor spt tdk bs",0,1.0,Positif,2,sayang sangat cuma billing saja lapor spt tidak,"['sayang', 'sangat', 'cuma', 'billing', 'saja', 'lapor', 'spt', 'tidak']"
