user_name,rating,date,review_text,likes,app_version,word_count,char_count,year_month,is_duplicate,sentiment,year,sentiment_encoded,review_clean,review_tokens
Pengguna Google,1,2024-03-16 05:41:57,Apk layanan publik yg sangat burik,0,1.4.0,6,34,2024-03,False,Negatif,2024,0,aplikasi layan publik burik,"['aplikasi', 'layan', 'publik', 'burik']"
Pengguna Google,5,2024-02-16 14:46:08,Suka,0,1.3.0,1,4,2024-02,False,Positif,2024,2,suka,['suka']
Pengguna Google,1,2026-01-10 22:47:50,gajelas,0,2.0.6,1,7,2026-01,True,Negatif,2026,0,gajelas,['gajelas']
Pengguna Google,5,2025-03-10 07:42:42,Cocok banget.......,0,2.0.3,2,19,2025-03,False,Positif,2025,2,cocok,['cocok']
Pengguna Google,5,2026-01-07 00:16:27,Terbaik,0,2.0.6,1,7,2026-01,True,Positif,2026,2,baik,['baik']
Pengguna Google,1,2024-11-03 15:27:29,Kebanyakan chapcha,0,unknown,2,18,2024-11,False,Negatif,2024,0,banyak chapcha,"['banyak', 'chapcha']"
Pengguna Google,5,2025-02-13 12:33:08,Mantap. Sangat berguna.,0,2.0.3,3,23,2025-02,False,Positif,2025,2,mantap guna,"['mantap', 'guna']"
Pengguna Google,1,2025-05-07 22:01:37,"Ribetnya buat NPWP, nggak usah bayar pajak, toh penghasilanku di bawah batas PTKP",0,unknown,13,81,2025-05,False,Negatif,2025,0,ribetnya npwp tidak bayar pajak hasil batas ptkp,"['ribetnya', 'npwp', 'tidak', 'bayar', 'pajak', 'hasil', 'batas', 'ptkp']"
Agung Pratama Putra,4,2024-01-29 15:26:45,Tidak menerima kode verifikasi setelah login. Semua email sudah dicek termasuk di bagian spam,2,1.2.5,14,93,2024-01,False,Positif,2024,2,tidak terima kode verifikasi login email cek spam,"['tidak', 'terima', 'kode', 'verifikasi', 'login', 'email', 'cek', 'spam']"
Pengguna Google,5,2025-08-23 18:10:46,ok,0,2.0.5,1,2,2025-08,True,Positif,2025,2,ok,['ok']
Pengguna Google,1,2025-10-06 14:27:37,aplikasi bodoh baru klik live chat langsung koneksi terputus ribet ga jelas abisin anggaran negara aja mau bayar pajak ribetnya naudzubillah ujung2nya dikorupsi,1,2.0.6,23,160,2025-10,False,Negatif,2025,0,aplikasi bodoh klik live chat langsung koneksi putus ribet tidak abisin anggar negara bayar pajak ribetnya naudzubillah ujung korupsi,"['aplikasi', 'bodoh', 'klik', 'live', 'chat', 'langsung', 'koneksi', 'putus', 'ribet', 'tidak', 'abisin', 'anggar', 'negara', 'bayar', 'pajak', 'ribetnya', 'naudzubillah', 'ujung', 'korupsi']"
Pengguna Google,5,2024-06-02 20:09:51,Disiplin membayar pajak cermin budaya bangsa yang hebat,0,1.4.0,8,55,2024-06,False,Positif,2024,2,disiplin bayar pajak cermin budaya bangsa hebat,"['disiplin', 'bayar', 'pajak', 'cermin', 'budaya', 'bangsa', 'hebat']"
Pengguna Google,5,2026-04-13 12:13:48,sangat membatu para karyawan untuk simpanan di masa pra kerja,0,3.0.6,10,61,2026-04,False,Positif,2026,2,batu karyawan simpan pra kerja,"['batu', 'karyawan', 'simpan', 'pra', 'kerja']"
Pengguna Google,5,2025-06-16 13:45:16,mantaaaap,0,2.0.4,1,9,2025-06,False,Positif,2025,2,mantaaaap,['mantaaaap']
Pengguna Google,1,2024-03-07 14:59:06,1: dulu,0,unknown,2,7,2024-03,False,Negatif,2024,0,,[]
Pengguna Google,5,2025-01-22 08:42:31,Bagus' 👍,0,2.0.3,2,8,2025-01,False,Positif,2025,2,bagus,['bagus']
Pengguna Google,1,2026-02-15 08:19:22,Jangan di download pusing sendiri,0,3.0.6,5,33,2026-02,False,Negatif,2026,0,jangan download pusing,"['jangan', 'download', 'pusing']"
Pengguna Google,1,2024-06-27 08:53:52,"Aplikasi bermasalah, gak beres udah ganti jaringan paket data ke wifi tetap aja, mana gak bisa masuk katanya sandi salah dll. Malah ujung-ujungnya akun keblokir, padahal barusan selesai daftar",245,1.4.0,29,192,2024-06,False,Negatif,2024,0,aplikasi masalah tidak beres ganti jaring paket data wifi tidak masuk sandi salah dll ujung ujung akun blokir barusan selesai daftar,"['aplikasi', 'masalah', 'tidak', 'beres', 'ganti', 'jaring', 'paket', 'data', 'wifi', 'tidak', 'masuk', 'sandi', 'salah', 'dll', 'ujung', 'ujung', 'akun', 'blokir', 'barusan', 'selesai', 'daftar']"
Pengguna Google,2,2025-02-28 05:37:29,"Kenapa untuk mendapatkan kode verifikasi email lambat sekali, sudah berapa kali ulang tetap lambat, padahal sudah pakai WiFi, super lemot,",1,2.0.3,20,138,2025-02,False,Negatif,2025,0,kode verifikasi email lambat kali ulang lambat pakai wifi super lot,"['kode', 'verifikasi', 'email', 'lambat', 'kali', 'ulang', 'lambat', 'pakai', 'wifi', 'super', 'lot']"
Pengguna Google,5,2025-09-20 01:12:10,alhamdulillah akhir nya selesai juga upgrade npwp baru 16 digit online nya,38,2.0.6,12,74,2025-09,False,Positif,2025,2,alhamdulillah nya selesai upgrade npwp digit online nya,"['alhamdulillah', 'nya', 'selesai', 'upgrade', 'npwp', 'digit', 'online', 'nya']"
Pengguna Google,5,2025-11-26 13:13:16,Alhamdulillah terima kasih kp2kp Majenang pengurusan NPWP lancar pelayanan 👍👍👍👍⭐,0,unknown,10,80,2025-11,False,Positif,2025,2,alhamdulillah terima kasih kpkp majenang urus npwp lancar layan,"['alhamdulillah', 'terima', 'kasih', 'kpkp', 'majenang', 'urus', 'npwp', 'lancar', 'layan']"
Ilfan Nur Arrofiq,1,2024-07-09 21:17:04,Mau reset password tp ditunggu sampek sejam lebih ngga ada email masuk.,0,unknown,12,71,2024-07,False,Negatif,2024,0,reset password tunggu sampek jam tidak email masuk,"['reset', 'password', 'tunggu', 'sampek', 'jam', 'tidak', 'email', 'masuk']"
Pengguna Google,4,2025-02-07 10:32:02,saya berikan 4 🔯 dulu karena baru awal saya pakai aplikasi ini,0,unknown,12,62,2025-02,False,Positif,2025,2,pakai aplikasi,"['pakai', 'aplikasi']"
MuFei Channel,1,2024-12-07 08:12:12,Trash. Input kode otp tapi tombol verifikasi ga nyala2. Sampai waktu tunggu habis. Dan stuck disitu. Benerin donk. Pakai QA ga sih. Yang bener donk.,2,2.0.0,25,148,2024-12,False,Negatif,2024,0,trash input kode otp tombol verifikasi tidak nyala tunggu habis stuck situ benerin donk pakai qa tidak bener donk,"['trash', 'input', 'kode', 'otp', 'tombol', 'verifikasi', 'tidak', 'nyala', 'tunggu', 'habis', 'stuck', 'situ', 'benerin', 'donk', 'pakai', 'qa', 'tidak', 'bener', 'donk']"
Pengguna Google,5,2024-09-08 18:58:44,Good job! :),1,1.4.0,3,12,2024-09,True,Positif,2024,2,good job,"['good', 'job']"
Pengguna Google,5,2025-03-27 09:13:33,good,0,2.0.3,1,4,2025-03,True,Positif,2025,2,good,['good']
Pengguna Google,5,2025-01-15 10:03:58,Susah belumbisa,0,2.0.2,2,15,2025-01,False,Positif,2025,2,susah belumbisa,"['susah', 'belumbisa']"
Boyz Ismail,1,2025-08-11 11:37:00,Gak ada menu untuk daftar pengguna baru. Yang ada hanya menu untuk login. Gimana mau login kalo belum daftar. 👎👎👎👎👎,0,unknown,20,115,2025-08,False,Negatif,2025,0,tidak menu daftar guna menu login login kalo belum daftar,"['tidak', 'menu', 'daftar', 'guna', 'menu', 'login', 'login', 'kalo', 'belum', 'daftar']"
Pengguna Google,5,2024-05-20 18:49:33,Aplikasi informatif dan mudah dipahami,0,unknown,5,38,2024-05,False,Positif,2024,2,aplikasi informatif mudah paham,"['aplikasi', 'informatif', 'mudah', 'paham']"
Pengguna Google,2,2024-09-21 13:03:36,Mau bikin NPWP bagian otp nya gagal terus kesal pdhl udh isi pulsa..,0,1.4.0,13,68,2024-09,False,Negatif,2024,0,bikin npwp otp nya gagal kesal pdhl isi pulsa,"['bikin', 'npwp', 'otp', 'nya', 'gagal', 'kesal', 'pdhl', 'isi', 'pulsa']"
Pengguna Google,1,2024-06-04 08:41:15,"Aplikasi menyukitkan tidak berguna,emding tidak usah pajak sekalian",0,unknown,8,67,2024-06,False,Negatif,2024,0,aplikasi menyukitkan tidak guna emding tidak pajak,"['aplikasi', 'menyukitkan', 'tidak', 'guna', 'emding', 'tidak', 'pajak']"
Pengguna Google,5,2025-01-29 19:26:12,Baik,0,2.0.2,1,4,2025-01,True,Positif,2025,2,,[]
Pengguna Google,5,2025-02-03 20:00:14,"Proses cepat, thanks",0,2.0.3,3,20,2025-02,False,Positif,2025,2,proses cepat thanks,"['proses', 'cepat', 'thanks']"
Pengguna Google,4,2025-05-27 16:38:40,ok,0,2.0.3,1,2,2025-05,True,Positif,2025,2,ok,['ok']
Pengguna Google,5,2025-01-15 21:28:01,MemudHkan segala urusan👍👍👍💪,0,2.0.2,3,27,2025-01,False,Positif,2025,2,memudhkan urus,"['memudhkan', 'urus']"
Pengguna Google,1,2026-02-28 10:59:21,BUSUK SEMUA APLIKASI NEGARA SAMPAH,0,3.0.6,5,34,2026-02,False,Negatif,2026,0,busuk aplikasi negara sampah,"['busuk', 'aplikasi', 'negara', 'sampah']"
Pengguna Google,5,2026-02-11 21:23:21,mantap,0,unknown,1,6,2026-02,True,Positif,2026,2,mantap,['mantap']
Pengguna Google,5,2026-04-30 14:04:23,terbantu dengan pelayanan ini terimakasih 🙏,0,unknown,6,43,2026-04,False,Positif,2026,2,bantu layan terimakasih,"['bantu', 'layan', 'terimakasih']"
Pengguna Google,1,2025-03-03 17:39:05,Seharian ga bisa login ke aplikaai ataupun web nya larena verifikator nya ga muncul muncul,0,2.0.3,15,90,2025-03,False,Negatif,2025,0,hari tidak login aplikaai web nya larena verifikator nya tidak muncul muncul,"['hari', 'tidak', 'login', 'aplikaai', 'web', 'nya', 'larena', 'verifikator', 'nya', 'tidak', 'muncul', 'muncul']"
Pengguna Google,1,2024-03-21 12:50:13,"Aplikasi buruk,percuma di realis aplikasi kalau sering gangguan,lebih bagus ga usah lewat aplikasi,bukan mempermudah pelaporan malh menyebalkan",2,1.4.0,17,143,2024-03,False,Negatif,2024,0,aplikasi buruk realis aplikasi ganggu bagus tidak aplikasi bukan mudah lapor malh sebal,"['aplikasi', 'buruk', 'realis', 'aplikasi', 'ganggu', 'bagus', 'tidak', 'aplikasi', 'bukan', 'mudah', 'lapor', 'malh', 'sebal']"
Pengguna Google,1,2025-07-22 14:34:16,"website jelek aplikasi jelek, judul doang dibawah naungan pajak, ga modal duitnya banyak juga 👎🏻👎🏻👎🏻👎🏻👎🏻👎🏻",0,2.0.4,15,106,2025-07,False,Negatif,2025,0,website jelek aplikasi jelek judul bawah naung pajak tidak modal duit,"['website', 'jelek', 'aplikasi', 'jelek', 'judul', 'bawah', 'naung', 'pajak', 'tidak', 'modal', 'duit']"
Pengguna Google,1,2024-09-26 20:52:30,Gak berfungsi,0,1.4.0,2,13,2024-09,False,Negatif,2024,0,tidak fungsi,"['tidak', 'fungsi']"
Pengguna Google,1,2025-03-11 13:49:47,Kenapa gak ada pilihan lain buat ganti sandi sedangkan kita gak bisa masuk klo gak ada bantuan lupa sandi klo gini terus mending tutup aja dah malas..,0,unknown,27,150,2025-03,False,Negatif,2025,0,tidak pilih ganti sandi tidak masuk klo tidak bantu lupa sandi klo mending tutup dah malas,"['tidak', 'pilih', 'ganti', 'sandi', 'tidak', 'masuk', 'klo', 'tidak', 'bantu', 'lupa', 'sandi', 'klo', 'mending', 'tutup', 'dah', 'malas']"
Pengguna Google,1,2025-03-25 19:05:14,APLIKASI TOLOL,0,2.0.4,2,14,2025-03,True,Negatif,2025,0,aplikasi tolol,"['aplikasi', 'tolol']"
Pengguna Google,5,2025-03-11 15:48:13,Good,0,1.4.0,1,4,2025-03,True,Positif,2025,2,good,['good']
Pengguna Google,5,2025-03-27 12:32:30,ok,0,2.0.3,1,2,2025-03,True,Positif,2025,2,ok,['ok']
Pengguna Google,1,2026-02-05 12:50:04,akhhh,0,2.0.6,1,5,2026-02,False,Negatif,2026,0,akhhh,['akhhh']
Pengguna Google,5,2025-04-15 07:51:45,mantap,0,2.0.4,1,6,2025-04,True,Positif,2025,2,mantap,['mantap']
Pengguna Google,1,2026-02-05 11:52:35,"ngeneki pak purbaya roh pora rakyate taat pajakak,sek dikon laporan,giliran ape laporan apk eror gk iso masuk,jan jane piye to ki wong pajak,godak gawe apk pora...",0,3.0.1,26,163,2026-02,False,Negatif,2026,0,ngeneki purbaya roh pora rakyate taat pajakak sek dikon lapor gilir ape lapor aplikasi eror tidak iso masuk jan jane piye to ki pajak godak gawe aplikasi pora,"['ngeneki', 'purbaya', 'roh', 'pora', 'rakyate', 'taat', 'pajakak', 'sek', 'dikon', 'lapor', 'gilir', 'ape', 'lapor', 'aplikasi', 'eror', 'tidak', 'iso', 'masuk', 'jan', 'jane', 'piye', 'to', 'ki', 'pajak', 'godak', 'gawe', 'aplikasi', 'pora']"
Pengguna Google,5,2024-01-19 16:04:50,Sippp👍👍👍,0,1.2.5,1,8,2024-01,False,Positif,2024,2,sippp,['sippp']
Pengguna Google,5,2026-04-10 12:44:42,mantap,0,3.0.6,1,6,2026-04,True,Positif,2026,2,mantap,['mantap']
Pengguna Google,5,2025-04-16 17:05:05,memuaskan,0,unknown,1,9,2025-04,False,Positif,2025,2,muas,['muas']
Pengguna Google,5,2026-03-11 14:13:44,membantu,0,1.4.0,1,8,2026-03,True,Positif,2026,2,bantu,['bantu']
Pengguna Google,5,2025-02-15 12:56:08,Mantap.,0,2.0.3,1,7,2025-02,True,Positif,2025,2,mantap,['mantap']
Pengguna Google,5,2026-04-06 18:35:00,suuulit,0,3.0.6,1,7,2026-04,False,Positif,2026,2,suuulit,['suuulit']
iqbal aufa,1,2026-05-01 00:36:16,"useless, ga ngebantu malah mempersulit",0,3.0.9,5,38,2026-05,False,Negatif,2026,0,useless tidak ngebantu sulit,"['useless', 'tidak', 'ngebantu', 'sulit']"
Pengguna Google,1,2024-10-21 22:11:28,Kalkulator pajak loading terus. Gmn sih programernya,0,1.4.0,7,52,2024-10,False,Negatif,2024,0,kalkulator pajak loading programernya,"['kalkulator', 'pajak', 'loading', 'programernya']"
Pengguna Google,5,2026-01-13 19:52:55,mantap,0,2.0.6,1,6,2026-01,True,Positif,2026,2,mantap,['mantap']
Pengguna Google,1,2025-10-24 22:14:08,busugggggg malah bisa login di web doang,0,2.0.6,7,40,2025-10,False,Negatif,2025,0,busugggggg login web,"['busugggggg', 'login', 'web']"
Pengguna Google,4,2025-03-15 22:53:56,Mudahan lancar,0,unknown,2,14,2025-03,False,Positif,2025,2,mudah lancar,"['mudah', 'lancar']"
Pengguna Google,5,2024-04-04 10:11:29,Error,0,1.4.0,1,5,2024-04,True,Positif,2024,2,error,['error']
Pengguna Google,1,2025-01-01 20:13:11,Ini appl apa sih ko percuma,0,2.0.1,6,27,2025-01,False,Negatif,2025,0,appl ko,"['appl', 'ko']"
Pengguna Google,5,2026-03-12 10:05:42,mantap,0,2.0.6,1,6,2026-03,True,Positif,2026,2,mantap,['mantap']
Pengguna Google,1,2025-03-23 09:13:54,"susah bngt daftarnya, tolong dong dipermudah cara daftarnya",0,2.0.3,8,59,2025-03,False,Negatif,2025,0,susah daftar tolong mudah daftar,"['susah', 'daftar', 'tolong', 'mudah', 'daftar']"
Yoga Nur Fahrudin,5,2026-02-28 19:01:02,"First time, i Was hard to use this. But there's lot of information on this Apps.",1,3.0.6,16,80,2026-02,False,Positif,2026,2,first time was hard to use this but there lot of information on this apps,"['first', 'time', 'was', 'hard', 'to', 'use', 'this', 'but', 'there', 'lot', 'of', 'information', 'on', 'this', 'apps']"
Pengguna Google,1,2024-11-25 20:59:29,PENIPUAN!,0,unknown,1,9,2024-11,False,Negatif,2024,0,tipu,['tipu']
Pengguna Google,5,2024-02-16 11:02:02,SANGAT MEMBANTU,0,unknown,2,15,2024-02,True,Positif,2024,2,bantu,['bantu']
Pengguna Google,1,2024-10-05 22:53:40,kenapa gk bisa untuk daptar mohon bantuan nya sbenar nya apn ini bisa di guna kn atau tidak buat daprtar aja sulit kalau gk bisa buat daptar npwp jgn di ada k apn ini seharus nya di permudah buat daptar nya ini malah di persulig,0,unknown,45,228,2024-10,False,Negatif,2024,0,tidak daptar mohon bantu nya sbenar nya apn kn tidak daprtar sulit tidak daptar npwp jgn apn harus nya mudah daptar nya persulig,"['tidak', 'daptar', 'mohon', 'bantu', 'nya', 'sbenar', 'nya', 'apn', 'kn', 'tidak', 'daprtar', 'sulit', 'tidak', 'daptar', 'npwp', 'jgn', 'apn', 'harus', 'nya', 'mudah', 'daptar', 'nya', 'persulig']"
Pengguna Google,1,2026-04-19 14:12:53,mau daftar aja susah bener et dah. verifikasi no hp kodenya kgk dikirim2,0,unknown,13,72,2026-04,False,Negatif,2026,0,daftar susah bener et dah verifikasi nomor handphone kode kgk kirim,"['daftar', 'susah', 'bener', 'et', 'dah', 'verifikasi', 'nomor', 'handphone', 'kode', 'kgk', 'kirim']"
Pengguna Google,1,2024-03-17 02:30:37,Indonesia gakakan maju.. serba di persulit,0,1.4.0,6,42,2024-03,False,Negatif,2024,0,indonesia gakakan maju serba sulit,"['indonesia', 'gakakan', 'maju', 'serba', 'sulit']"
Pengguna Google,5,2025-05-29 16:44:50,aku udh bisa dapat no efin mempermudah sekali mendapatkan no efin nya tanpa kita harus ke kantor pajak dulu . dan tinggal laporin dari online,0,2.0.4,25,141,2025-05,False,Positif,2025,2,nomor efin mudah nomor efin nya tanpa kantor pajak tinggal laporin online,"['nomor', 'efin', 'mudah', 'nomor', 'efin', 'nya', 'tanpa', 'kantor', 'pajak', 'tinggal', 'laporin', 'online']"
Pengguna Google,1,2025-07-02 18:43:06,kalo ujung2nya harus ke kantor pajak kenapa harus ada Kata PAJAK ONLINE. Pemerintah kalo bikin program aplikasi bukannya meringankan malah membingungkan!!!,20,2.0.4,21,155,2025-07,False,Negatif,2025,0,kalo ujung kantor pajak pajak online perintah kalo bikin program aplikasi ringan bingung,"['kalo', 'ujung', 'kantor', 'pajak', 'pajak', 'online', 'perintah', 'kalo', 'bikin', 'program', 'aplikasi', 'ringan', 'bingung']"
Pengguna Google,1,2024-03-28 23:06:28,"Setelah donlod app ini ko dpt wa penipuan an djp online y,",0,unknown,12,58,2024-03,False,Negatif,2024,0,donlod aplikasi ko wa tipu an djp online,"['donlod', 'aplikasi', 'ko', 'wa', 'tipu', 'an', 'djp', 'online']"
Pengguna Google,5,2024-03-30 14:50:49,The best,0,1.4.0,2,8,2024-03,False,Positif,2024,2,the best,"['the', 'best']"
Pengguna Google,1,2026-02-03 19:06:03,Gak iso login,0,2.0.6,3,13,2026-02,False,Negatif,2026,0,tidak iso login,"['tidak', 'iso', 'login']"
Pengguna Google,1,2026-02-12 11:13:01,ga bisa lihat SPT we'll be back son tolong dipermudah dong,1,3.0.6,11,58,2026-02,False,Negatif,2026,0,tidak lihat spt we ll be back son tolong mudah,"['tidak', 'lihat', 'spt', 'we', 'll', 'be', 'back', 'son', 'tolong', 'mudah']"
Pengguna Google,5,2024-02-29 10:39:21,"Aplikasi ini sangat cerdas...🤗🤗 Terbantu sekali,,saya sudah lupa dengan efin saya dan mertua tinggal isi data dan foto diri..langsung dapat efinnya..terima kasih m-pajak 🙏🙏 Mudah²n dapat lebih ditingkatkan lagi, dapat digunakan utk segala keperluan perpajakan spt pelaporan dan pembayaran pajak..",16,1.3.0,40,296,2024-02,False,Positif,2024,2,aplikasi cerdas bantu lupa efin mertua tinggal isi data foto langsung efinnya terima kasih pajak mudah tingkat perlu paja spt lapor bayar pajak,"['aplikasi', 'cerdas', 'bantu', 'lupa', 'efin', 'mertua', 'tinggal', 'isi', 'data', 'foto', 'langsung', 'efinnya', 'terima', 'kasih', 'pajak', 'mudah', 'tingkat', 'perlu', 'paja', 'spt', 'lapor', 'bayar', 'pajak']"
Pengguna Google,5,2024-05-21 21:44:14,Semoga selalu membantu kami,0,1.4.0,4,27,2024-05,False,Positif,2024,2,moga bantu,"['moga', 'bantu']"
Pengguna Google,1,2026-03-14 12:09:29,"kenapa sih nomor telponya gak terbaca, klo nomor telpon di ganti, seharusnya di aplikasi ada opsi untuk ganti nomor telpon.. kirain pakai aplikasi udah gak ribet, malah semakin ribet..",5,3.0.6,29,184,2026-03,False,Negatif,2026,0,nomor telponya tidak baca klo nomor telpon ganti aplikasi opsi ganti nomor telpon kirain pakai aplikasi tidak ribet ribet,"['nomor', 'telponya', 'tidak', 'baca', 'klo', 'nomor', 'telpon', 'ganti', 'aplikasi', 'opsi', 'ganti', 'nomor', 'telpon', 'kirain', 'pakai', 'aplikasi', 'tidak', 'ribet', 'ribet']"
Pengguna Google,5,2026-04-06 10:39:42,good,0,3.0.6,1,4,2026-04,True,Positif,2026,2,good,['good']
Pengguna Google,1,2025-12-25 17:58:40,aplikasi erorr,0,2.0.6,2,14,2025-12,False,Negatif,2025,0,aplikasi erorr,"['aplikasi', 'erorr']"
Pengguna Google,5,2024-02-23 18:47:05,Mantap,0,1.3.0,1,6,2024-02,True,Positif,2024,2,mantap,['mantap']
Pengguna Google,5,2024-02-20 13:24:12,Mantap,0,1.2.5,1,6,2024-02,True,Positif,2024,2,mantap,['mantap']
Pengguna Google,5,2024-02-13 16:20:11,Luar biasa,0,1.3.0,2,10,2024-02,True,Positif,2024,2,,[]
Pengguna Google,5,2025-10-20 20:23:53,aplikasi yang bagus,0,2.0.6,3,19,2025-10,False,Positif,2025,2,aplikasi bagus,"['aplikasi', 'bagus']"
Pengguna Google,5,2025-01-14 09:56:22,Mantap,0,2.0.2,1,6,2025-01,True,Positif,2025,2,mantap,['mantap']
Pengguna Google,5,2024-03-07 08:19:43,Membantu 👍👍👍,0,1.4.0,2,12,2024-03,False,Positif,2024,2,bantu,['bantu']
Muhammad Fauzi Lufthansyahrizal,1,2024-04-27 23:20:57,"app gajelas, NPWP sama password udah sama kayak ereg pajak, masih ga bisa login. heran kok bisa ada app sebobrok ini",3,1.4.0,21,116,2024-04,False,Negatif,2024,0,aplikasi gajelas npwp password kayak ereg pajak tidak login heran aplikasi bobrok,"['aplikasi', 'gajelas', 'npwp', 'password', 'kayak', 'ereg', 'pajak', 'tidak', 'login', 'heran', 'aplikasi', 'bobrok']"
Pengguna Google,4,2024-03-21 09:53:35,Aplikasi nya sudah bagus dan bermanfaat,0,1.3.0,6,39,2024-03,False,Positif,2024,2,aplikasi nya bagus manfaat,"['aplikasi', 'nya', 'bagus', 'manfaat']"
Pengguna Google,1,2025-07-23 16:37:55,sangat buruk fitur kurang lengkap,0,2.0.4,5,33,2025-07,False,Negatif,2025,0,buruk fitur lengkap,"['buruk', 'fitur', 'lengkap']"
Pengguna Google,5,2025-01-08 21:13:40,Sangat membantu,0,1.4.0,2,15,2025-01,True,Positif,2025,2,bantu,['bantu']
Pengguna Google,5,2024-09-01 14:08:40,bagus,0,1.4.0,1,5,2024-09,True,Positif,2024,2,bagus,['bagus']
Pengguna Google,4,2025-03-06 08:13:31,Halo ka kenapa halaman wep tidak ada tampil tombol kirim di adroid versi xiomi hyper os ka,0,2.0.3,17,90,2025-03,False,Positif,2025,2,halo ka halaman wep tidak tampil tombol kirim adroid versi xiomi hyper os ka,"['halo', 'ka', 'halaman', 'wep', 'tidak', 'tampil', 'tombol', 'kirim', 'adroid', 'versi', 'xiomi', 'hyper', 'os', 'ka']"
Pengguna Google,5,2024-12-12 08:48:07,Mantap,0,2.0.0,1,6,2024-12,True,Positif,2024,2,mantap,['mantap']
Pengguna Google,1,2025-01-13 22:33:02,Saya berulang kali daftar ada aja kendalanya di aplikasi online ini. Tolong lebih ditingkatkan lagi,1,unknown,15,99,2025-01,False,Negatif,2025,0,ulang kali daftar kendala aplikasi online tolong tingkat,"['ulang', 'kali', 'daftar', 'kendala', 'aplikasi', 'online', 'tolong', 'tingkat']"
Pengguna Google,1,2026-04-16 16:56:56,"lemot susah login, susah masuk mau di situs ataupun aplikasi",0,3.0.9,10,60,2026-04,False,Negatif,2026,0,lot susah login susah masuk situs aplikasi,"['lot', 'susah', 'login', 'susah', 'masuk', 'situs', 'aplikasi']"
Muhamad Kholis,4,2026-03-02 13:46:27,"⭐⭐⭐⭐ dulu, Sampai saat ini (30/01/2024) belum bisa untuk login dengan NIK",0,3.0.6,12,73,2026-03,False,Positif,2026,2,belum login nik,"['belum', 'login', 'nik']"
Pengguna Google,5,2024-10-25 15:28:51,Good apps,0,1.4.0,2,9,2024-10,False,Positif,2024,2,good apps,"['good', 'apps']"
Pengguna Google,1,2025-08-16 12:41:13,aplikasi konyol,0,unknown,2,15,2025-08,False,Negatif,2025,0,aplikasi konyol,"['aplikasi', 'konyol']"
Pengguna Google,5,2024-02-29 17:00:20,Sangat medukung,0,unknown,2,15,2024-02,False,Positif,2024,2,medukung,['medukung']
Pengguna Google,1,2026-04-24 10:17:03,untuk apa di ubah dari djp ke cortec.. susah anjay,0,3.0.9,10,50,2026-04,False,Negatif,2026,0,ubah djp cortec susah anjay,"['ubah', 'djp', 'cortec', 'susah', 'anjay']"
Pengguna Google,4,2024-03-12 20:58:27,Mayan fitur LUPA EFIN Udah bisa digunakan,0,1.4.0,7,41,2024-03,False,Positif,2024,2,mayan fitur lupa efin,"['mayan', 'fitur', 'lupa', 'efin']"
Pengguna Google,5,2025-03-29 20:49:09,bagi yg lupa efin..dan lupa pasword.bisa banget lewat ini.,0,2.0.4,9,58,2025-03,False,Positif,2025,2,lupa efin lupa pasword,"['lupa', 'efin', 'lupa', 'pasword']"
Pengguna Google,1,2024-05-31 09:03:04,"Aplikasi eror npwp dan sandi sdh betul pun ttp tidak bisa log in....perbaiki lagi coba .jangan kecewakan orang,!!!",0,1.4.0,18,114,2024-05,False,Negatif,2024,0,aplikasi eror npwp sandi ttp tidak log in baik coba jangan kecewa orang,"['aplikasi', 'eror', 'npwp', 'sandi', 'ttp', 'tidak', 'log', 'in', 'baik', 'coba', 'jangan', 'kecewa', 'orang']"
Pengguna Google,5,2024-12-16 12:18:08,Mempermudah pembayaran pajak,0,2.0.0,3,28,2024-12,True,Positif,2024,2,mudah bayar pajak,"['mudah', 'bayar', 'pajak']"
Pengguna Google,1,2025-09-03 21:41:02,sangat menyulitkan untuk mendaftar kartu pajak,0,2.0.4,6,46,2025-09,False,Negatif,2025,0,sulit daftar kartu pajak,"['sulit', 'daftar', 'kartu', 'pajak']"
Pengguna Google,1,2024-01-18 11:18:23,Aplikasi ga bisa di buka Pemerintah yang tolol.,0,1.2.5,8,47,2024-01,False,Negatif,2024,0,aplikasi tidak buka perintah tolol,"['aplikasi', 'tidak', 'buka', 'perintah', 'tolol']"
Pengguna Google,1,2025-03-03 20:53:37,Jelek susah login.lemot..balas ke email lama,0,2.0.3,6,44,2025-03,False,Negatif,2025,0,jelek susah login lot balas email,"['jelek', 'susah', 'login', 'lot', 'balas', 'email']"
Pengguna Google,5,2024-09-17 11:12:37,Ok,0,1.4.0,1,2,2024-09,True,Positif,2024,2,ok,['ok']
Pengguna Google,1,2026-01-30 14:43:12,apk tolol,0,2.0.6,2,9,2026-01,False,Negatif,2026,0,aplikasi tolol,"['aplikasi', 'tolol']"
Pengguna Google,1,2026-04-10 04:05:35,"tidak bisa login, mau ganti kata sandi tidak bisa. makin parah aplikasi pemerintah",0,3.0.9,13,82,2026-04,False,Negatif,2026,0,tidak login ganti sandi tidak parah aplikasi perintah,"['tidak', 'login', 'ganti', 'sandi', 'tidak', 'parah', 'aplikasi', 'perintah']"
Pengguna Google,1,2024-05-16 09:40:11,Sudah membuat kode billing. Namun ketika akna membayar. Kode billing tidak ditemukan.,0,1.4.0,12,85,2024-05,False,Negatif,2024,0,kode billing akna bayar kode billing tidak temu,"['kode', 'billing', 'akna', 'bayar', 'kode', 'billing', 'tidak', 'temu']"
Pengguna Google,5,2025-01-22 11:43:57,좋아요,0,unknown,1,3,2025-01,False,Positif,2025,2,,[]
Pengguna Google,5,2025-01-16 21:10:56,Sangat membantu,0,2.0.2,2,15,2025-01,True,Positif,2025,2,bantu,['bantu']
Pengguna Google,1,2025-03-04 11:11:37,verifikasi spt tahunan di djp gak bisa ..giliran mau login app ya sama kode verifikasi gak ada ..app gak guna sekelas angaran 1.2 T kalah sama bikinan anak smk,0,2.0.3,29,159,2025-03,False,Negatif,2025,0,verifikasi spt tahun djp tidak gilir login aplikasi kode verifikasi tidak aplikasi tidak kelas angaran kalah bikin anak smk,"['verifikasi', 'spt', 'tahun', 'djp', 'tidak', 'gilir', 'login', 'aplikasi', 'kode', 'verifikasi', 'tidak', 'aplikasi', 'tidak', 'kelas', 'angaran', 'kalah', 'bikin', 'anak', 'smk']"
Pengguna Google,1,2024-12-20 00:18:02,"Masyarakat mau disiplin dengan bayar pajak, adanya layanan online mempermudah semua apalagi yg terkendala jarak. Bayangin aja orang plosok kabupaten nempuh jarak puluhan kilometer cuma buat ngurus ginian doang ke ibu kota kabupaten, nah enak ada online, ngerasa praktis. Tapi giliran online malah busuk juga, bukannya makin praktis malah makin ngerasa sia sia bayar pajak, duit kita yg harusnya manfaat buat kepraktisan itu malah gagal; Contohnya kirim kode OTP via email tapi verifikasi aja gabisa.",64,2.0.0,75,499,2024-12,False,Negatif,2024,0,masyarakat disiplin bayar pajak layan online mudah kendala jarak bayangin orang plosok kabupaten nempuh jarak puluh kilometer ngurus ginian kota kabupaten enak online ngerasa praktis gilir online busuk praktis ngerasa sia sia bayar pajak duit manfaat praktis gagal contoh kirim kode otp via email verifikasi tidak,"['masyarakat', 'disiplin', 'bayar', 'pajak', 'layan', 'online', 'mudah', 'kendala', 'jarak', 'bayangin', 'orang', 'plosok', 'kabupaten', 'nempuh', 'jarak', 'puluh', 'kilometer', 'ngurus', 'ginian', 'kota', 'kabupaten', 'enak', 'online', 'ngerasa', 'praktis', 'gilir', 'online', 'busuk', 'praktis', 'ngerasa', 'sia', 'sia', 'bayar', 'pajak', 'duit', 'manfaat', 'praktis', 'gagal', 'contoh', 'kirim', 'kode', 'otp', 'via', 'email', 'verifikasi', 'tidak']"
Pengguna Google,1,2025-03-19 22:45:37,jelek banget ga bisa loging,0,2.0.3,5,27,2025-03,False,Negatif,2025,0,jelek tidak loging,"['jelek', 'tidak', 'loging']"
Pengguna Google,5,2026-04-23 11:08:00,ah syudahlah,0,2.0.6,2,12,2026-04,False,Positif,2026,2,ah syudahlah,"['ah', 'syudahlah']"
Pengguna Google,5,2025-02-21 14:23:09,sangat membantu,0,unknown,2,15,2025-02,True,Positif,2025,2,bantu,['bantu']
Sandy Fernandy,1,2025-02-28 11:16:21,Semua situs pemerintahan sulit diakses untuk warganya sendiri. Tapi mudah dibobol orang luar.. Pelayanan gak jelas,0,unknown,16,114,2025-02,False,Negatif,2025,0,situs perintah sulit akses warga mudah bobol orang layan tidak,"['situs', 'perintah', 'sulit', 'akses', 'warga', 'mudah', 'bobol', 'orang', 'layan', 'tidak']"
Pengguna Google,5,2026-01-04 03:43:26,oke,0,2.0.6,1,3,2026-01,True,Positif,2026,2,oke,['oke']
Pengguna Google,5,2025-02-14 05:55:37,ok,0,2.0.3,1,2,2025-02,True,Positif,2025,2,ok,['ok']
Pengguna Google,1,2025-02-28 13:24:01,"Aplikasi tdk jelas, ngirim otp ke email tapi tidak pernah masuk otpnya, hedeh.",4,2.0.3,13,78,2025-02,False,Negatif,2025,0,aplikasi tidak ngirim otp email tidak masuk otpnya hedeh,"['aplikasi', 'tidak', 'ngirim', 'otp', 'email', 'tidak', 'masuk', 'otpnya', 'hedeh']"
Pengguna Google,5,2026-04-09 10:08:44,baik sekali terimakasih,0,3.0.6,3,23,2026-04,False,Positif,2026,2,terimakasih,['terimakasih']
Pengguna Google,5,2026-03-06 09:36:40,sangat baik sekali,0,2.0.6,3,18,2026-03,False,Positif,2026,2,,[]
Pengguna Google,4,2024-08-09 09:48:28,Cek ok,0,1.4.0,2,6,2024-08,False,Positif,2024,2,cek ok,"['cek', 'ok']"
Pengguna Google,1,2024-03-19 11:06:31,Mbulet tp tetep gak bisa masuk. Beginikah punya negara indonesia,2,1.4.0,10,64,2024-03,False,Negatif,2024,0,mbulet tetep tidak masuk negara indonesia,"['mbulet', 'tetep', 'tidak', 'masuk', 'negara', 'indonesia']"
Pengguna Google,5,2025-12-15 04:14:51,sangat membantu aplikasi dapat ini,0,2.0.6,5,34,2025-12,False,Positif,2025,2,bantu aplikasi,"['bantu', 'aplikasi']"
Pengguna Google,1,2025-02-12 20:01:38,Aplikasi yang bikin orang paling tolol sedunia di suruh login tapi gak ada menu register parahmen,0,2.0.3,16,97,2025-02,False,Negatif,2025,0,aplikasi bikin orang tolol dunia suruh login tidak menu register parahmen,"['aplikasi', 'bikin', 'orang', 'tolol', 'dunia', 'suruh', 'login', 'tidak', 'menu', 'register', 'parahmen']"
Pengguna Google,1,2025-03-17 05:01:38,Ribetttttt,0,2.0.3,1,10,2025-03,False,Negatif,2025,0,ribetttttt,['ribetttttt']
Pengguna Google,5,2024-06-19 18:48:18,"Dengan membayar pajak kita menjadi warga yang baik dan mudah digunakan meski lewat online, urusan menjadi lebih mudah",0,unknown,18,117,2024-06,False,Positif,2024,2,bayar pajak warga mudah online urus mudah,"['bayar', 'pajak', 'warga', 'mudah', 'online', 'urus', 'mudah']"
Pengguna Google,2,2026-04-18 20:23:20,g bisa di update tolong infonya,0,2.0.5,6,31,2026-04,False,Negatif,2026,0,tidak update tolong info,"['tidak', 'update', 'tolong', 'info']"
Endyana Mahendra,1,2025-02-28 06:16:22,Gabisa login padahal akun udah activated. Nunggu kode verifikasi ke email dan sms berjam2 ga masuk. Pas masuk udah expired. Niat bikin sistem online ga sih?,0,unknown,26,156,2025-02,False,Negatif,2025,0,tidak login akun activated nunggu kode verifikasi email sms jam tidak masuk pas masuk expired niat bikin sistem online tidak,"['tidak', 'login', 'akun', 'activated', 'nunggu', 'kode', 'verifikasi', 'email', 'sms', 'jam', 'tidak', 'masuk', 'pas', 'masuk', 'expired', 'niat', 'bikin', 'sistem', 'online', 'tidak']"
Pengguna Google,1,2025-02-21 16:57:46,"apk apa ini cok, login aja gabisa",0,2.0.3,7,33,2025-02,False,Negatif,2025,0,aplikasi cok login tidak,"['aplikasi', 'cok', 'login', 'tidak']"
Pengguna Google,1,2026-04-10 20:33:33,"aplikasi tidak sangat membingungkan,",0,unknown,4,36,2026-04,False,Negatif,2026,0,aplikasi tidak bingung,"['aplikasi', 'tidak', 'bingung']"
Pengguna Google,1,2024-05-15 20:52:54,Susah masukkan kode captcha Abis pulsa gua karna refresh hp minta kirim kode validasi,0,1.4.0,14,85,2024-05,False,Negatif,2024,0,susah masuk kode captcha abis pulsa gua refresh handphone kirim kode validasi,"['susah', 'masuk', 'kode', 'captcha', 'abis', 'pulsa', 'gua', 'refresh', 'handphone', 'kirim', 'kode', 'validasi']"
Pengguna Google,1,2025-09-18 16:03:57,Email verifikasi sangat lama masuknya,33,2.0.6,5,37,2025-09,False,Negatif,2025,0,email verifikasi masuk,"['email', 'verifikasi', 'masuk']"
Pengguna Google,1,2026-03-12 13:07:29,aplikasi tolol udah masukan data lengkap login gagal terus kita yang bayar kita juga yang repot,1,3.0.6,16,95,2026-03,False,Negatif,2026,0,aplikasi tolol masuk data lengkap login gagal bayar repot,"['aplikasi', 'tolol', 'masuk', 'data', 'lengkap', 'login', 'gagal', 'bayar', 'repot']"
Pengguna Google,1,2026-02-22 14:26:21,"masuk login ubah sandi lagi ubah sandi lagi padagal ga mencet perubahan sandi, giliran aktivasi udah isi semua email salah lah nomor hp salah lah mending balik djp aja lebih enak",1,3.0.6,31,178,2026-02,False,Negatif,2026,0,masuk login ubah sandi ubah sandi padagal tidak mencet ubah sandi gilir aktivasi isi email salah nomor handphone salah mending djp enak,"['masuk', 'login', 'ubah', 'sandi', 'ubah', 'sandi', 'padagal', 'tidak', 'mencet', 'ubah', 'sandi', 'gilir', 'aktivasi', 'isi', 'email', 'salah', 'nomor', 'handphone', 'salah', 'mending', 'djp', 'enak']"
Pengguna Google,5,2025-03-13 08:47:52,Baik lanjar,0,unknown,2,11,2025-03,False,Positif,2025,2,lanjar,['lanjar']
Pengguna Google,5,2025-09-12 16:26:50,sangat membantu,0,2.0.6,2,15,2025-09,True,Positif,2025,2,bantu,['bantu']
Pengguna Google,1,2024-08-18 21:33:19,Mau minta efin kagak bisa2 selalu keluar sendiri dari aplikasi!!!!! 👎,0,1.4.0,11,69,2024-08,False,Negatif,2024,0,efin tidak aplikasi,"['efin', 'tidak', 'aplikasi']"
Ahmad Daffa,1,2024-03-06 22:04:01,"gabisa masuk muter doang, padahal koneksi aman",0,unknown,7,46,2024-03,False,Negatif,2024,0,tidak masuk muter koneksi aman,"['tidak', 'masuk', 'muter', 'koneksi', 'aman']"
Pengguna Google,1,2024-04-20 11:05:19,Aplikasi sulit di pakai mau daftar aja susah...lewat formulir loading lama sekali 1 jam lebih Tolong webnya di perbarui,1,1.4.0,19,119,2024-04,False,Negatif,2024,0,aplikasi sulit pakai daftar susah formulir loading jam tolong webnya baru,"['aplikasi', 'sulit', 'pakai', 'daftar', 'susah', 'formulir', 'loading', 'jam', 'tolong', 'webnya', 'baru']"
Pengguna Google,4,2024-01-10 20:06:32,lupa pasword dan efin gimana ya...,0,unknown,6,34,2024-01,False,Positif,2024,2,lupa pasword efin,"['lupa', 'pasword', 'efin']"
Pengguna Google,1,2024-02-20 10:06:55,Di klik daftar nggk bisa..,0,unknown,5,26,2024-02,False,Negatif,2024,0,klik daftar nggk,"['klik', 'daftar', 'nggk']"
Pengguna Google,5,2024-06-12 19:38:11,Okey,0,unknown,1,4,2024-06,False,Positif,2024,2,okey,['okey']
Firsty R Renata,5,2024-07-13 09:33:00,Yes. Thanks,0,1.4.0,2,11,2024-07,False,Positif,2024,2,yes thanks,"['yes', 'thanks']"
Pengguna Google,1,2026-02-26 13:15:44,terlalu sulit dan berbelit-belit,0,3.0.6,4,32,2026-02,False,Negatif,2026,0,sulit belit belit,"['sulit', 'belit', 'belit']"
Pengguna Google,1,2025-09-17 23:09:54,Aplikasi *** verifikasi aja kaga keluar-keluar,0,2.0.6,6,46,2025-09,False,Negatif,2025,0,aplikasi verifikasi tidak,"['aplikasi', 'verifikasi', 'tidak']"
Pengguna Google,1,2025-11-03 23:54:43,aplikasi biadab bukannya mempermudah masyarakat malah dipersulit,1,2.0.6,7,64,2025-11,False,Negatif,2025,0,aplikasi biadab mudah masyarakat sulit,"['aplikasi', 'biadab', 'mudah', 'masyarakat', 'sulit']"
Pengguna Google,1,2024-06-09 13:06:14,Buruk lemot,0,1.4.0,2,11,2024-06,False,Negatif,2024,0,buruk lot,"['buruk', 'lot']"
Pengguna Google,5,2025-01-13 14:53:19,Ok,0,2.0.0,1,2,2025-01,True,Positif,2025,2,ok,['ok']
Pengguna Google,5,2025-12-02 17:06:58,ok,0,2.0.6,1,2,2025-12,True,Positif,2025,2,ok,['ok']
Muh. Rahmat Kadir,1,2025-02-24 13:46:27,"Minta kode verifikasi lewat email, tapi email nya ga masuk2, di website juga sama, perbaikin min, gini amat mau lapor pajak",1,2.0.3,21,123,2025-02,False,Negatif,2025,0,kode verifikasi email email nya tidak masuk website perbaikin min lapor pajak,"['kode', 'verifikasi', 'email', 'email', 'nya', 'tidak', 'masuk', 'website', 'perbaikin', 'min', 'lapor', 'pajak']"
Pengguna Google,5,2026-04-09 15:55:15,lumayan bagus dan mudah,0,3.0.9,4,23,2026-04,False,Positif,2026,2,lumayan bagus mudah,"['lumayan', 'bagus', 'mudah']"
Pengguna Google,5,2024-02-02 15:30:49,👍🏻👍🏻👍🏻,0,1.2.5,1,6,2024-02,False,Positif,2024,2,,[]
Pengguna Google,5,2024-08-06 11:07:39,Good,0,1.4.0,1,4,2024-08,True,Positif,2024,2,good,['good']
Pengguna Google,1,2025-05-24 10:34:12,ribet,0,unknown,1,5,2025-05,True,Negatif,2025,0,ribet,['ribet']
Pengguna Google,1,2024-12-05 16:34:59,Tidak membantu sama sekali ini mau pengajuan EFIN kode otp sudah di masukan tapi kodenya gak bisa di klik verif,39,2.0.0,20,111,2024-12,False,Negatif,2024,0,tidak bantu aju efin kode otp masuk kode tidak klik verif,"['tidak', 'bantu', 'aju', 'efin', 'kode', 'otp', 'masuk', 'kode', 'tidak', 'klik', 'verif']"
Pengguna Google,1,2025-03-27 21:47:07,buruk sekali sangat buruk aplikasi nya jgn mau instal,0,unknown,9,53,2025-03,False,Negatif,2025,0,buruk buruk aplikasi nya jgn instal,"['buruk', 'buruk', 'aplikasi', 'nya', 'jgn', 'instal']"
Pengguna Google,5,2024-02-02 17:45:17,Ok,0,1.2.5,1,2,2024-02,True,Positif,2024,2,ok,['ok']
Pengguna Google,5,2024-10-08 15:00:58,Pajak ok,0,1.4.0,2,8,2024-10,False,Positif,2024,2,pajak ok,"['pajak', 'ok']"
Pengguna Google,5,2024-11-19 11:24:20,Bagus sekali,0,unknown,2,12,2024-11,True,Positif,2024,2,bagus,['bagus']
jungkat junkyu,5,2025-03-27 09:36:02,"Aplikasinya sangat membantu untuk mendapatkan efin, tidak sampai 5 menit prosesnya sudah selesai",0,2.0.4,13,96,2025-03,False,Positif,2025,2,aplikasi bantu efin tidak menit proses selesai,"['aplikasi', 'bantu', 'efin', 'tidak', 'menit', 'proses', 'selesai']"
Pengguna Google,1,2024-06-09 21:11:19,Mau daftar ko ga bisa mulu....,0,1.4.0,6,30,2024-06,False,Negatif,2024,0,daftar ko tidak mulu,"['daftar', 'ko', 'tidak', 'mulu']"
Pengguna Google,5,2024-02-29 11:08:06,Ok,0,1.3.0,1,2,2024-02,True,Positif,2024,2,ok,['ok']
Yusuf Setiawan,1,2025-12-15 10:07:41,worst app i have ever used,0,2.0.6,6,26,2025-12,False,Negatif,2025,0,worst aplikasi have ever used,"['worst', 'aplikasi', 'have', 'ever', 'used']"
Rizky Radiansyah,1,2024-03-28 08:44:33,"Gangguan mulu elah, mau ngurusin pajak tapi aksesnya dipersulit. Aneh.",0,1.4.0,10,70,2024-03,False,Negatif,2024,0,ganggu mulu elah ngurusin pajak akses sulit aneh,"['ganggu', 'mulu', 'elah', 'ngurusin', 'pajak', 'akses', 'sulit', 'aneh']"
Pengguna Google,1,2026-02-27 20:45:05,fiturnya kurang lengkap,0,3.0.6,3,23,2026-02,False,Negatif,2026,0,fiturnya lengkap,"['fiturnya', 'lengkap']"
Pengguna Google,1,2026-02-12 06:58:36,APLIKASI INI TIDAK KOMPATIBEL DENGAN PERANGKAT ANDA... HAHAHA,0,2.0.6,8,61,2026-02,False,Negatif,2026,0,aplikasi tidak kompatibel perangkat hahaha,"['aplikasi', 'tidak', 'kompatibel', 'perangkat', 'hahaha']"
Pengguna Google,1,2025-02-25 12:15:54,Gak jadi bayar pajak,0,unknown,4,20,2025-02,False,Negatif,2025,0,tidak bayar pajak,"['tidak', 'bayar', 'pajak']"
Pengguna Google,1,2025-03-12 18:21:25,Apakah tidak ada cara yang lebih mudah untuk melaporkan pajak secara online? Alur lapor pajak sangat sulit dipahami oleh orang awam seperti saya,0,2.0.3,23,144,2025-03,False,Negatif,2025,0,tidak mudah lapor pajak online alur lapor pajak sulit paham orang awam,"['tidak', 'mudah', 'lapor', 'pajak', 'online', 'alur', 'lapor', 'pajak', 'sulit', 'paham', 'orang', 'awam']"
Pengguna Google,1,2026-01-18 08:50:30,aplikasi sampahh,0,2.0.6,2,16,2026-01,False,Negatif,2026,0,aplikasi sampahh,"['aplikasi', 'sampahh']"
Pengguna Google,1,2026-02-24 20:56:33,negara kaya aplikasinya miskin,0,3.0.6,4,30,2026-02,False,Negatif,2026,0,negara kaya aplikasi miskin,"['negara', 'kaya', 'aplikasi', 'miskin']"
Pengguna Google,5,2024-04-18 10:49:02,Mbaknya SABAR Banget.. TERIMA KASIH.,0,1.4.0,5,36,2024-04,False,Positif,2024,2,mbak sabar terima kasih,"['mbak', 'sabar', 'terima', 'kasih']"
Pengguna Google,5,2025-12-19 19:11:00,"ok,,, sip",0,2.0.4,2,9,2025-12,False,Positif,2025,2,ok sip,"['ok', 'sip']"
Pengguna Google,5,2025-10-11 20:28:04,top,0,2.0.3,1,3,2025-10,True,Positif,2025,2,top,['top']
Pengguna Google,1,2026-03-31 19:12:54,"kita mau bayar pajak, kita keluar uang kita yang repot dan ribet. kalo aplikasinya mudah dan lancar sih mending ya. lah ini apaan dah sampah banget",0,unknown,26,147,2026-03,False,Negatif,2026,0,bayar pajak uang repot ribet kalo aplikasi mudah lancar mending dah sampah,"['bayar', 'pajak', 'uang', 'repot', 'ribet', 'kalo', 'aplikasi', 'mudah', 'lancar', 'mending', 'dah', 'sampah']"
Pengguna Google,5,2025-11-06 00:46:18,oke mbaik 👍👍👍👍👍,0,unknown,3,15,2025-11,False,Positif,2025,2,oke mbaik,"['oke', 'mbaik']"
Pengguna Google,5,2025-01-21 18:49:57,Mntap,0,2.0.3,1,5,2025-01,False,Positif,2025,2,mntap,['mntap']
Pengguna Google,1,2024-02-29 09:07:40,"Ribet, lama, nyusahin, dicoba berkali kali minta kode efin kgak bisa2",0,1.3.0,11,69,2024-02,False,Negatif,2024,0,ribet nyusahin coba kali kali kode efin kgak,"['ribet', 'nyusahin', 'coba', 'kali', 'kali', 'kode', 'efin', 'kgak']"
Pengguna Google,5,2024-06-07 09:11:08,Sangat membantu saya dalam laporan tahunan,0,1.4.0,6,42,2024-06,False,Positif,2024,2,bantu lapor tahun,"['bantu', 'lapor', 'tahun']"
Pengguna Google,5,2024-05-25 00:28:42,mantap,0,unknown,1,6,2024-05,True,Positif,2024,2,mantap,['mantap']
Pengguna Google,1,2026-01-01 01:04:18,tolol menyusahkan saja,0,unknown,3,22,2026-01,False,Negatif,2026,0,tolol susah,"['tolol', 'susah']"
Pengguna Google,5,2025-01-03 14:54:29,tambah mudah aman,0,2.0.1,3,17,2025-01,False,Positif,2025,2,mudah aman,"['mudah', 'aman']"
Pengguna Google,5,2026-04-07 05:17:25,bagus,0,3.0.6,1,5,2026-04,True,Positif,2026,2,bagus,['bagus']
Pengguna Google,1,2026-04-08 17:29:14,apk eror terus gk bisa login,0,unknown,6,28,2026-04,False,Negatif,2026,0,aplikasi eror tidak login,"['aplikasi', 'eror', 'tidak', 'login']"
Pengguna Google,5,2025-08-14 02:09:05,bagus,0,2.0.4,1,5,2025-08,True,Positif,2025,2,bagus,['bagus']
Pengguna Google,1,2026-02-10 09:42:49,"aplikasi apaan sih ini, baru download 5 menit udah minta update aja, terus buat aktivasi akun tinggal kirim pernyataan aja gagal mulu, dah lah, tahun ini gak usah lapor SPT. bodo amat, bukan gue yang gak mau lapor tapi aplikasinya ribet. aku mau laporan apa yang sudah aku bayar lho, bukan mau ngerampok, kok dibikin ribet sih.",3,3.0.5,57,327,2026-02,False,Negatif,2026,0,aplikasi download menit update aktivasi akun tinggal kirim nyata gagal mulu dah tidak lapor spt bodo bukan gue tidak lapor aplikasi ribet lapor bayar lho bukan ngerampok bikin ribet,"['aplikasi', 'download', 'menit', 'update', 'aktivasi', 'akun', 'tinggal', 'kirim', 'nyata', 'gagal', 'mulu', 'dah', 'tidak', 'lapor', 'spt', 'bodo', 'bukan', 'gue', 'tidak', 'lapor', 'aplikasi', 'ribet', 'lapor', 'bayar', 'lho', 'bukan', 'ngerampok', 'bikin', 'ribet']"
Pengguna Google,5,2025-03-25 13:43:13,"sangat membantu sekali, jika lupa password bis langsung kunjungi website djp online jaa",1,2.0.4,13,87,2025-03,False,Positif,2025,2,bantu lupa password bis langsung kunjung website djp online jaa,"['bantu', 'lupa', 'password', 'bis', 'langsung', 'kunjung', 'website', 'djp', 'online', 'jaa']"
Pengguna Google,5,2025-02-16 07:12:43,Liked,0,unknown,1,5,2025-02,False,Positif,2025,2,liked,['liked']
Pengguna Google,5,2025-12-30 09:58:48,agak eror jaringannya,0,2.0.6,3,21,2025-12,False,Positif,2025,2,eror jaring,"['eror', 'jaring']"
Pengguna Google,1,2025-01-31 06:50:27,"GIMANA RAKYAT MAU BAYAR PAJAK URUSAN APLIKASI AJA BANYAK ERORNYA BUGNYA DIMANA MANA, HEIII PERBAIKI DULU APLIKASIMU JANGAN KORUPSI MELULU",0,2.0.3,20,137,2025-01,False,Negatif,2025,0,rakyat bayar pajak urus aplikasi eror bugnya mana heiii baik aplikasi jangan korupsi melulu,"['rakyat', 'bayar', 'pajak', 'urus', 'aplikasi', 'eror', 'bugnya', 'mana', 'heiii', 'baik', 'aplikasi', 'jangan', 'korupsi', 'melulu']"
Pengguna Google,5,2024-03-10 12:04:47,Ok,0,1.4.0,1,2,2024-03,True,Positif,2024,2,ok,['ok']
Pengguna Google,5,2026-04-29 14:40:07,good,0,3.0.6,1,4,2026-04,True,Positif,2026,2,good,['good']
Pengguna Google,1,2025-01-02 11:42:59,Ga guna,0,2.0.1,2,7,2025-01,True,Negatif,2025,0,tidak,['tidak']
Pengguna Google,1,2024-08-12 13:51:35,"Gada gunanya, link mereka gabisa diakses wkwkwk",0,1.4.0,7,47,2024-08,False,Negatif,2024,0,gada guna link tidak akses wkwkwk,"['gada', 'guna', 'link', 'tidak', 'akses', 'wkwkwk']"
Pengguna Google,1,2024-03-30 21:12:17,aplikasi apa ini? sampah 🤣,0,1.4.0,5,26,2024-03,False,Negatif,2024,0,aplikasi sampah,"['aplikasi', 'sampah']"
Pengguna Google,1,2025-12-24 19:32:55,aplikasi tak beres. bintang 1.. makan kau la itu.,0,unknown,9,49,2025-12,False,Negatif,2025,0,aplikasi tak beres bintang makan kau la,"['aplikasi', 'tak', 'beres', 'bintang', 'makan', 'kau', 'la']"
Pengguna Google,5,2024-03-02 18:26:48,Tampa ribet dan proses cepat,0,unknown,5,28,2024-03,False,Positif,2024,2,tampa ribet proses cepat,"['tampa', 'ribet', 'proses', 'cepat']"
Pengguna Google,5,2024-12-17 07:59:04,"Hati hati dengan penipuan dengan mengatasnamakan pengembalian pajak, karena ada aplikasi m pajak yang bisa hack device , hati hati",0,unknown,20,130,2024-12,False,Positif,2024,2,hati hati tipu mengatasnamakan kembali pajak aplikasi pajak hack device hati hati,"['hati', 'hati', 'tipu', 'mengatasnamakan', 'kembali', 'pajak', 'aplikasi', 'pajak', 'hack', 'device', 'hati', 'hati']"
Pengguna Google,1,2026-04-30 10:08:52,"Aplikasi kentang, mau masuk akun gabisa². siaa siaa uang pajak gw 👎",0,unknown,12,67,2026-04,False,Negatif,2026,0,aplikasi kentang masuk akun tidak siaa siaa uang pajak gw,"['aplikasi', 'kentang', 'masuk', 'akun', 'tidak', 'siaa', 'siaa', 'uang', 'pajak', 'gw']"
Pengguna Google,5,2024-01-11 07:49:23,"Buat yang kemarin kemarin kecewa sama aplikasi ini, sekarang sudah beda ya, sat set cepat dan mudah sekali dalam penggunaan nya, mantap djp dan tim IT nya",2,1.2.5,27,154,2024-01,False,Positif,2024,2,kemarin kemarin kecewa aplikasi beda sat set cepat mudah guna nya mantap djp tim it nya,"['kemarin', 'kemarin', 'kecewa', 'aplikasi', 'beda', 'sat', 'set', 'cepat', 'mudah', 'guna', 'nya', 'mantap', 'djp', 'tim', 'it', 'nya']"
Pengguna Google,1,2026-03-06 19:27:51,"Ini apk apaan sii,verify token NO nggga mask masuk udah 3 hari,Tolong lah di perbaiki,kami masyarakat resah melihat masalah kaya gini,",1,3.0.6,21,134,2026-03,False,Negatif,2026,0,aplikasi sii verify token nomor nggga mask masuk tolong baik masyarakat resah kaya,"['aplikasi', 'sii', 'verify', 'token', 'nomor', 'nggga', 'mask', 'masuk', 'tolong', 'baik', 'masyarakat', 'resah', 'kaya']"
Pengguna Google,5,2026-02-01 10:15:58,M-Pajak..👍💯💪,0,2.0.6,1,12,2026-02,False,Positif,2026,2,pajak,['pajak']
Muhammad Qoidy,1,2024-03-28 11:41:59,Uang pajak dari rakyat mungkin kurang untuk membuat aplikasi yang proper 😅 critical error mulu setiap mau dipakai 👍,0,unknown,19,115,2024-03,False,Negatif,2024,0,uang pajak rakyat aplikasi proper critical error mulu pakai,"['uang', 'pajak', 'rakyat', 'aplikasi', 'proper', 'critical', 'error', 'mulu', 'pakai']"
Pengguna Google,1,2025-03-06 16:26:44,"Parah ini aplikasi, sudah bnyak yg mengeluhkan. Coba login lewat web jg salah trs eror, pdhal nik sm pswrd udah bener. Thn kmren lancar2 aja, knp skarng jd susah ribet gini. Halahhh",0,unknown,32,181,2025-03,False,Negatif,2025,0,parah aplikasi bnyak keluh coba login web salah eror pdhal nik pswrd bener thn kmren lancar skarng susah ribet halahhh,"['parah', 'aplikasi', 'bnyak', 'keluh', 'coba', 'login', 'web', 'salah', 'eror', 'pdhal', 'nik', 'pswrd', 'bener', 'thn', 'kmren', 'lancar', 'skarng', 'susah', 'ribet', 'halahhh']"
Pengguna Google,5,2025-08-16 07:09:08,ok,0,2.0.4,1,2,2025-08,True,Positif,2025,2,ok,['ok']
Pengguna Google,5,2024-01-16 09:04:47,Mantaap,0,1.2.5,1,7,2024-01,True,Positif,2024,2,mantaap,['mantaap']
Pengguna Google,5,2025-03-16 14:02:45,Jadi mudah,0,unknown,2,10,2025-03,False,Positif,2025,2,mudah,['mudah']
Pengguna Google,1,2026-04-01 03:49:39,"aplikasi BUSUK, mau daftar pajak aja mengisi kontak wajib pajak padahal email dan no hp sudah di isi dan di verifikasi dengan benar, tombol lanjut malah ga aktif atau muncul (gabisa di klik) jadi stuck. hidup di negara KORUP ya gini",9,3.0.6,41,232,2026-04,False,Negatif,2026,0,aplikasi busuk daftar pajak isi kontak wajib pajak email nomor handphone isi verifikasi tombol tidak aktif muncul tidak klik stuck hidup negara korup,"['aplikasi', 'busuk', 'daftar', 'pajak', 'isi', 'kontak', 'wajib', 'pajak', 'email', 'nomor', 'handphone', 'isi', 'verifikasi', 'tombol', 'tidak', 'aktif', 'muncul', 'tidak', 'klik', 'stuck', 'hidup', 'negara', 'korup']"
Pengguna Google,5,2025-01-04 09:10:27,Ok 👍,0,2.0.1,2,4,2025-01,False,Positif,2025,2,ok,['ok']
Agsin Alan,1,2025-12-30 19:42:46,"banyak bermasalah, tidak membantu masyarakat",0,2.0.6,5,44,2025-12,False,Negatif,2025,0,masalah tidak bantu masyarakat,"['masalah', 'tidak', 'bantu', 'masyarakat']"
Pengguna Google,5,2025-03-08 10:07:06,"Proses permohonan EFIN, semenit langsung jadi. Cepet sekali, tidak ada kendala apapun. 👍🏻",0,2.0.3,13,89,2025-03,False,Positif,2025,2,proses mohon efin menit langsung cepet tidak kendala apa,"['proses', 'mohon', 'efin', 'menit', 'langsung', 'cepet', 'tidak', 'kendala', 'apa']"
Pengguna Google,1,2024-06-25 12:31:54,Yuk REPORT Apk nya ke playstore sebagai Apk mencurigakan biar di hapus Aplikasi SAMPAH,0,1.4.0,14,86,2024-06,False,Negatif,2024,0,yuk report aplikasi nya playstore aplikasi curiga biar hapus aplikasi sampah,"['yuk', 'report', 'aplikasi', 'nya', 'playstore', 'aplikasi', 'curiga', 'biar', 'hapus', 'aplikasi', 'sampah']"
Pengguna Google,1,2026-03-29 16:43:00,"sistem buruk, cuma mau lapor pajak saja verifikasi data error terus",0,3.0.6,11,67,2026-03,False,Negatif,2026,0,sistem buruk lapor pajak verifikasi data error,"['sistem', 'buruk', 'lapor', 'pajak', 'verifikasi', 'data', 'error']"
Pengguna Google,5,2024-01-25 18:00:01,Dapat mempermudah dalam pengecekan dan cepat mendapat informasi. makasih,0,unknown,9,72,2024-01,False,Positif,2024,2,mudah kece cepat informasi terima kasih,"['mudah', 'kece', 'cepat', 'informasi', 'terima', 'kasih']"
Pengguna Google,2,2024-02-02 09:55:02,Todak mendapatkan email verifikasi...,0,1.2.5,4,37,2024-02,False,Negatif,2024,0,todak email verifikasi,"['todak', 'email', 'verifikasi']"
Pengguna Google,5,2025-12-23 10:37:32,oke,0,2.0.6,1,3,2025-12,True,Positif,2025,2,oke,['oke']
Pengguna Google,1,2026-04-02 13:18:59,"setiap kali melakukan percobaan aktivasi muncul notif seperti ini ""We can not verify your identity! (GenericError)""",0,3.0.6,16,115,2026-04,False,Negatif,2026,0,kali coba aktivasi muncul notif we can not verify your identity genericerror,"['kali', 'coba', 'aktivasi', 'muncul', 'notif', 'we', 'can', 'not', 'verify', 'your', 'identity', 'genericerror']"
Pengguna Google,5,2025-01-18 06:11:32,Okk,0,unknown,1,3,2025-01,False,Positif,2025,2,okk,['okk']
Ahsan Budi,1,2026-04-04 14:47:35,"It should be 0 star. The most hated app with full bugs in there. Surprising this app is funded by official Direktorat Jendral Pajak, the most prestigious Directorate in Indonesia.",3,3.0.6,30,179,2026-04,False,Negatif,2026,0,it should be star the most hated aplikasi with full bugs in there surprising this aplikasi is funded by official direktorat jendral pajak the most prestigious directorate in indonesia,"['it', 'should', 'be', 'star', 'the', 'most', 'hated', 'aplikasi', 'with', 'full', 'bugs', 'in', 'there', 'surprising', 'this', 'aplikasi', 'is', 'funded', 'by', 'official', 'direktorat', 'jendral', 'pajak', 'the', 'most', 'prestigious', 'directorate', 'in', 'indonesia']"
Pengguna Google,1,2024-02-06 02:21:42,"mau daftar aja susah harus ada EFIN segala,apk pajak aneh bukannya membantu ini mlah mempersulit",1,1.3.0,15,96,2024-02,False,Negatif,2024,0,daftar susah efin aplikasi pajak aneh bantu mlah sulit,"['daftar', 'susah', 'efin', 'aplikasi', 'pajak', 'aneh', 'bantu', 'mlah', 'sulit']"
Pengguna Google,1,2025-06-16 07:06:44,"apk busuk, verifikasi lama",0,2.0.4,4,26,2025-06,False,Negatif,2025,0,aplikasi busuk verifikasi,"['aplikasi', 'busuk', 'verifikasi']"
Pengguna Google,1,2024-10-25 16:21:31,Korup anggaran mulu ya gini,0,unknown,5,27,2024-10,False,Negatif,2024,0,korup anggar mulu,"['korup', 'anggar', 'mulu']"
Pengguna Google,1,2026-04-02 21:30:53,"GK jelas, sdh isi semua data hasil akhirnya gagal terus. Auto uninstall",0,3.0.6,12,71,2026-04,False,Negatif,2026,0,tidak isi data hasil gagal auto uninstall,"['tidak', 'isi', 'data', 'hasil', 'gagal', 'auto', 'uninstall']"
Pengguna Google,5,2026-04-20 11:20:12,baik,0,unknown,1,4,2026-04,True,Positif,2026,2,,[]
Pengguna Google,5,2024-02-06 16:34:17,Ok,0,unknown,1,2,2024-02,True,Positif,2024,2,ok,['ok']
Pengguna Google,1,2024-01-27 07:01:22,Cacat,0,1.2.5,1,5,2024-01,True,Negatif,2024,0,cacat,['cacat']
Pengguna Google,1,2026-03-19 10:34:57,"aplikasi sampah!!! mau login aja dipersulit, mau ganti email sama no hp aja sulit . mau login kendala jaringan tidak terhubung ke internet. susah banget mau lapor pajak aja. giliran gk lapor koar-koar . solusi jga gk ada . percuma bikin aplikasi tpi gk bisa dipake",0,unknown,46,264,2026-03,False,Negatif,2026,0,aplikasi sampah login sulit ganti email nomor handphone sulit login kendala jaring tidak hubung internet susah lapor pajak gilir tidak lapor koar koar solusi tidak bikin aplikasi tidak dipake,"['aplikasi', 'sampah', 'login', 'sulit', 'ganti', 'email', 'nomor', 'handphone', 'sulit', 'login', 'kendala', 'jaring', 'tidak', 'hubung', 'internet', 'susah', 'lapor', 'pajak', 'gilir', 'tidak', 'lapor', 'koar', 'koar', 'solusi', 'tidak', 'bikin', 'aplikasi', 'tidak', 'dipake']"
Pengguna Google,1,2024-06-09 04:36:08,Aplikasi sampah ga guna,0,1.4.0,4,23,2024-06,False,Negatif,2024,0,aplikasi sampah tidak,"['aplikasi', 'sampah', 'tidak']"
Pengguna Google,5,2026-02-13 15:38:52,propesional,0,2.0.6,1,11,2026-02,False,Positif,2026,2,propesional,['propesional']
naura nadine,1,2025-04-28 20:17:33,buruk,0,2.0.4,1,5,2025-04,True,Negatif,2025,0,buruk,['buruk']
Pengguna Google,1,2025-01-17 23:58:22,"Username dan password salah wkwkk, eror.",0,2.0.3,6,40,2025-01,False,Negatif,2025,0,username password salah wkwkk eror,"['username', 'password', 'salah', 'wkwkk', 'eror']"
Pengguna Google,5,2025-02-19 16:44:45,Sangat membantu,0,1.4.0,2,15,2025-02,True,Positif,2025,2,bantu,['bantu']
Pengguna Google,1,2024-10-19 14:58:13,Tolong web nya perbaiki lama bener mau daftar online,0,1.4.0,9,52,2024-10,False,Negatif,2024,0,tolong web nya baik bener daftar online,"['tolong', 'web', 'nya', 'baik', 'bener', 'daftar', 'online']"
Pengguna Google,5,2024-03-27 01:58:11,Oke,0,1.4.0,1,3,2024-03,True,Positif,2024,2,oke,['oke']
Hendy Gunawan Prasetyo,1,2025-08-10 10:50:47,sumpah menyusahkan nian,0,unknown,3,23,2025-08,False,Negatif,2025,0,sumpah susah nian,"['sumpah', 'susah', 'nian']"
Pengguna Google,5,2025-09-05 09:25:58,sangat membantu,0,2.0.5,2,15,2025-09,True,Positif,2025,2,bantu,['bantu']
Pengguna Google,1,2026-02-21 04:22:46,"Kewajiban hrus lapor , Tp dikasih aplikasi kayak gini, Errrror mulu gak bisa2.",0,1.4.0,13,78,2026-02,False,Negatif,2026,0,wajib lapor kasih aplikasi kayak errrror mulu tidak,"['wajib', 'lapor', 'kasih', 'aplikasi', 'kayak', 'errrror', 'mulu', 'tidak']"
Pengguna Google,1,2026-03-20 07:58:56,aplikasinya sama aja websitenya di buka kalao sudah nyampe e billing dan ketika salah pembetulan juga susah .,1,3.0.6,18,109,2026-03,False,Negatif,2026,0,aplikasi websitenya buka kalao nyampe billing salah betul susah,"['aplikasi', 'websitenya', 'buka', 'kalao', 'nyampe', 'billing', 'salah', 'betul', 'susah']"
Pengguna Google,1,2025-03-30 05:43:12,bad,0,2.0.4,1,3,2025-03,True,Negatif,2025,0,bad,['bad']
Pengguna Google,1,2026-01-10 07:41:20,aplikasi apa ini GK bisa login,0,2.0.6,6,30,2026-01,False,Negatif,2026,0,aplikasi tidak login,"['aplikasi', 'tidak', 'login']"
Pengguna Google,1,2024-12-16 12:15:26,"Ini yg ngurus aplikasi kerjanya ngapain aja ya, bug tombol verifikasi otp efin ga bisa di klik, jangan makan gaji buta bro, kerja yang bener, urus aplikasi yang bener",0,unknown,29,166,2024-12,False,Negatif,2024,0,ngurus aplikasi kerja ngapain bug tombol verifikasi otp efin tidak klik jangan makan gaji buta bro kerja bener urus aplikasi bener,"['ngurus', 'aplikasi', 'kerja', 'ngapain', 'bug', 'tombol', 'verifikasi', 'otp', 'efin', 'tidak', 'klik', 'jangan', 'makan', 'gaji', 'buta', 'bro', 'kerja', 'bener', 'urus', 'aplikasi', 'bener']"
Pengguna Google,5,2024-07-29 10:31:40,Ok,0,1.4.0,1,2,2024-07,True,Positif,2024,2,ok,['ok']
Pengguna Google,5,2024-11-06 22:32:02,Nomor tin,0,1.4.0,2,9,2024-11,False,Positif,2024,2,nomor tin,"['nomor', 'tin']"
Pengguna Google,1,2025-01-10 11:11:02,ga guna aplikasi sampah,0,unknown,4,23,2025-01,False,Negatif,2025,0,tidak aplikasi sampah,"['tidak', 'aplikasi', 'sampah']"
Pengguna Google,1,2024-01-30 17:27:13,Aplikasi busuk bukanya mempermudah malah bikin sulit gak ikhlas bgt buat aplikasi Hapus aja app ini gk ada gunanya juga,0,unknown,20,119,2024-01,False,Negatif,2024,0,aplikasi busuk buka mudah bikin sulit tidak ikhlas aplikasi hapus aplikasi tidak guna,"['aplikasi', 'busuk', 'buka', 'mudah', 'bikin', 'sulit', 'tidak', 'ikhlas', 'aplikasi', 'hapus', 'aplikasi', 'tidak', 'guna']"
Pengguna Google,1,2024-05-24 22:30:04,Aplikasi gak jelas gak respon ketika dibuka,0,1.4.0,7,43,2024-05,False,Negatif,2024,0,aplikasi tidak tidak respon buka,"['aplikasi', 'tidak', 'tidak', 'respon', 'buka']"
Pengguna Google,5,2024-01-11 01:10:19,Sangat membantu sekali,0,unknown,3,22,2024-01,True,Positif,2024,2,bantu,['bantu']
Pengguna Google,5,2024-10-23 08:41:52,Saya sangat terbantu,0,1.4.0,3,20,2024-10,False,Positif,2024,2,bantu,['bantu']
Pengguna Google,1,2026-03-31 21:21:46,aplikasi memusingkan. udah mah kita wajib bayar pajak. mau aktivasi ribet minta ampun. aplikasi yg tadinya buat memudahkan malah bikin pusing.,0,3.0.6,21,142,2026-03,False,Negatif,2026,0,aplikasi pusing mah wajib bayar pajak aktivasi ribet ampun aplikasi mudah bikin pusing,"['aplikasi', 'pusing', 'mah', 'wajib', 'bayar', 'pajak', 'aktivasi', 'ribet', 'ampun', 'aplikasi', 'mudah', 'bikin', 'pusing']"
Pengguna Google,5,2024-12-25 20:57:57,"Terimakasih min updetan kali ini lebih baik drpda sebelumnya, sekarang tombol OTP verifikasinya sdh bisa d klik, jadi mudah deh untuk mendapatkan EFIN",5,2.0.1,23,150,2024-12,False,Positif,2024,2,terimakasih min updetan kali drpda tombol otp verifikasi klik mudah efin,"['terimakasih', 'min', 'updetan', 'kali', 'drpda', 'tombol', 'otp', 'verifikasi', 'klik', 'mudah', 'efin']"
Pengguna Google,5,2024-02-07 10:00:00,Mantap,0,unknown,1,6,2024-02,True,Positif,2024,2,mantap,['mantap']
Pengguna Google,1,2025-10-04 08:53:40,"Aplikasi yang bagus, ini bintang dariku😹",0,unknown,6,40,2025-10,False,Negatif,2025,0,aplikasi bagus bintang dari,"['aplikasi', 'bagus', 'bintang', 'dari']"
Pengguna Google,5,2026-02-03 09:55:51,baik,0,2.0.6,1,4,2026-02,True,Positif,2026,2,,[]
Pengguna Google,1,2024-06-06 17:10:01,"Aplikasi lemott, customer service cuma ada bot doang lagi. App pemerintah gada yg beress, apa anggaranya dikorupsi?",0,unknown,17,115,2024-06,False,Negatif,2024,0,aplikasi lemott customer service bot aplikasi perintah gada beress anggara korupsi,"['aplikasi', 'lemott', 'customer', 'service', 'bot', 'aplikasi', 'perintah', 'gada', 'beress', 'anggara', 'korupsi']"
Vandri Yuliansyah,1,2026-01-16 10:49:16,"di web bisa login, tapi di aplikasi malah kebaca username atau password salah",0,unknown,13,77,2026-01,False,Negatif,2026,0,web login aplikasi baca username password salah,"['web', 'login', 'aplikasi', 'baca', 'username', 'password', 'salah']"
Christina Prameswari,1,2025-03-30 20:26:19,gak bisa login,0,unknown,3,14,2025-03,True,Negatif,2025,0,tidak login,"['tidak', 'login']"
Pengguna Google,1,2024-06-11 12:39:52,untuk login ke aplikasi ribet sekali kirain daftar udh bisa login ke aplikasi ternyata gak .. tidak bisa login terus harus datang ke kpp terdekat untuk mendapatkan efin jadi apa gunanya online ini,15,1.4.0,33,196,2024-06,False,Negatif,2024,0,login aplikasi ribet kirain daftar login aplikasi tidak tidak login kpp dekat efin guna online,"['login', 'aplikasi', 'ribet', 'kirain', 'daftar', 'login', 'aplikasi', 'tidak', 'tidak', 'login', 'kpp', 'dekat', 'efin', 'guna', 'online']"
Pengguna Google,1,2024-06-24 11:49:35,Aplikasi pemerintah.. menyulitkan masyarakat...wa nyuruh laporan online.. giliran akses aplikasi susahnya minta ampun...hadehhhh,0,1.4.0,13,128,2024-06,False,Negatif,2024,0,aplikasi perintah sulit masyarakat wa nyuruh lapor online gilir akses aplikasi susah ampun hadehhhh,"['aplikasi', 'perintah', 'sulit', 'masyarakat', 'wa', 'nyuruh', 'lapor', 'online', 'gilir', 'akses', 'aplikasi', 'susah', 'ampun', 'hadehhhh']"
Pengguna Google,1,2025-01-09 11:52:23,Aplikasi sampah. Server cacat,0,unknown,4,29,2025-01,False,Negatif,2025,0,aplikasi sampah server cacat,"['aplikasi', 'sampah', 'server', 'cacat']"
Pengguna Google,1,2026-03-28 18:53:48,Jelek,0,1.4.0,1,5,2026-03,True,Negatif,2026,0,jelek,['jelek']
Pengguna Google,1,2026-02-12 10:44:50,disuruh ganti kata sandi malah verifikasi email gak masuk,0,3.0.6,9,57,2026-02,False,Negatif,2026,0,suruh ganti sandi verifikasi email tidak masuk,"['suruh', 'ganti', 'sandi', 'verifikasi', 'email', 'tidak', 'masuk']"
Ridho Wardanu,1,2026-03-28 19:20:20,"App gak guna, sekelas Djp masa IT nya lawak 😁",0,3.0.6,10,45,2026-03,False,Negatif,2026,0,aplikasi tidak kelas djp it nya lawak,"['aplikasi', 'tidak', 'kelas', 'djp', 'it', 'nya', 'lawak']"
Pengguna Google,1,2024-03-26 09:49:31,Gk bisa dibuka,0,unknown,3,14,2024-03,False,Negatif,2024,0,tidak buka,"['tidak', 'buka']"
Pengguna Google,5,2024-07-16 16:10:43,Mantap,0,1.4.0,1,6,2024-07,True,Positif,2024,2,mantap,['mantap']
Pengguna Google,5,2025-03-18 19:05:12,sangat membantu banget untuk membuAt efin dengan mudah,0,2.0.3,8,54,2025-03,False,Positif,2025,2,bantu efin mudah,"['bantu', 'efin', 'mudah']"
Pengguna Google,5,2024-06-04 05:53:56,Bagus dan sangat membantu,0,1.4.0,4,25,2024-06,False,Positif,2024,2,bagus bantu,"['bagus', 'bantu']"
Pengguna Google,5,2026-04-11 22:23:09,kembang terus sistem ya agar lebih lancar dan baik terima kasih atas kemudahan ya,0,3.0.9,14,81,2026-04,False,Positif,2026,2,kembang sistem lancar terima kasih mudah,"['kembang', 'sistem', 'lancar', 'terima', 'kasih', 'mudah']"
Pengguna Google,1,2024-05-22 18:34:45,"Tolong Aplikasi diperbaiki lagi, ini sudah tahun 2024 semua serba modern harusnya diupgrade lebih baik agar tidak macet dan lag, Aplikasi fungsi seharusnya untuk mempermudah bukan untuk mempersulit",0,unknown,28,197,2024-05,False,Negatif,2024,0,tolong aplikasi baik serba modern diupgrade tidak macet lag aplikasi fungsi mudah bukan sulit,"['tolong', 'aplikasi', 'baik', 'serba', 'modern', 'diupgrade', 'tidak', 'macet', 'lag', 'aplikasi', 'fungsi', 'mudah', 'bukan', 'sulit']"
Pengguna Google,5,2026-02-25 19:10:26,good,0,3.0.6,1,4,2026-02,True,Positif,2026,2,good,['good']
Pengguna Google,5,2025-02-19 11:21:58,Pas liat ulasan dan rating sempet bikin overthinking krn aku lupa EFIN tapi akhirnya tetep coba download ternyata aplikasinya gak seburuk yg ditulis di ulasan. Mudah & lancar pas digunakan cepet juga dapetin EFIN-nya & langsung dikirim ke email. Tingkatkan terus & semoga semakin baik aplikasinya supaya orang² makin mudah menggunakannya. Terima kasih,32,2.0.3,53,351,2025-02,False,Positif,2025,2,pas liat ulas rating sempet bikin overthinking lupa efin tetep coba download aplikasi tidak buruk tulis ulas mudah lancar pas cepet dapetin efin nya langsung kirim email tingkat moga aplikasi orang mudah guna terima kasih,"['pas', 'liat', 'ulas', 'rating', 'sempet', 'bikin', 'overthinking', 'lupa', 'efin', 'tetep', 'coba', 'download', 'aplikasi', 'tidak', 'buruk', 'tulis', 'ulas', 'mudah', 'lancar', 'pas', 'cepet', 'dapetin', 'efin', 'nya', 'langsung', 'kirim', 'email', 'tingkat', 'moga', 'aplikasi', 'orang', 'mudah', 'guna', 'terima', 'kasih']"
Pengguna Google,1,2025-03-10 18:10:25,"Aplikasinya bagus banget, chat live susah banget buat nyambung ke agen. Lewat web browser djp online pun sama, sekarang kok gabisa ubah email lama? Tidak tersedia juga penghapusan akun djp online",6,2.0.3,31,195,2025-03,False,Negatif,2025,0,aplikasi bagus chat live susah nyambung agen web browser djp online tidak ubah email tidak sedia hapus akun djp online,"['aplikasi', 'bagus', 'chat', 'live', 'susah', 'nyambung', 'agen', 'web', 'browser', 'djp', 'online', 'tidak', 'ubah', 'email', 'tidak', 'sedia', 'hapus', 'akun', 'djp', 'online']"
Pengguna Google,5,2024-02-25 00:28:17,Completely the Patient One,0,1.3.0,4,26,2024-02,False,Positif,2024,2,completely the patient one,"['completely', 'the', 'patient', 'one']"
Pengguna Google,1,2026-02-22 10:40:09,aplikasi ga guna. password dia sendiri yg ngasih kok dipake login gabisa. nyusahin doang,3,3.0.6,14,88,2026-02,False,Negatif,2026,0,aplikasi tidak password ngasih dipake login tidak nyusahin,"['aplikasi', 'tidak', 'password', 'ngasih', 'dipake', 'login', 'tidak', 'nyusahin']"
Pengguna Google,1,2024-06-25 12:50:23,Sekelas pemerintah Indonesia aplikasinya kayak gini tapi pajak trs ditingkatkan,0,1.4.0,10,79,2024-06,False,Negatif,2024,0,kelas perintah indonesia aplikasi kayak pajak tingkat,"['kelas', 'perintah', 'indonesia', 'aplikasi', 'kayak', 'pajak', 'tingkat']"
Pengguna Google,1,2024-10-03 16:10:27,Web nya error aplikasinya error respon nya lama,0,1.4.0,8,47,2024-10,False,Negatif,2024,0,web nya error aplikasi error respon nya,"['web', 'nya', 'error', 'aplikasi', 'error', 'respon', 'nya']"
Pengguna Google,4,2024-02-21 13:30:27,Masih belum bisa aplikasinya,0,1.3.0,4,28,2024-02,False,Positif,2024,2,belum aplikasi,"['belum', 'aplikasi']"
Pengguna Google,1,2025-11-06 20:55:27,sangat buruk sekali,0,2.0.6,3,19,2025-11,False,Negatif,2025,0,buruk,['buruk']
Pengguna Google,1,2026-03-27 06:15:16,"mohon untuk diperbaiki lagi. sudah banyak komplain terkait aplikasi yang kualitasnya rendah tapi masih saja tidak diperbarui. untuk aktivasi akun saja sudah mengalami kesulitan luar biasa. setiap kali masukkan email dan no telp selalu salah, error padahal kita yang tau persis itu benar.",0,unknown,43,287,2026-03,False,Negatif,2026,0,mohon baik komplain kait aplikasi kualitas rendah tidak baru aktivasi akun alami sulit kali masuk email nomor telp salah error persis,"['mohon', 'baik', 'komplain', 'kait', 'aplikasi', 'kualitas', 'rendah', 'tidak', 'baru', 'aktivasi', 'akun', 'alami', 'sulit', 'kali', 'masuk', 'email', 'nomor', 'telp', 'salah', 'error', 'persis']"
Pengguna Google,1,2025-03-10 00:29:59,buat yg nomer npwp nya 16 digit ga guna apk nya ga bisa masuk,0,2.0.3,14,61,2025-03,False,Negatif,2025,0,nomer npwp nya digit tidak aplikasi nya tidak masuk,"['nomer', 'npwp', 'nya', 'digit', 'tidak', 'aplikasi', 'nya', 'tidak', 'masuk']"
Pengguna Google,5,2025-02-11 13:45:44,Dimana di dapatkan kode Efin pajak?,3,2.0.3,6,35,2025-02,False,Positif,2025,2,mana dapat kode efin pajak,"['mana', 'dapat', 'kode', 'efin', 'pajak']"
Pengguna Google,5,2025-04-26 13:33:46,cukup bagus,0,2.0.4,2,11,2025-04,False,Positif,2025,2,bagus,['bagus']
PUTROSM DARSONO,1,2025-10-15 15:19:27,"bad App, disappointing!",0,2.0.6,3,23,2025-10,False,Negatif,2025,0,bad aplikasi disappointing,"['bad', 'aplikasi', 'disappointing']"
Syaif Al Muhandis,1,2025-11-18 20:03:16,"gak bisa login, error terus, gmn mau lapor pajak?",1,2.0.6,9,49,2025-11,False,Negatif,2025,0,tidak login error lapor pajak,"['tidak', 'login', 'error', 'lapor', 'pajak']"
Pengguna Google,1,2026-03-19 01:30:54,"katanya wajib lapor pajak, kalo GX lapor kena denda 100 RB pas mau lapor d persulit oleh pin dan kata sandi yg beganda konspirasi macam apa ini",0,unknown,27,143,2026-03,False,Negatif,2026,0,wajib lapor pajak kalo tidak lapor kena denda rb pas lapor sulit pin sandi beganda konspirasi,"['wajib', 'lapor', 'pajak', 'kalo', 'tidak', 'lapor', 'kena', 'denda', 'rb', 'pas', 'lapor', 'sulit', 'pin', 'sandi', 'beganda', 'konspirasi']"
Pengguna Google,5,2025-02-10 18:07:01,mantap aplikasi,0,unknown,2,15,2025-02,False,Positif,2025,2,mantap aplikasi,"['mantap', 'aplikasi']"
Pengguna Google,5,2024-01-23 10:14:00,Bagus sangat Bermànpaat,0,unknown,3,23,2024-01,False,Positif,2024,2,bagus berm npaat,"['bagus', 'berm', 'npaat']"
Arief setiawan marsis,4,2025-01-10 10:31:55,"Di versi yang baru, muncul error ""Masa dan Tahun Pajak yang dipilih melebihi maksimum batas ketentuan Masa dan Tahun Pajak. (ERR:400)"" Tolong diperbaiki aplikasinya. Sangat mengganggu untuk melakukan pembuatan kode billing.",0,2.0.2,31,223,2025-01,False,Positif,2025,2,versi muncul error pajak pilih lebih maksimum batas tentu pajak err tolong baik aplikasi ganggu buat kode billing,"['versi', 'muncul', 'error', 'pajak', 'pilih', 'lebih', 'maksimum', 'batas', 'tentu', 'pajak', 'err', 'tolong', 'baik', 'aplikasi', 'ganggu', 'buat', 'kode', 'billing']"
Pengguna Google,1,2025-01-08 21:26:55,"Udah bener kemaren mau ngurus npwp gampang, cek NPWP juga mudah, sekarang malah dipersulit, gimana kerja kalian ini",0,unknown,18,115,2025-01,False,Negatif,2025,0,bener kemaren ngurus npwp gampang cek npwp mudah sulit kerja,"['bener', 'kemaren', 'ngurus', 'npwp', 'gampang', 'cek', 'npwp', 'mudah', 'sulit', 'kerja']"
Pengguna Google,1,2025-10-24 17:42:52,"mohon untuk kolom nomor npwp di perbaiki, karena maksimal digit hanya 15 untuk diinput, sedangkan npwp keluaran sekarang itu 16 digit",1,2.0.6,21,133,2025-10,False,Negatif,2025,0,mohon kolom nomor npwp baik maksimal digit diinput npwp keluar digit,"['mohon', 'kolom', 'nomor', 'npwp', 'baik', 'maksimal', 'digit', 'diinput', 'npwp', 'keluar', 'digit']"
Pengguna Google,1,2026-02-07 12:18:59,sangat sangat sangattt ribet,0,unknown,4,28,2026-02,False,Negatif,2026,0,sangattt ribet,"['sangattt', 'ribet']"
Pengguna Google,5,2025-07-10 19:31:16,tolong dong aplikasinya no NPWP nya yang 16 dijit,0,2.0.4,9,49,2025-07,False,Positif,2025,2,tolong aplikasi nomor npwp nya dijit,"['tolong', 'aplikasi', 'nomor', 'npwp', 'nya', 'dijit']"
Pengguna Google,5,2024-08-19 09:32:53,Ok,0,1.4.0,1,2,2024-08,True,Positif,2024,2,ok,['ok']
Pengguna Google,5,2026-03-11 11:06:57,Ok,0,3.0.5,1,2,2026-03,True,Positif,2026,2,ok,['ok']
Pengguna Google,1,2025-02-04 10:00:34,"Aplikasi ga guna, lemotnya minta ampun",0,unknown,6,38,2025-02,False,Negatif,2025,0,aplikasi tidak lot ampun,"['aplikasi', 'tidak', 'lot', 'ampun']"
Pengguna Google,1,2025-03-19 16:31:37,"rugi ada apk ini,, untuk apa sebenarny??",0,2.0.3,7,40,2025-03,False,Negatif,2025,0,rugi aplikasi sebenarny,"['rugi', 'aplikasi', 'sebenarny']"
Pengguna Google,1,2024-10-14 21:55:47,"Baru buka langsung error, apk payah sangat buruk",0,1.4.0,8,48,2024-10,False,Negatif,2024,0,buka langsung error aplikasi payah buruk,"['buka', 'langsung', 'error', 'aplikasi', 'payah', 'buruk']"
Pengguna Google,5,2025-02-17 11:47:24,Good apk,0,unknown,2,8,2025-02,True,Positif,2025,2,good aplikasi,"['good', 'aplikasi']"
Pengguna Google,1,2024-06-02 12:46:33,Apk ghoblokk,0,1.4.0,2,12,2024-06,False,Negatif,2024,0,aplikasi ghoblokk,"['aplikasi', 'ghoblokk']"
Pengguna Google,5,2025-03-15 16:56:12,"Cukup membantu, Saya lupa EFIN dan bisa di urus lewat aplikasi ini, caranya mudah & prosesnya cepat, makasih🙏🏼",0,2.0.3,18,110,2025-03,False,Positif,2025,2,bantu lupa efin urus aplikasi mudah proses cepat terima kasih,"['bantu', 'lupa', 'efin', 'urus', 'aplikasi', 'mudah', 'proses', 'cepat', 'terima', 'kasih']"
Reinhart Hagai Parulian Simanullang,1,2026-04-30 15:19:33,"sangat tidak membantu, kalo bisa bintang nol",0,3.0.9,7,44,2026-04,False,Negatif,2026,0,tidak bantu kalo bintang nol,"['tidak', 'bantu', 'kalo', 'bintang', 'nol']"
Pengguna Google,5,2025-03-20 07:34:57,mantap,0,2.0.3,1,6,2025-03,True,Positif,2025,2,mantap,['mantap']
Pengguna Google,5,2025-04-20 16:53:23,sebagai warga negara yang baik kita harus lapor pajak tahunan ...😊,0,2.0.4,11,66,2025-04,False,Positif,2025,2,warga negara lapor pajak tahun,"['warga', 'negara', 'lapor', 'pajak', 'tahun']"
Pengguna Google,5,2025-02-03 08:51:49,Bagus,0,2.0.0,1,5,2025-02,True,Positif,2025,2,bagus,['bagus']
Pengguna Google,1,2024-03-26 14:57:13,"mau bayar pajak aja sulit sekali, pake gk bisa segala provide tri dan axis. sekala negara padahal . dh gitu APPnya gk bisa di pencet daftarnya",5,1.4.0,26,142,2024-03,False,Negatif,2024,0,bayar pajak sulit pakai tidak provide tri axis sekala negara dh appnya tidak pencet daftar,"['bayar', 'pajak', 'sulit', 'pakai', 'tidak', 'provide', 'tri', 'axis', 'sekala', 'negara', 'dh', 'appnya', 'tidak', 'pencet', 'daftar']"
Pengguna Google,5,2025-03-04 22:21:34,"Terima Kasih intinya harus sabar, saya nunggu seharian penuh trial eror terus sampai berhasil dari pagi sampai malam alhamdulillah jam 22.21 baru nerhasil mendapatkan efin.",0,2.0.3,25,172,2025-03,False,Positif,2025,2,terima kasih inti sabar nunggu hari penuh trial eror hasil pagi malam alhamdulillah jam nerhasil efin,"['terima', 'kasih', 'inti', 'sabar', 'nunggu', 'hari', 'penuh', 'trial', 'eror', 'hasil', 'pagi', 'malam', 'alhamdulillah', 'jam', 'nerhasil', 'efin']"
Pengguna Google,5,2024-05-01 17:05:48,Bagus,0,1.3.0,1,5,2024-05,True,Positif,2024,2,bagus,['bagus']
Pengguna Google,5,2025-02-18 15:55:56,Sangat membantu untuk lebih mudah pengisiann nya,0,unknown,7,48,2025-02,False,Positif,2025,2,bantu mudah pengisiann nya,"['bantu', 'mudah', 'pengisiann', 'nya']"
MekzXD,1,2025-08-31 11:27:54,"terimakasih berkat aplikasi ini hidup saya yang susah tambah susah,benar benar suatu prestasi perpajakan indonesia",0,2.0.5,15,114,2025-08,False,Negatif,2025,0,terimakasih berkat aplikasi hidup susah susah prestasi paja indonesia,"['terimakasih', 'berkat', 'aplikasi', 'hidup', 'susah', 'susah', 'prestasi', 'paja', 'indonesia']"
Pengguna Google,1,2025-12-26 23:18:40,Aplikasi sampah. untuk kalian gausah install ini aplikasi. cukup buka aja lewat google crhome coretaxdjp.pajak.go.id,0,2.0.6,15,116,2025-12,False,Negatif,2025,0,aplikasi sampah gausah install aplikasi buka google crhome coretaxdjp pajak go id,"['aplikasi', 'sampah', 'gausah', 'install', 'aplikasi', 'buka', 'google', 'crhome', 'coretaxdjp', 'pajak', 'go', 'id']"
Pengguna Google,4,2025-08-12 23:25:38,nice,0,unknown,1,4,2025-08,True,Positif,2025,2,nice,['nice']
Pengguna Google,5,2025-04-10 18:32:22,sangat membantu dlm pelaporan pajak,0,2.0.4,5,35,2025-04,False,Positif,2025,2,bantu dlm lapor pajak,"['bantu', 'dlm', 'lapor', 'pajak']"
Pengguna Google,5,2025-04-09 14:47:18,ga bisa login,0,2.0.4,3,13,2025-04,True,Positif,2025,2,tidak login,"['tidak', 'login']"
Pengguna Google,1,2025-07-22 19:43:07,"tidak berguna buang-buang waktu,",0,2.0.4,4,32,2025-07,False,Negatif,2025,0,tidak guna buang buang,"['tidak', 'guna', 'buang', 'buang']"
Pengguna Google,1,2026-04-01 14:33:31,"Kita yg bayar pajak, kita juga yg di repotin ,terus kerjaan org pajak apaan? .... mending gampang bikin laporannya😇😇😇",0,3.0.6,19,117,2026-04,False,Negatif,2026,0,bayar pajak repotin kerja orang pajak mending gampang bikin lapor,"['bayar', 'pajak', 'repotin', 'kerja', 'orang', 'pajak', 'mending', 'gampang', 'bikin', 'lapor']"
Pengguna Google,1,2024-12-31 06:39:26,Live chat nya GK bisa d akses,0,unknown,7,29,2024-12,False,Negatif,2024,0,live chat nya tidak akses,"['live', 'chat', 'nya', 'tidak', 'akses']"
Pengguna Google,1,2024-02-04 14:10:52,"Masyarakat dituntut laporan pajak. Datang ke kantor pajak sulit, dikasih APLIKASI ONLINE amatir... ga bs diakses. GA JELAS",0,1.3.0,18,122,2024-02,False,Negatif,2024,0,masyarakat tuntut lapor pajak kantor pajak sulit kasih aplikasi online amatir tidak akses tidak,"['masyarakat', 'tuntut', 'lapor', 'pajak', 'kantor', 'pajak', 'sulit', 'kasih', 'aplikasi', 'online', 'amatir', 'tidak', 'akses', 'tidak']"
Pengguna Google,1,2026-04-29 23:41:32,aplikasi bodoh... ribet amaaaat... mo login aja susa baget ! isi form nya apalagi.. weleh weleh... konsep jadul yg ketinggalan jaman !,0,unknown,22,134,2026-04,False,Negatif,2026,0,aplikasi bodoh ribet amaaaat login susa baget isi form nya weh weh konsep jadul tinggal jaman,"['aplikasi', 'bodoh', 'ribet', 'amaaaat', 'login', 'susa', 'baget', 'isi', 'form', 'nya', 'weh', 'weh', 'konsep', 'jadul', 'tinggal', 'jaman']"
Pengguna Google,5,2025-03-04 07:12:55,Sangat membantu sekali,0,2.0.3,3,22,2025-03,True,Positif,2025,2,bantu,['bantu']
Pengguna Google,4,2024-04-15 18:20:15,"1,a y d, lagi 😁🥲😴",0,1.4.0,5,17,2024-04,False,Positif,2024,2,,[]
T. Nu.,1,2025-10-20 16:14:26,Selalu gagal login setelah entry kode 2fa dari email,0,2.0.6,9,52,2025-10,False,Negatif,2025,0,gagal login entry kode fa email,"['gagal', 'login', 'entry', 'kode', 'fa', 'email']"
Pengguna Google,5,2026-03-12 19:26:55,sangat membantu utk pelaporan pajak dan sebagainya,0,2.0.6,7,50,2026-03,False,Positif,2026,2,bantu lapor pajak,"['bantu', 'lapor', 'pajak']"
Pengguna Google,1,2024-02-19 10:00:49,"Developing aplikasinya gimana?. OTP masuk sudah diisi kok nggak bisa verifikasi, makan pulsa terus kalo di coba ulang-ulang. Di laman verifikasi juga tidak ada button kembali (back). Mohoh ini seharusnya proyek besar developingnya yang bagus juga.",385,1.3.0,36,247,2024-02,False,Negatif,2024,0,developing aplikasi otp masuk isi tidak verifikasi makan pulsa kalo coba ulang ulang laman verifikasi tidak button back mohoh proyek developingnya bagus,"['developing', 'aplikasi', 'otp', 'masuk', 'isi', 'tidak', 'verifikasi', 'makan', 'pulsa', 'kalo', 'coba', 'ulang', 'ulang', 'laman', 'verifikasi', 'tidak', 'button', 'back', 'mohoh', 'proyek', 'developingnya', 'bagus']"
Pengguna Google,1,2025-02-24 13:29:13,Kode verifikasi tidak ada di email saat mau kirim SPT. Mau lapor pajak aja sesulit ini.,0,2.0.3,16,87,2025-02,False,Negatif,2025,0,kode verifikasi tidak email kirim spt lapor pajak sulit,"['kode', 'verifikasi', 'tidak', 'email', 'kirim', 'spt', 'lapor', 'pajak', 'sulit']"
Pengguna Google,1,2025-07-09 09:24:26,"payah pelayanan chat tunggu 30 hari kerja baru bales lama banget . sekalinya terhubung tidak membantu sama sekali, lebih menyerahkan masalah itu kembali pada pelanggan. shame on you;!!",1,2.0.4,28,184,2025-07,False,Negatif,2025,0,payah layan chat tunggu kerja bales sekali hubung tidak bantu serah langgan shame on you,"['payah', 'layan', 'chat', 'tunggu', 'kerja', 'bales', 'sekali', 'hubung', 'tidak', 'bantu', 'serah', 'langgan', 'shame', 'on', 'you']"
Pengguna Google,1,2024-06-29 10:19:38,"Aplikasi sampah,gak guna",0,1.4.0,3,24,2024-06,False,Negatif,2024,0,aplikasi sampah tidak,"['aplikasi', 'sampah', 'tidak']"
Pengguna Google,1,2026-03-01 10:41:32,"apk kuntul sama kaya yg bikin pemerintahnya juga, bukanya mempermudah malah makin ribet, ujung2 nya ke kantor pajak juga, apus aj ni apa ga guna",1,3.0.6,25,144,2026-03,False,Negatif,2026,0,aplikasi kuntul kaya bikin perintah buka mudah ribet ujung nya kantor pajak apus ni tidak,"['aplikasi', 'kuntul', 'kaya', 'bikin', 'perintah', 'buka', 'mudah', 'ribet', 'ujung', 'nya', 'kantor', 'pajak', 'apus', 'ni', 'tidak']"
Pengguna Google,1,2024-10-03 11:14:30,Aplikasi g jelas kode otp g ke kirim² udh bener semua malah engga bisa gajelas co web nya juga engga jelas,0,1.4.0,21,106,2024-10,False,Negatif,2024,0,aplikasi tidak kode otp tidak kirim bener tidak gajelas co web nya tidak,"['aplikasi', 'tidak', 'kode', 'otp', 'tidak', 'kirim', 'bener', 'tidak', 'gajelas', 'co', 'web', 'nya', 'tidak']"
Pengguna Google,5,2024-03-05 16:45:07,Sangat mudah bagi saya yang lupa efin cok,0,1.4.0,8,41,2024-03,False,Positif,2024,2,mudah lupa efin cok,"['mudah', 'lupa', 'efin', 'cok']"
Pengguna Google,5,2025-02-12 11:21:21,Ok,0,1.4.0,1,2,2025-02,True,Positif,2025,2,ok,['ok']
Pengguna Google,1,2025-10-18 18:24:50,gakguna,0,2.0.6,1,7,2025-10,False,Negatif,2025,0,gakguna,['gakguna']
Pengguna Google,1,2024-03-09 07:07:22,"Gausa di dnlod, ga guna",0,unknown,5,23,2024-03,False,Negatif,2024,0,gausa dnlod tidak,"['gausa', 'dnlod', 'tidak']"
Pengguna Google,5,2024-10-20 20:20:51,Sangat baguss,0,1.4.0,2,13,2024-10,False,Positif,2024,2,baguss,['baguss']
Yogi Bdx,5,2024-05-07 10:28:38,bagus nih app nya,0,1.2.3,4,17,2024-05,False,Positif,2024,2,bagus aplikasi nya,"['bagus', 'aplikasi', 'nya']"
Deny Setiawan,1,2026-02-05 16:34:09,aplikasi busuk gak bisa di pakai,0,3.0.1,6,32,2026-02,False,Negatif,2026,0,aplikasi busuk tidak pakai,"['aplikasi', 'busuk', 'tidak', 'pakai']"
Pengguna Google,5,2024-09-03 20:10:37,Ok,0,1.4.0,1,2,2024-09,True,Positif,2024,2,ok,['ok']
Pengguna Google,1,2025-11-17 13:21:15,"kocak banget nih apk, gw masuk lewat web bisa, giliran masuk di apk malah gak bisa",0,2.0.6,16,82,2025-11,False,Negatif,2025,0,kocak aplikasi gw masuk web gilir masuk aplikasi tidak,"['kocak', 'aplikasi', 'gw', 'masuk', 'web', 'gilir', 'masuk', 'aplikasi', 'tidak']"
Pengguna Google,1,2025-04-11 07:57:48,"ribet,aplikasi gagal Mulu,,segitu mau bayar,mau bayar aja di bikin ribet",1,2.0.4,10,72,2025-04,False,Negatif,2025,0,ribet aplikasi gagal mulu segitu bayar bayar bikin ribet,"['ribet', 'aplikasi', 'gagal', 'mulu', 'segitu', 'bayar', 'bayar', 'bikin', 'ribet']"
Pengguna Google,1,2025-09-25 00:39:51,korupsi terus yang buat maintenance di korup bodoh,0,2.0.6,8,50,2025-09,False,Negatif,2025,0,korupsi maintenance korup bodoh,"['korupsi', 'maintenance', 'korup', 'bodoh']"
Pengguna Google,1,2025-01-03 23:15:14,Payah,0,2.0.2,1,5,2025-01,True,Negatif,2025,0,payah,['payah']
Pengguna Google,5,2025-03-26 09:09:43,mantap,0,2.0.3,1,6,2025-03,True,Positif,2025,2,mantap,['mantap']
Gunawan 836,5,2024-05-30 19:34:46,top,0,unknown,1,3,2024-05,True,Positif,2024,2,top,['top']
Pengguna Google,5,2025-04-24 15:31:01,matap,0,unknown,1,5,2025-04,False,Positif,2025,2,matap,['matap']
Pengguna Google,1,2025-08-25 13:53:12,apps ga jelas. buat masukin data aja di persulit ntah efin lah apa lh itu namanya.,0,unknown,16,82,2025-08,False,Negatif,2025,0,apps tidak masukin data sulit ntah efin lh nama,"['apps', 'tidak', 'masukin', 'data', 'sulit', 'ntah', 'efin', 'lh', 'nama']"
Pengguna Google,5,2026-02-26 10:00:44,manfaat,0,2.0.6,1,7,2026-02,False,Positif,2026,2,manfaat,['manfaat']
Pengguna Google,5,2024-12-03 17:40:05,Goood,0,1.4.0,1,5,2024-12,True,Positif,2024,2,goood,['goood']
Pengguna Google,1,2024-04-30 08:39:02,Aplikasi gak guna ferifikasi data muter2 gak jelas minta efin pun susah gimana mau taat pajak kalau semua dibuat susah.,2,1.4.0,20,119,2024-04,False,Negatif,2024,0,aplikasi tidak ferifikasi data muter tidak efin susah taat pajak susah,"['aplikasi', 'tidak', 'ferifikasi', 'data', 'muter', 'tidak', 'efin', 'susah', 'taat', 'pajak', 'susah']"
Pengguna Google,5,2024-04-22 01:53:49,Sangat bagus,0,1.4.0,2,12,2024-04,True,Positif,2024,2,bagus,['bagus']
Pengguna Google,5,2025-01-20 09:44:54,Sangat membantu,0,1.4.0,2,15,2025-01,True,Positif,2025,2,bantu,['bantu']
Pengguna Google,5,2024-03-07 09:47:48,sangat terbantukan,0,1.4.0,2,18,2024-03,False,Positif,2024,2,bantu,['bantu']
Pengguna Google,1,2025-03-20 21:19:10,"mau daftar NPWP kok gbs sih,malah lgsg di suruh masukin NPWP sedangkan masih mau daftar",0,2.0.3,15,87,2025-03,False,Negatif,2025,0,daftar npwp tidak lgsg suruh masukin npwp daftar,"['daftar', 'npwp', 'tidak', 'lgsg', 'suruh', 'masukin', 'npwp', 'daftar']"
Pengguna Google,5,2025-06-20 19:36:43,lupa FFIN pas verifikasi lewat email kok bukan email saya yng terdaftar,0,unknown,12,71,2025-06,False,Positif,2025,2,lupa ffin pas verifikasi email bukan email daftar,"['lupa', 'ffin', 'pas', 'verifikasi', 'email', 'bukan', 'email', 'daftar']"
Pengguna Google,1,2024-06-14 09:59:04,"Petugas pajak kota serang kenapa jutek"" ya. Loket 13 yg buka cm 3. Parah perusahaan negara begini",0,1.4.0,17,97,2024-06,False,Negatif,2024,0,tugas pajak kota serang jutek loket buka cm parah usaha negara,"['tugas', 'pajak', 'kota', 'serang', 'jutek', 'loket', 'buka', 'cm', 'parah', 'usaha', 'negara']"
Pengguna Google,5,2024-08-19 09:38:13,Jos,0,1.4.0,1,3,2024-08,False,Positif,2024,2,jos,['jos']
Pengguna Google,5,2025-03-25 22:01:32,Sangat baik aplikasinya,0,unknown,3,23,2025-03,False,Positif,2025,2,aplikasi,['aplikasi']
Pengguna Google,5,2025-03-06 08:51:13,"semoga kedepan makin solid, dan mempermudah pengurusan.",0,unknown,7,55,2025-03,False,Positif,2025,2,moga depan solid mudah urus,"['moga', 'depan', 'solid', 'mudah', 'urus']"
Andrew Jason,1,2024-03-28 09:31:33,Terkadang memang harus restrukturisasi tim IT ya di pemerintahan. rata2 aplikasinya banyak error.,1,1.4.0,13,97,2024-03,False,Negatif,2024,0,terkadang restrukturisasi tim it perintah aplikasi error,"['terkadang', 'restrukturisasi', 'tim', 'it', 'perintah', 'aplikasi', 'error']"
Pengguna Google,1,2024-02-22 17:42:24,Gak guna,0,1.3.0,2,8,2024-02,True,Negatif,2024,0,tidak,['tidak']
Pengguna Google,5,2024-03-28 11:03:21,Ok,0,1.4.0,1,2,2024-03,True,Positif,2024,2,ok,['ok']
Pengguna Google,5,2025-03-17 20:00:04,oke,0,2.0.3,1,3,2025-03,True,Positif,2025,2,oke,['oke']
Pengguna Google,5,2025-06-01 21:03:49,pengurus efin semakin baik dan semakin cepat. kualitas aplikasi meningkat dari versi sebelumnya. semoga saja semakin baik kedepannya. tampilan juga semakin responsif dan bagus.,0,unknown,24,176,2025-06,False,Positif,2025,2,urus efin cepat kualitas aplikasi tingkat versi moga depan tampil responsif bagus,"['urus', 'efin', 'cepat', 'kualitas', 'aplikasi', 'tingkat', 'versi', 'moga', 'depan', 'tampil', 'responsif', 'bagus']"
Pengguna Google,4,2024-10-18 16:44:57,kita coba dulu,0,1.4.0,3,14,2024-10,False,Positif,2024,2,coba,['coba']
Pengguna Google,5,2024-07-18 15:32:05,Ada yang punya solusi gk pas mau minta efin masukin kode OTP kok error terus ya? Masa tetap harus ke kantor ngurusin nya?,0,1.4.0,23,121,2024-07,False,Positif,2024,2,solusi tidak pas efin masukin kode otp error kantor ngurusin nya,"['solusi', 'tidak', 'pas', 'efin', 'masukin', 'kode', 'otp', 'error', 'kantor', 'ngurusin', 'nya']"
Pengguna Google,5,2024-03-09 13:38:56,Baik,0,1.3.0,1,4,2024-03,True,Positif,2024,2,,[]
Pengguna Google,1,2025-04-11 09:56:29,"harusnya bisa lah nomor efin dikirim lewat email, ga harus dateng ke kantor , ngapain sih kaya gini doang harus dibikin ruwet , dikira orang hidupnya cuma ngurus hal beginian aja ,orang juga punya kesibukan,",0,unknown,35,207,2025-04,False,Negatif,2025,0,nomor efin kirim email tidak dateng kantor ngapain kaya bikin ruwet orang hidup ngurus orang sibuk,"['nomor', 'efin', 'kirim', 'email', 'tidak', 'dateng', 'kantor', 'ngapain', 'kaya', 'bikin', 'ruwet', 'orang', 'hidup', 'ngurus', 'orang', 'sibuk']"
Pengguna Google,5,2024-01-28 03:16:41,Ok,0,unknown,1,2,2024-01,True,Positif,2024,2,ok,['ok']
Pengguna Google,4,2025-02-25 12:23:57,kok otp verifikasi nya lama sekali,0,2.0.3,6,34,2025-02,False,Positif,2025,2,otp verifikasi nya,"['otp', 'verifikasi', 'nya']"
Pengguna Google,1,2025-05-02 06:51:22,dirjen pajak wajib diperiksa ni,0,2.0.4,5,31,2025-05,False,Negatif,2025,0,dirjen pajak wajib periksa ni,"['dirjen', 'pajak', 'wajib', 'periksa', 'ni']"
Pengguna Google,5,2024-03-11 22:29:17,Sippp,0,unknown,1,5,2024-03,True,Positif,2024,2,sippp,['sippp']
Pengguna Google,1,2026-02-11 13:32:54,kirim nomer aja gak bisa,0,3.0.5,5,24,2026-02,False,Negatif,2026,0,kirim nomer tidak,"['kirim', 'nomer', 'tidak']"
Pengguna Google,2,2025-12-25 10:02:55,"NIK dan PASSWORD sudah benar,, tapi selalu salah dalam keterangan loginnya [kesalahan sandi atau nik]. padahal sudah aktivasi susah payah dan ikuti semua prosedurnya tetap gabisa login gmn sih...",214,2.0.6,29,195,2025-12,False,Negatif,2025,0,nik password salah terang loginnya salah sandi nik aktivasi susah payah ikut prosedur tidak login,"['nik', 'password', 'salah', 'terang', 'loginnya', 'salah', 'sandi', 'nik', 'aktivasi', 'susah', 'payah', 'ikut', 'prosedur', 'tidak', 'login']"
DEDE DERRYANTO,5,2025-06-10 23:20:15,Alhamdulillah,0,2.0.4,1,13,2025-06,True,Positif,2025,2,alhamdulillah,['alhamdulillah']
Pengguna Google,4,2026-03-11 08:07:31,kenapa mau daftar pajak gini amat dulu pakai djp online mudah yang penting punya efin sekarang kesini GK bisa ubah data email dan no hp sedangkan lupa sandi GK bisa KLO bukan email yg terdaftar .. gmn kita mau lapor pajak... cm org pajak yang bisa kita harus kesana buat ubah email dan no hp.. butuh waktu kan. tolonglah kasih kemudahan buat yg mau lapor pajak. banyak yang org tua pada GK bisa lapor.. mereka minta tolong jg GK bisa.. terkendala data tidak sama email no hp...,0,3.0.6,87,477,2026-03,False,Positif,2026,2,daftar pajak pakai djp online mudah efin kesini tidak ubah data email nomor handphone lupa sandi tidak klo bukan email daftar lapor pajak cm orang pajak kesana ubah email nomor handphone butuh tolong kasih mudah lapor pajak orang tua tidak lapor tolong tidak kendala data tidak email nomor handphone,"['daftar', 'pajak', 'pakai', 'djp', 'online', 'mudah', 'efin', 'kesini', 'tidak', 'ubah', 'data', 'email', 'nomor', 'handphone', 'lupa', 'sandi', 'tidak', 'klo', 'bukan', 'email', 'daftar', 'lapor', 'pajak', 'cm', 'orang', 'pajak', 'kesana', 'ubah', 'email', 'nomor', 'handphone', 'butuh', 'tolong', 'kasih', 'mudah', 'lapor', 'pajak', 'orang', 'tua', 'tidak', 'lapor', 'tolong', 'tidak', 'kendala', 'data', 'tidak', 'email', 'nomor', 'handphone']"
Pengguna Google,1,2025-12-28 17:21:06,mana kode verifikasi gak ada,0,2.0.6,5,28,2025-12,False,Negatif,2025,0,kode verifikasi tidak,"['kode', 'verifikasi', 'tidak']"
Pengguna Google,4,2026-02-23 09:12:03,luar biasa,0,unknown,2,10,2026-02,False,Positif,2026,2,,[]
Pengguna Google,5,2026-02-10 09:35:12,keren,0,3.0.4,1,5,2026-02,True,Positif,2026,2,keren,['keren']
Pengguna Google,1,2024-10-02 12:41:28,Aplikasi punya pemerintah? Jangan harap masyarakat mudah menggunakanya,0,1.4.0,8,70,2024-10,False,Negatif,2024,0,aplikasi perintah jangan harap masyarakat mudah menggunakanya,"['aplikasi', 'perintah', 'jangan', 'harap', 'masyarakat', 'mudah', 'menggunakanya']"
Pengguna Google,1,2024-02-03 22:06:43,"Susah ,ruwet,ribet,angel...bikin pusing tambah pusing 😇😇😇",0,1.3.0,6,57,2024-02,False,Negatif,2024,0,susah ruwet ribet angel bikin pusing pusing,"['susah', 'ruwet', 'ribet', 'angel', 'bikin', 'pusing', 'pusing']"
Unkle “unKl386” Kuma,5,2025-03-25 14:16:08,mempermudah wp lupa efin,0,unknown,4,24,2025-03,False,Positif,2025,2,mudah wp lupa efin,"['mudah', 'wp', 'lupa', 'efin']"
Pengguna Google,5,2025-06-28 07:29:36,ok,0,unknown,1,2,2025-06,True,Positif,2025,2,ok,['ok']
Pengguna Google,1,2024-07-11 04:15:10,Parah parah gak becul betol yg buat aplikasi,0,1.4.0,8,44,2024-07,False,Negatif,2024,0,parah parah tidak becul betol aplikasi,"['parah', 'parah', 'tidak', 'becul', 'betol', 'aplikasi']"
Pengguna Google,1,2025-02-08 13:46:03,"verifikasi gamasuk masuk aneh pake pulsa katanya harus ada pulsa ,tp pulsa banyak tetep lama ,pake email apa lahi berkali kali coba ga masuk masuk anehh",0,unknown,26,152,2025-02,False,Negatif,2025,0,verifikasi gamasuk masuk aneh pakai pulsa pulsa pulsa tetep pakai email lah kali kali coba tidak masuk masuk anehh,"['verifikasi', 'gamasuk', 'masuk', 'aneh', 'pakai', 'pulsa', 'pulsa', 'pulsa', 'tetep', 'pakai', 'email', 'lah', 'kali', 'kali', 'coba', 'tidak', 'masuk', 'masuk', 'anehh']"
Pengguna Google,5,2024-12-14 22:48:16,Ijin dibantu cara kerja aplikasinya🙏🙏,0,2.0.0,5,37,2024-12,False,Positif,2024,2,ijin bantu kerja aplikasi,"['ijin', 'bantu', 'kerja', 'aplikasi']"
Pengguna Google,1,2024-08-11 12:41:43,"Aplikasi ga jelas, lebih banyak error daripada benernya",0,1.4.0,8,55,2024-08,False,Negatif,2024,0,aplikasi tidak error benernya,"['aplikasi', 'tidak', 'error', 'benernya']"
Pengguna Google,5,2026-04-06 14:06:42,bagus,0,3.0.6,1,5,2026-04,True,Positif,2026,2,bagus,['bagus']
Pengguna Google,5,2025-07-05 12:14:56,on-line,0,2.0.4,1,7,2025-07,False,Positif,2025,2,on line,"['on', 'line']"
Pengguna Google,1,2024-03-14 07:59:08,Aplikasi ny erorr,0,unknown,3,17,2024-03,False,Negatif,2024,0,aplikasi ny erorr,"['aplikasi', 'ny', 'erorr']"
Emma Mochtar,1,2024-03-28 09:16:23,Aplikasi lemot... tinggal masukin OTP tapi kembali ke menu awal. Ulangin lagi gak bisa bisa,0,1.4.0,15,91,2024-03,False,Negatif,2024,0,aplikasi lot tinggal masukin otp menu ulangin tidak,"['aplikasi', 'lot', 'tinggal', 'masukin', 'otp', 'menu', 'ulangin', 'tidak']"
Pengguna Google,1,2024-03-23 01:55:07,"Sangat tidak membantu, aplikasi selalu mengalami crash..... Tidak ada perbaikan ataupun pengembangan dari pihak terkait",22,1.4.0,15,119,2024-03,False,Negatif,2024,0,tidak bantu aplikasi alami crash tidak baik kembang kait,"['tidak', 'bantu', 'aplikasi', 'alami', 'crash', 'tidak', 'baik', 'kembang', 'kait']"
Pengguna Google,5,2025-06-18 21:54:18,Excelence,0,2.0.4,1,9,2025-06,False,Positif,2025,2,excelence,['excelence']
Pengguna Google,5,2026-02-05 14:40:02,bagusss,0,2.0.6,1,7,2026-02,False,Positif,2026,2,bagusss,['bagusss']
Pengguna Google,5,2025-12-16 09:01:05,keren,0,2.0.6,1,5,2025-12,True,Positif,2025,2,keren,['keren']
Pengguna Google,1,2025-03-20 09:35:27,"database nya update saya sudah perubahan email sama ni hp di coretax,TPI disini belum update gak bisa login",0,2.0.3,18,107,2025-03,False,Negatif,2025,0,database nya update ubah email ni handphone coretax belum update tidak login,"['database', 'nya', 'update', 'ubah', 'email', 'ni', 'handphone', 'coretax', 'belum', 'update', 'tidak', 'login']"
Pengguna Google,5,2024-01-30 14:39:00,Manfaatkan seperlunya!,0,unknown,2,22,2024-01,False,Positif,2024,2,manfaat,['manfaat']
Pengguna Google,1,2025-12-18 13:55:18,aplikasi ga guna,0,unknown,3,16,2025-12,True,Negatif,2025,0,aplikasi tidak,"['aplikasi', 'tidak']"
Pengguna Google,5,2024-06-27 06:53:33,good aplikasi,0,1.4.0,2,13,2024-06,False,Positif,2024,2,good aplikasi,"['good', 'aplikasi']"
Pengguna Google,5,2025-12-27 10:35:45,top,0,2.0.6,1,3,2025-12,True,Positif,2025,2,top,['top']
Pengguna Google,5,2025-03-10 12:22:55,Cara pelaporan pajak pratama,0,unknown,4,28,2025-03,False,Positif,2025,2,lapor pajak pratama,"['lapor', 'pajak', 'pratama']"
Pengguna Google,5,2024-07-15 07:23:22,Wao emezing,0,unknown,2,11,2024-07,False,Positif,2024,2,wao emezing,"['wao', 'emezing']"
Pengguna Google,5,2026-04-05 04:36:01,sangat membantu aplikasi ini,0,3.0.6,4,28,2026-04,False,Positif,2026,2,bantu aplikasi,"['bantu', 'aplikasi']"
Pengguna Google,1,2026-02-06 09:22:55,ribet,0,3.0.1,1,5,2026-02,True,Negatif,2026,0,ribet,['ribet']
Pengguna Google,1,2025-10-01 20:02:46,bagai mana ini aplikasi. menu daftarnya aja nggak ada.,0,2.0.6,9,54,2025-10,False,Negatif,2025,0,aplikasi menu daftar tidak,"['aplikasi', 'menu', 'daftar', 'tidak']"
xcode,1,2024-06-30 13:58:27,"Speechless... Klo ada 1/4 bintang, ini layak dapat 1/4 bintang.",0,1.4.0,10,63,2024-06,False,Negatif,2024,0,speechless klo bintang layak bintang,"['speechless', 'klo', 'bintang', 'layak', 'bintang']"
Pengguna Google,5,2025-03-10 11:00:36,Ok,0,1.4.0,1,2,2025-03,True,Positif,2025,2,ok,['ok']
Pengguna Google,1,2025-01-22 12:06:00,Aplikasi tidak beres orang masuk kirim kirim kode verifikasi ke email orang masuk di bilang kode salah ? Di ulangi begitu lagi kalau salah napai mengirim kode salah ke email ?,6,2.0.3,31,175,2025-01,False,Negatif,2025,0,aplikasi tidak beres orang masuk kirim kirim kode verifikasi email orang masuk bilang kode salah ulang salah napai kirim kode salah email,"['aplikasi', 'tidak', 'beres', 'orang', 'masuk', 'kirim', 'kirim', 'kode', 'verifikasi', 'email', 'orang', 'masuk', 'bilang', 'kode', 'salah', 'ulang', 'salah', 'napai', 'kirim', 'kode', 'salah', 'email']"
Pengguna Google,5,2024-05-30 13:43:53,Ok thanks,0,1.4.0,2,9,2024-05,False,Positif,2024,2,ok thanks,"['ok', 'thanks']"
Pengguna Google,1,2025-03-13 04:19:52,Pada aplikasi ini tidak ada opsi untuk mengakses live chat & lupa EFIN yang saya pun tidak mengerti kenapa,0,2.0.3,19,106,2025-03,False,Negatif,2025,0,aplikasi tidak opsi akses live chat lupa efin tidak erti,"['aplikasi', 'tidak', 'opsi', 'akses', 'live', 'chat', 'lupa', 'efin', 'tidak', 'erti']"
Pengguna Google,5,2024-01-09 11:21:26,"Gagal mengirim data, padahal data sudah benar, tolong di perbaiki lagi",0,unknown,11,70,2024-01,False,Positif,2024,2,gagal kirim data data tolong baik,"['gagal', 'kirim', 'data', 'data', 'tolong', 'baik']"
Pengguna Google,2,2026-02-05 19:30:08,Sebelum update bisa lupa efin sekarang kok aktivasi coretax gunanya webnya apa sekarang orang mau laporan saja di persulit,0,unknown,19,122,2026-02,False,Negatif,2026,0,update lupa efin aktivasi coretax guna webnya orang lapor sulit,"['update', 'lupa', 'efin', 'aktivasi', 'coretax', 'guna', 'webnya', 'orang', 'lapor', 'sulit']"
Pengguna Google,5,2025-01-11 23:56:18,xml dan jdon fi perbaiki,0,2.0.1,5,24,2025-01,False,Positif,2025,2,xml jdon fi baik,"['xml', 'jdon', 'fi', 'baik']"
Pengguna Google,1,2024-02-22 16:37:32,"Orang2 it pemerintah cuma orang2 tolol yang dibayar ratusan juta, ga ada sejarah pemerintah buat aplikasi dapet bintang 4 , ya karena aplikasi pemerintah busuk semua",0,1.3.0,26,165,2024-02,False,Negatif,2024,0,orang it perintah orang tolol bayar ratus juta tidak sejarah perintah aplikasi dapet bintang aplikasi perintah busuk,"['orang', 'it', 'perintah', 'orang', 'tolol', 'bayar', 'ratus', 'juta', 'tidak', 'sejarah', 'perintah', 'aplikasi', 'dapet', 'bintang', 'aplikasi', 'perintah', 'busuk']"
Pengguna Google,5,2024-03-29 15:04:33,Ok,0,1.4.0,1,2,2024-03,True,Positif,2024,2,ok,['ok']
Pengguna Google,5,2024-02-23 16:22:11,Terimakasih.... 🙏🙏🙏🙏🙏🙏🙏🙏🙏🙏🙏,0,1.3.0,2,27,2024-02,False,Positif,2024,2,terimakasih,['terimakasih']
risyaf mulyana,1,2025-02-26 17:14:21,OTP OTP AMPAS,1,2.0.3,3,13,2025-02,False,Negatif,2025,0,otp otp ampas,"['otp', 'otp', 'ampas']"
Pengguna Google,1,2026-04-04 20:45:42,"aplikasi bikin pusing, data sudah dimasukkan dengan benar, verifikasi muka, email masih saja kesalahan. membagongkan",0,3.0.6,15,116,2026-04,False,Negatif,2026,0,aplikasi bikin pusing data masuk verifikasi muka email salah bagong,"['aplikasi', 'bikin', 'pusing', 'data', 'masuk', 'verifikasi', 'muka', 'email', 'salah', 'bagong']"
Pengguna Google,5,2024-01-11 08:43:53,Memudahkan dalam pelaporan SPT tahunan,0,1.2.5,5,38,2024-01,False,Positif,2024,2,mudah lapor spt tahun,"['mudah', 'lapor', 'spt', 'tahun']"
Pengguna Google,5,2025-08-15 18:06:24,sangat membantu..,0,2.0.4,2,17,2025-08,True,Positif,2025,2,bantu,['bantu']
Pengguna Google,4,2025-02-28 14:10:18,Bagus membantu,0,2.0.3,2,14,2025-02,False,Positif,2025,2,bagus bantu,"['bagus', 'bantu']"
Pengguna Google,1,2025-12-05 00:12:32,"loginnnya ribet, selalu eror padahal user name sama password udah benar. apk cacat nggk guna dari pemerintah.👎👎",0,unknown,17,111,2025-12,False,Negatif,2025,0,loginnnya ribet eror user name password aplikasi cacat nggk perintah,"['loginnnya', 'ribet', 'eror', 'user', 'name', 'password', 'aplikasi', 'cacat', 'nggk', 'perintah']"
Pengguna Google,5,2024-07-03 14:46:47,Mantap,0,1.4.0,1,6,2024-07,True,Positif,2024,2,mantap,['mantap']
Pengguna Google,5,2026-02-10 18:42:00,mpwp taat pajak mantap,0,3.0.4,4,22,2026-02,False,Positif,2026,2,mpwp taat pajak mantap,"['mpwp', 'taat', 'pajak', 'mantap']"
Pengguna Google,5,2026-04-30 01:41:42,apk sampah ga bisa di gunakan,0,3.0.9,6,29,2026-04,False,Positif,2026,2,aplikasi sampah tidak,"['aplikasi', 'sampah', 'tidak']"
Pengguna Google,1,2025-09-29 11:27:42,bener bener.. cuma buat log in susahnyaaaaaaaaaa,0,2.0.6,7,48,2025-09,False,Negatif,2025,0,bener bener log in susahnyaaaaaaaaaa,"['bener', 'bener', 'log', 'in', 'susahnyaaaaaaaaaa']"
Pengguna Google,5,2024-02-05 17:11:01,Baik sangat membantu,0,unknown,3,20,2024-02,True,Positif,2024,2,bantu,['bantu']
Pengguna Google,5,2025-01-16 13:48:32,Top,0,2.0.2,1,3,2025-01,True,Positif,2025,2,top,['top']
Pengguna Google,1,2025-02-11 11:38:54,Aplikasi yang dibuat pemerintah kenapa sih selalu jelek dan bukan memberi solusi tapi semakin memperumit hidup. Kesel banget enggak aplikasi ini enggak aplikasi sebelah juga yang ujung-ujungnya dibuat muter-muter.,0,unknown,29,213,2025-02,False,Negatif,2025,0,aplikasi perintah jelek bukan solusi rumit hidup kesel tidak aplikasi tidak aplikasi belah ujung ujung muter muter,"['aplikasi', 'perintah', 'jelek', 'bukan', 'solusi', 'rumit', 'hidup', 'kesel', 'tidak', 'aplikasi', 'tidak', 'aplikasi', 'belah', 'ujung', 'ujung', 'muter', 'muter']"
Pengguna Google,5,2025-11-11 22:57:37,bagus,0,unknown,1,5,2025-11,True,Positif,2025,2,bagus,['bagus']
Pengguna Google,5,2025-01-30 09:33:53,"Terimakasih sangat amat membantu, lupa efin diaplikasi ini hanya membutuhkan waktu beberapa menit, efin langsung masuk email..",2,2.0.3,17,126,2025-01,False,Positif,2025,2,terimakasih bantu lupa efin aplikasi butuh menit efin langsung masuk email,"['terimakasih', 'bantu', 'lupa', 'efin', 'aplikasi', 'butuh', 'menit', 'efin', 'langsung', 'masuk', 'email']"
Pengguna Google,1,2024-01-05 09:12:41,Parah Banget Aplikasinya Padahal Punya Pemerintah.Masuk Gagal Terus Padahal Udah Bener Loading Terus Ujung Ujungnya Malah Ke Blokir.Diulangi Sampe 3x dan 33nya Akunnya Ke Blokir.TOLONG DIPERBAIKI !! Baik di Website ataupun Aplikasi Tolong Diperbaiki Percuma Orang Mo Daftar Online Kalo Gak Bisa Di Akses,4,1.2.4,44,303,2024-01,False,Negatif,2024,0,parah aplikasi perintah masuk gagal bener loading ujung ujung blokir ulang sampe nya akun blokir tolong baik website aplikasi tolong baik orang daftar online kalo tidak akses,"['parah', 'aplikasi', 'perintah', 'masuk', 'gagal', 'bener', 'loading', 'ujung', 'ujung', 'blokir', 'ulang', 'sampe', 'nya', 'akun', 'blokir', 'tolong', 'baik', 'website', 'aplikasi', 'tolong', 'baik', 'orang', 'daftar', 'online', 'kalo', 'tidak', 'akses']"
tirta bastoni,5,2024-03-18 13:11:25,help me to get my efin no.,0,unknown,7,26,2024-03,False,Positif,2024,2,help me to get my efin nomor,"['help', 'me', 'to', 'get', 'my', 'efin', 'nomor']"
Pengguna Google,5,2024-05-08 10:14:17,Sesuai data,0,1.4.0,2,11,2024-05,False,Positif,2024,2,sesuai data,"['sesuai', 'data']"
Pengguna Google,1,2024-03-28 10:38:44,Aplikasi tolol di buat ga guna baget,0,1.4.0,7,36,2024-03,False,Negatif,2024,0,aplikasi tolol tidak baget,"['aplikasi', 'tolol', 'tidak', 'baget']"
Pengguna Google,4,2026-02-24 11:41:08,"Coba yang di website coretaxdjp.pajak.go.id di perbaiki untuk bugnya. Ketika ingin login selalu dianggap salah, ketika di aplikasi bisa masuk. Moga saran nya dibaca ya bapak/ibu yang terhormat. Terima kasih",6,3.0.6,30,206,2026-02,False,Positif,2026,2,coba website coretaxdjp pajak go id baik bugnya login anggap salah aplikasi masuk moga saran nya baca hormat terima kasih,"['coba', 'website', 'coretaxdjp', 'pajak', 'go', 'id', 'baik', 'bugnya', 'login', 'anggap', 'salah', 'aplikasi', 'masuk', 'moga', 'saran', 'nya', 'baca', 'hormat', 'terima', 'kasih']"
Pengguna Google,4,2025-03-14 12:53:08,ok,0,unknown,1,2,2025-03,True,Positif,2025,2,ok,['ok']
Pengguna Google,5,2024-03-21 17:40:44,Proses permohonan efin tidak sampai 20 menit👍,0,1.4.0,7,45,2024-03,False,Positif,2024,2,proses mohon efin tidak menit,"['proses', 'mohon', 'efin', 'tidak', 'menit']"
Pengguna Google,1,2024-09-21 20:36:15,Saya udah muter-muter buka aplikasi maupun di web tetap gak bisa. Katanya akun di blokir padahal baru saja di buat. Ini gimana ceritanya saya mau urus NPWP kok gak bisa.🙄,1,1.4.0,30,170,2024-09,False,Negatif,2024,0,muter muter buka aplikasi web tidak akun blokir cerita urus npwp tidak,"['muter', 'muter', 'buka', 'aplikasi', 'web', 'tidak', 'akun', 'blokir', 'cerita', 'urus', 'npwp', 'tidak']"
Pengguna Google,5,2025-08-12 08:34:49,sangat membantu,0,2.0.3,2,15,2025-08,True,Positif,2025,2,bantu,['bantu']
Pengguna Google,5,2026-02-28 09:38:55,😁,0,unknown,1,1,2026-02,False,Positif,2026,2,,[]
Pengguna Google,1,2024-06-23 10:07:59,"Buka website gabisa, giliran download apk nya sama juga, pantes aja rating nya kecil, padahal sekelas aplikasi pemerintahan. SAYA CINTA INDONESIA",0,1.4.0,21,145,2024-06,False,Negatif,2024,0,buka website tidak gilir download aplikasi nya pantes rating nya kelas aplikasi perintah cinta indonesia,"['buka', 'website', 'tidak', 'gilir', 'download', 'aplikasi', 'nya', 'pantes', 'rating', 'nya', 'kelas', 'aplikasi', 'perintah', 'cinta', 'indonesia']"
Pengguna Google,5,2024-11-19 20:20:07,SANGAT MEMBANTU,0,unknown,2,15,2024-11,True,Positif,2024,2,bantu,['bantu']
Iqbal Aldino,1,2025-02-12 16:14:29,Busuk,0,unknown,1,5,2025-02,True,Negatif,2025,0,busuk,['busuk']
Pengguna Google,5,2024-03-04 11:01:38,Sangat bagus 👍👍👍👍👍👍👍👍,0,1.3.0,3,21,2024-03,False,Positif,2024,2,bagus,['bagus']
Irfan Saifullah,1,2025-06-05 12:01:44,gabisa login pake nik. pdhal skrng no npwp itu nik,0,unknown,10,50,2025-06,False,Negatif,2025,0,tidak login pakai nik pdhal nomor npwp nik,"['tidak', 'login', 'pakai', 'nik', 'pdhal', 'nomor', 'npwp', 'nik']"
Pengguna Google,5,2025-03-11 21:28:28,"aku baru saja mengintal aplikasi ini m-pajak dan berjalan dengan sanggat lancar tanpa ada kendala apapun atau terjadi yg tidak diingin kan seperti halnya ngebug , macet , eror ,dan lain sebagainya khususnya di wilayah sampit, Kalimantan Tengah dan untuk survei kali ini aku sangat puas dengan hasilnya☺️ untuk teman2 pastikan hp teman2 dalam kondisi normal jika terdapat sampah atau file apk yg tidak berguna segera di hapus jika tidak ini akan menghambat kondisi hp dan jaringan yg tidak stabil.",75,2.0.3,80,496,2025-03,False,Positif,2025,2,kintal aplikasi pajak jalan sanggat lancar tanpa kendala apa tidak ingin hal ngebug macet eror wilayah sampit kalimantan survei kali puas hasil teman pasti handphone teman kondisi normal sampah file aplikasi tidak guna hapus tidak hambat kondisi handphone jaring tidak stabil,"['kintal', 'aplikasi', 'pajak', 'jalan', 'sanggat', 'lancar', 'tanpa', 'kendala', 'apa', 'tidak', 'ingin', 'hal', 'ngebug', 'macet', 'eror', 'wilayah', 'sampit', 'kalimantan', 'survei', 'kali', 'puas', 'hasil', 'teman', 'pasti', 'handphone', 'teman', 'kondisi', 'normal', 'sampah', 'file', 'aplikasi', 'tidak', 'guna', 'hapus', 'tidak', 'hambat', 'kondisi', 'handphone', 'jaring', 'tidak', 'stabil']"
Pengguna Google,5,2026-03-02 08:00:57,sangat membantu,0,2.0.4,2,15,2026-03,True,Positif,2026,2,bantu,['bantu']
Pengguna Google,1,2026-03-28 09:39:48,"Aktivasi aplikasi paling susah di muka bumi, sudah isi pulsa kode OTP gk masuk, mau verifikasi muka error, ada lebih pajak masukin no rek gk bisa, apa sihhhh padahal harus lapor SPT",2,3.0.6,32,181,2026-03,False,Negatif,2026,0,aktivasi aplikasi susah muka bumi isi pulsa kode otp tidak masuk verifikasi muka error pajak masukin nomor rek tidak sihhhh lapor spt,"['aktivasi', 'aplikasi', 'susah', 'muka', 'bumi', 'isi', 'pulsa', 'kode', 'otp', 'tidak', 'masuk', 'verifikasi', 'muka', 'error', 'pajak', 'masukin', 'nomor', 'rek', 'tidak', 'sihhhh', 'lapor', 'spt']"
viko naep,1,2024-06-04 09:17:43,eror mulu,0,1.4.0,2,9,2024-06,True,Negatif,2024,0,eror mulu,"['eror', 'mulu']"
Pengguna Google,5,2025-09-26 14:37:14,saya simpulkan dari komentar yang bintang 1 sampe 5...ini apk SAMPAH,0,unknown,11,68,2025-09,False,Positif,2025,2,simpul komentar bintang sampe aplikasi sampah,"['simpul', 'komentar', 'bintang', 'sampe', 'aplikasi', 'sampah']"
Pengguna Google,1,2025-02-25 15:24:42,"aplikasi gak jelas waktu otp hanya 10 menit, tapi kode otp nya dikirim 2 jam kemudian🥴🥴",0,2.0.3,16,87,2025-02,False,Negatif,2025,0,aplikasi tidak otp menit kode otp nya kirim jam,"['aplikasi', 'tidak', 'otp', 'menit', 'kode', 'otp', 'nya', 'kirim', 'jam']"
Pengguna Google,5,2024-03-21 12:03:10,Oke😊😊😊,0,unknown,1,6,2024-03,False,Positif,2024,2,oke,['oke']
Pengguna Google,5,2024-02-24 10:29:35,Ok,0,1.3.0,1,2,2024-02,True,Positif,2024,2,ok,['ok']
Pengguna Google,1,2025-03-26 13:18:35,kurang pro aplikasinya,0,2.0.3,3,22,2025-03,False,Negatif,2025,0,pro aplikasi,"['pro', 'aplikasi']"
Pengguna Google,5,2024-03-29 14:39:46,Mantap,0,unknown,1,6,2024-03,True,Positif,2024,2,mantap,['mantap']
Pengguna Google,1,2026-02-12 10:06:17,"mau masuknya gimana cuman bolak balik suruh ganti password,apklikasi ribet",1,3.0.6,10,74,2026-02,False,Negatif,2026,0,masuk cuman bolak suruh ganti password apklikasi ribet,"['masuk', 'cuman', 'bolak', 'suruh', 'ganti', 'password', 'apklikasi', 'ribet']"
Pengguna Google,5,2024-11-06 10:10:35,Ok....👍,0,1.4.0,1,7,2024-11,False,Positif,2024,2,ok,['ok']
Pengguna Google,5,2024-05-08 18:29:52,Membantu,0,unknown,1,8,2024-05,True,Positif,2024,2,bantu,['bantu']
Pengguna Google,1,2024-02-20 13:50:26,Lemot.,0,unknown,1,6,2024-02,False,Negatif,2024,0,lot,['lot']
Pengguna Google,5,2024-01-18 13:18:13,"Sangat terbantu sekali,,terimakasih",0,1.2.5,3,35,2024-01,False,Positif,2024,2,bantu terimakasih,"['bantu', 'terimakasih']"
Pengguna Google,1,2026-05-02 12:15:38,"aplikasi pemerintah ini gimana sih. gak ada yang bagus, apa akal akalan pemerintah bikan aplikasi susah di akses. lemot iya sering trobel iya. bukan mempermudah malam mempersulit. anggaran aja gede tapi akses paling bawa.",0,3.0.9,34,221,2026-05,False,Negatif,2026,0,aplikasi perintah tidak bagus akal akal perintah bik aplikasi susah akses lot iya trobel iya bukan mudah malam sulit anggar gede akses bawa,"['aplikasi', 'perintah', 'tidak', 'bagus', 'akal', 'akal', 'perintah', 'bik', 'aplikasi', 'susah', 'akses', 'lot', 'iya', 'trobel', 'iya', 'bukan', 'mudah', 'malam', 'sulit', 'anggar', 'gede', 'akses', 'bawa']"
Pengguna Google,5,2025-03-05 17:52:38,Mantap👍,0,2.0.3,1,7,2025-03,False,Positif,2025,2,mantap,['mantap']
Pengguna Google,5,2024-03-03 12:04:09,Okhay,0,1.3.0,1,5,2024-03,False,Positif,2024,2,okhay,['okhay']
Pengguna Google,1,2025-01-03 14:42:10,Wah parah aplikasinya,0,2.0.2,3,21,2025-01,False,Negatif,2025,0,parah aplikasi,"['parah', 'aplikasi']"
Pengguna Google,5,2025-01-15 13:58:33,bagus,0,2.0.0,1,5,2025-01,True,Positif,2025,2,bagus,['bagus']
Ari Putra,1,2024-03-26 11:00:40,"Fc terus, app pemerintah selalu jelek, biaya buat aja yang mahal, buang buang duit negara!",2,1.4.0,15,90,2024-03,False,Negatif,2024,0,fc aplikasi perintah jelek biaya mahal buang buang duit negara,"['fc', 'aplikasi', 'perintah', 'jelek', 'biaya', 'mahal', 'buang', 'buang', 'duit', 'negara']"
Pengguna Google,1,2024-02-01 06:54:42,"Kode verifikasi lama banget munculnya, 4jam kemudian baru muncul. Kirain eror doang, ternyata dicoba berkali2 tetep delay. Aneh",0,unknown,18,127,2024-02,False,Negatif,2024,0,kode verifikasi muncul jam muncul kirain eror coba kali tetep delay aneh,"['kode', 'verifikasi', 'muncul', 'jam', 'muncul', 'kirain', 'eror', 'coba', 'kali', 'tetep', 'delay', 'aneh']"
Pengguna Google,4,2026-02-04 13:56:32,Susah bangat memakai Apl ini,0,3.0.0,5,28,2026-02,False,Positif,2026,2,susah bangat pakai aplikasi,"['susah', 'bangat', 'pakai', 'aplikasi']"
Pengguna Google,1,2026-03-17 10:39:06,"sulit untuk dipahami, banyak yang bingung, untuk pendaftaran spt nya gagal terus",1,3.0.6,12,80,2026-03,False,Negatif,2026,0,sulit paham bingung daftar spt nya gagal,"['sulit', 'paham', 'bingung', 'daftar', 'spt', 'nya', 'gagal']"
Pengguna Google,1,2025-02-10 21:33:17,"Website/aplikasi pemerintah memang selalu ampas. Anggaran besar, hasil kerja konyol",1,2.0.3,10,83,2025-02,False,Negatif,2025,0,website aplikasi perintah ampas anggar hasil kerja konyol,"['website', 'aplikasi', 'perintah', 'ampas', 'anggar', 'hasil', 'kerja', 'konyol']"
Pengguna Google,5,2026-03-05 08:00:11,baik,0,2.0.6,1,4,2026-03,True,Positif,2026,2,,[]
Pengguna Google,5,2025-05-20 20:33:37,"Fix dong, kaga bisa login terus udah sebulan an, saya rating tinggi biar kebaca ama si admin ini",25,2.0.4,18,96,2025-05,False,Positif,2025,2,fix tidak login bulan an rating biar baca ama si admin,"['fix', 'tidak', 'login', 'bulan', 'an', 'rating', 'biar', 'baca', 'ama', 'si', 'admin']"
Agus ziad,4,2025-01-30 11:21:53,Baik,0,1.4.0,1,4,2025-01,True,Positif,2025,2,,[]
Pengguna Google,5,2025-05-26 14:10:47,bgus pelyaany,0,2.0.4,2,13,2025-05,False,Positif,2025,2,bagus pelyaany,"['bagus', 'pelyaany']"
Pengguna Google,1,2025-07-14 19:45:10,gara gara kelemotan aplikasi gua jadi gagal interview,0,2.0.4,8,53,2025-07,False,Negatif,2025,0,gara gara lot aplikasi gua gagal interview,"['gara', 'gara', 'lot', 'aplikasi', 'gua', 'gagal', 'interview']"
Pengguna Google,1,2024-06-08 13:53:56,"Kenapa wajib pajak yg harus memadankan nik sendiri, padahal datanya sdh ada waktu daftar. Payah banget",0,1.4.0,16,102,2024-06,False,Negatif,2024,0,wajib pajak padan nik data daftar payah,"['wajib', 'pajak', 'padan', 'nik', 'data', 'daftar', 'payah']"
Pengguna Google,5,2024-02-15 09:50:21,Aplikasi pajak sampah.,0,unknown,3,22,2024-02,False,Positif,2024,2,aplikasi pajak sampah,"['aplikasi', 'pajak', 'sampah']"
Kenan Wisaksena Hudawan,1,2024-08-12 15:31:22,"Aplikasinya payah banget. TIDAK BERGUNA! -Baru buka aplikasi, blank lama ±3 menit (coba di 2 hp, kelas flagship beda merk, hasilnya sama). - Mencet apa² responnya lama bgt. - Sering error, keluar sendiri - pengajuan lupa EFIN, kode OTP ga dikirim (udah dicoba 3x sama aja) - Gaada menu back. Mau kembali ke menu sebelumnya? Restart app wkwk - Setiap mau make, malah suruh update aplikasi. Woilah ini gaada tahap a-b-c test kah? Anggarannya berapa sih?",0,1.4.0,76,451,2024-08,False,Negatif,2024,0,aplikasi payah tidak guna buka aplikasi blank menit coba handphone kelas flagship beda merk hasil mencet responnya error aju lupa efin kode otp tidak kirim coba gaada menu back menu restart aplikasi wkwk make suruh update aplikasi woilah gaada tahap test kah anggar,"['aplikasi', 'payah', 'tidak', 'guna', 'buka', 'aplikasi', 'blank', 'menit', 'coba', 'handphone', 'kelas', 'flagship', 'beda', 'merk', 'hasil', 'mencet', 'responnya', 'error', 'aju', 'lupa', 'efin', 'kode', 'otp', 'tidak', 'kirim', 'coba', 'gaada', 'menu', 'back', 'menu', 'restart', 'aplikasi', 'wkwk', 'make', 'suruh', 'update', 'aplikasi', 'woilah', 'gaada', 'tahap', 'test', 'kah', 'anggar']"
Pengguna Google,1,2026-03-08 10:37:24,mau masuk malah halaman tidak berfungsi. bikin bingung apkikasi ini,1,3.0.6,10,67,2026-03,False,Negatif,2026,0,masuk halaman tidak fungsi bikin bingung apkikasi,"['masuk', 'halaman', 'tidak', 'fungsi', 'bikin', 'bingung', 'apkikasi']"
Pengguna Google,5,2026-02-13 10:53:00,semoga manfaat,0,3.0.6,2,14,2026-02,False,Positif,2026,2,moga manfaat,"['moga', 'manfaat']"
Henry,1,2026-01-09 12:17:01,terible,0,2.0.6,1,7,2026-01,False,Negatif,2026,0,terible,['terible']
Edwin Kurniadi,5,2025-03-20 10:41:42,Everything is OK.,0,2.0.3,3,17,2025-03,False,Positif,2025,2,everything is ok,"['everything', 'is', 'ok']"
Bagus Ajie,1,2024-03-28 09:49:23,"Aplikasi rusak, tidak berfungsi sama sekali. Sangat disayangkan pajak yg saya bayar tidak dimanfaatkan dengan baik. Terbukti dari rusaknya aplikasi ini. Sudah disuruh lapor pajak sendiri, aplikasi tidak membantu sama sekali. Sangat memalukan",1,1.4.0,33,241,2024-03,False,Negatif,2024,0,aplikasi rusak tidak fungsi sayang pajak bayar tidak manfaat bukti rusak aplikasi suruh lapor pajak aplikasi tidak bantu malu,"['aplikasi', 'rusak', 'tidak', 'fungsi', 'sayang', 'pajak', 'bayar', 'tidak', 'manfaat', 'bukti', 'rusak', 'aplikasi', 'suruh', 'lapor', 'pajak', 'aplikasi', 'tidak', 'bantu', 'malu']"
Pengguna Google,5,2024-02-01 16:47:51,Ok,0,1.2.3,1,2,2024-02,True,Positif,2024,2,ok,['ok']
Pengguna Google,1,2025-03-03 21:53:02,Parah lah... Ngga bener...,0,1.4.0,4,26,2025-03,False,Negatif,2025,0,parah tidak bener,"['parah', 'tidak', 'bener']"
Pengguna Google,5,2025-03-27 10:43:54,ok,0,2.0.4,1,2,2025-03,True,Positif,2025,2,ok,['ok']
Pengguna Google,5,2025-02-27 08:09:09,Josss,0,unknown,1,5,2025-02,True,Positif,2025,2,josss,['josss']
Pengguna Google,1,2025-12-25 22:23:19,NPWP hanya disediakan 15 digit. padahal NPWP saya 16 digit. ga ada toleransi langsung dibilang NPWP tidak terdata. wahh Indonesia ku ternyata belum sanggup berorientasi teknologi padahal cuma masalah sesepele ini doangg wkwk,0,2.0.6,33,224,2025-12,False,Negatif,2025,0,npwp sedia digit npwp digit tidak toleransi langsung bilang npwp tidak data wahh indonesia ku belum sanggup orientasi teknologi sepele doangg wkwk,"['npwp', 'sedia', 'digit', 'npwp', 'digit', 'tidak', 'toleransi', 'langsung', 'bilang', 'npwp', 'tidak', 'data', 'wahh', 'indonesia', 'ku', 'belum', 'sanggup', 'orientasi', 'teknologi', 'sepele', 'doangg', 'wkwk']"
Pengguna Google,1,2024-07-29 15:42:48,"Gak bisa dipake, yg versi web juga sama aja",1,1.4.0,9,43,2024-07,False,Negatif,2024,0,tidak dipake versi web,"['tidak', 'dipake', 'versi', 'web']"
Pengguna Google,5,2024-07-26 12:47:54,Oc..,0,unknown,1,4,2024-07,False,Positif,2024,2,oc,['oc']
Pengguna Google,1,2024-03-29 16:53:07,"Aplikasi GK jelas, sudah berulang kali isi data gagal trus",0,1.4.0,10,58,2024-03,False,Negatif,2024,0,aplikasi tidak ulang kali isi data gagal,"['aplikasi', 'tidak', 'ulang', 'kali', 'isi', 'data', 'gagal']"
Pengguna Google,5,2026-02-06 08:54:17,Good mantap cuman saya belum pernah daftar tapi di sini ada tagihan,1,unknown,12,67,2026-02,False,Positif,2026,2,good mantap cuman belum daftar tagih,"['good', 'mantap', 'cuman', 'belum', 'daftar', 'tagih']"
Pengguna Google,2,2025-02-16 18:55:57,"Apk dari pemerintah kembali ya ke pemerintah dibikin biar mudah warganya lapor malah nyusahin amat masuk apk, gokil luh",0,2.0.3,19,119,2025-02,False,Negatif,2025,0,aplikasi perintah perintah bikin biar mudah warga lapor nyusahin masuk aplikasi gokil luh,"['aplikasi', 'perintah', 'perintah', 'bikin', 'biar', 'mudah', 'warga', 'lapor', 'nyusahin', 'masuk', 'aplikasi', 'gokil', 'luh']"
Pengguna Google,5,2024-10-13 08:45:23,Lapor pajak semakin mudah,0,1.4.0,4,25,2024-10,False,Positif,2024,2,lapor pajak mudah,"['lapor', 'pajak', 'mudah']"
Pengguna Google,1,2026-02-03 13:42:17,sampah bener ni apk ya Allah,0,2.0.6,6,28,2026-02,False,Negatif,2026,0,sampah bener ni aplikasi allah,"['sampah', 'bener', 'ni', 'aplikasi', 'allah']"
Pengguna Google,5,2025-01-26 09:34:49,"Alhamdulillah,,,, proses permintaan efin sangat cepat, gk perlu waktu lama lgsg dikirim ke email. Mantap",6,2.0.3,15,104,2025-01,False,Positif,2025,2,alhamdulillah proses minta efin cepat tidak lgsg kirim email mantap,"['alhamdulillah', 'proses', 'minta', 'efin', 'cepat', 'tidak', 'lgsg', 'kirim', 'email', 'mantap']"
Pengguna Google,1,2025-07-03 15:37:18,Semakin kesini bukan nya semakin baik. Klo belum siap buat bikin APK ga usah maksain deh,0,2.0.4,16,88,2025-07,False,Negatif,2025,0,kesini bukan nya klo belum bikin aplikasi tidak maksain,"['kesini', 'bukan', 'nya', 'klo', 'belum', 'bikin', 'aplikasi', 'tidak', 'maksain']"
Pengguna Google,5,2024-04-11 10:06:10,Tingkatka aplikasinya dan permudakan pendaptaranyany.,0,1.4.0,5,53,2024-04,False,Positif,2024,2,tingkatka aplikasi muda pendaptaranyany,"['tingkatka', 'aplikasi', 'muda', 'pendaptaranyany']"
Pengguna Google,1,2024-06-26 08:48:08,masukin Nik tidak mau lengkap,0,unknown,5,29,2024-06,False,Negatif,2024,0,masukin nik tidak lengkap,"['masukin', 'nik', 'tidak', 'lengkap']"
Pengguna Google,1,2026-04-26 19:36:29,fungsi aplikasi buat apa?,0,unknown,4,25,2026-04,False,Negatif,2026,0,fungsi aplikasi,"['fungsi', 'aplikasi']"
Pengguna Google,1,2025-04-02 19:30:33,"server gangguan terus,lemot,kebanyakan di korup",1,2.0.4,5,47,2025-04,False,Negatif,2025,0,server ganggu lot banyak korup,"['server', 'ganggu', 'lot', 'banyak', 'korup']"
Pengguna Google,1,2025-01-10 20:23:15,Gini amat aplikasi pemerintah hdeuh emil sudah bener tapi ngebug nungguin verivikasi ampe berhari hari belum juga ada,1,2.0.2,18,117,2025-01,False,Negatif,2025,0,aplikasi perintah hdeuh emil bener ngebug nungguin verivikasi ampe hari belum,"['aplikasi', 'perintah', 'hdeuh', 'emil', 'bener', 'ngebug', 'nungguin', 'verivikasi', 'ampe', 'hari', 'belum']"
Pengguna Google,1,2024-02-07 18:48:07,"Download aplikasi ini krn lupa efin, kirain bakal segampang video sosialisasi nya, ternyata aplikasi nya gak siap. Verifikasi NIK gagal terus. Coba input lagi sampe 6 kali tetep aja gagal. Aneh banget, terus buat apa bikin aplikasi begini yah",29,1.3.0,39,242,2024-02,False,Negatif,2024,0,download aplikasi lupa efin kirain gampang video sosialisasi nya aplikasi nya tidak verifikasi nik gagal coba input sampe kali tetep gagal aneh bikin aplikasi,"['download', 'aplikasi', 'lupa', 'efin', 'kirain', 'gampang', 'video', 'sosialisasi', 'nya', 'aplikasi', 'nya', 'tidak', 'verifikasi', 'nik', 'gagal', 'coba', 'input', 'sampe', 'kali', 'tetep', 'gagal', 'aneh', 'bikin', 'aplikasi']"
Pengguna Google,5,2025-11-25 19:17:31,sangat propesional,0,2.0.3,2,18,2025-11,False,Positif,2025,2,propesional,['propesional']
Pengguna Google,1,2025-08-03 12:01:24,lemot banget ahhk bikin emosi aja!!! dari dulu gak pernah dibenerin kocak!!!,0,unknown,12,76,2025-08,False,Negatif,2025,0,lot ahhk bikin emosi tidak dibenerin kocak,"['lot', 'ahhk', 'bikin', 'emosi', 'tidak', 'dibenerin', 'kocak']"
Pengguna Google,5,2025-03-27 17:54:41,mantap,0,2.0.3,1,6,2025-03,True,Positif,2025,2,mantap,['mantap']
Pengguna Google,5,2025-03-06 15:02:33,Mantap,0,1.4.0,1,6,2025-03,True,Positif,2025,2,mantap,['mantap']
Pengguna Google,2,2025-02-27 13:06:21,"Kode verifikasinya lambat masuk, lemot",0,2.0.3,5,38,2025-02,False,Negatif,2025,0,kode verifikasi lambat masuk lot,"['kode', 'verifikasi', 'lambat', 'masuk', 'lot']"
Pengguna Google,1,2024-11-13 13:03:12,Kenapa setiap klik aplikasi nya selalu keluar sendiri padahal SDH di coba berkali-kali dan sudah berkali-kali hapus unduh lagi,0,unknown,19,126,2024-11,False,Negatif,2024,0,klik aplikasi nya coba kali kali kali kali hapus unduh,"['klik', 'aplikasi', 'nya', 'coba', 'kali', 'kali', 'kali', 'kali', 'hapus', 'unduh']"
dyo dyo,5,2026-03-07 07:51:05,Ada potensi baik pada aplikasi ini. Kemudahan akses informasi perpajakan Indonesia menjadi hal yang mutlak perlu. Asal hasil dari pajak ujung2nya JANGAN SAMPE DIKORUPSI YA! 🙄,0,3.0.6,26,174,2026-03,False,Positif,2026,2,potensi aplikasi mudah akses informasi paja indonesia mutlak hasil pajak ujung jangan sampe korupsi,"['potensi', 'aplikasi', 'mudah', 'akses', 'informasi', 'paja', 'indonesia', 'mutlak', 'hasil', 'pajak', 'ujung', 'jangan', 'sampe', 'korupsi']"
Pengguna Google,1,2024-01-18 16:12:28,Sandi dan nomor NPWP sudah sesuai. Lewat browser bisa. Tapi lewat aplikasi ini malah gak bisa. Tolong perbaikannya,2,1.2.5,18,114,2024-01,False,Negatif,2024,0,sandi nomor npwp sesuai browser aplikasi tidak tolong baik,"['sandi', 'nomor', 'npwp', 'sesuai', 'browser', 'aplikasi', 'tidak', 'tolong', 'baik']"
Pengguna Google,5,2025-02-21 17:48:58,Pajak masuk negara kuat,0,unknown,4,23,2025-02,False,Positif,2025,2,pajak masuk negara kuat,"['pajak', 'masuk', 'negara', 'kuat']"
Pengguna Google,5,2026-02-06 23:31:34,aplikasi yg sangat membantu utk mendaftar djp online,6,3.0.3,8,52,2026-02,False,Positif,2026,2,aplikasi bantu daftar djp online,"['aplikasi', 'bantu', 'daftar', 'djp', 'online']"
dr. Chandra Manapa,1,2025-01-11 20:42:03,"Hang, fitur aneh, ngisi data ga bisa.",2,2.0.2,7,37,2025-01,False,Negatif,2025,0,hang fitur aneh ngisi data tidak,"['hang', 'fitur', 'aneh', 'ngisi', 'data', 'tidak']"
Pengguna Google,1,2025-02-04 12:50:49,Lupa password juga bingung harus gimana? Gak ada menu lupa password. Di website juga bingung. Harus ada kode EFIN. Kenapa org yg mau bayar pajak aja sulit ya 😂😂 wakanda emang bgini,11,2.0.3,32,180,2025-02,False,Negatif,2025,0,lupa password bingung tidak menu lupa password website bingung kode efin orang bayar pajak sulit wakanda emang bgini,"['lupa', 'password', 'bingung', 'tidak', 'menu', 'lupa', 'password', 'website', 'bingung', 'kode', 'efin', 'orang', 'bayar', 'pajak', 'sulit', 'wakanda', 'emang', 'bgini']"
Pengguna Google,1,2025-08-07 15:30:13,ribet,0,2.0.4,1,5,2025-08,True,Negatif,2025,0,ribet,['ribet']
Pengguna Google,1,2024-01-11 17:00:00,"Validasi otp dari zaman dinasti ming sampai skrng ndk masuk2 ke sms,,gmna mah daftar",0,1.2.5,14,84,2024-01,False,Negatif,2024,0,validasi otp zaman dinasti ming ndk masuk sms mah daftar,"['validasi', 'otp', 'zaman', 'dinasti', 'ming', 'ndk', 'masuk', 'sms', 'mah', 'daftar']"
Pengguna Google,1,2025-05-19 04:42:20,"Mau log in tapi yang muncuk error terus, kalau log in di web bisa.",1,2.0.4,14,66,2025-05,False,Negatif,2025,0,log in muncuk error log in web,"['log', 'in', 'muncuk', 'error', 'log', 'in', 'web']"
Pengguna Google,1,2025-03-09 14:53:04,"Aplikasi nya gak berguna sumpah, orang mau lapor pajak ini chat online nya gak bisa !!!",0,2.0.3,16,87,2025-03,False,Negatif,2025,0,aplikasi nya tidak guna sumpah orang lapor pajak chat online nya tidak,"['aplikasi', 'nya', 'tidak', 'guna', 'sumpah', 'orang', 'lapor', 'pajak', 'chat', 'online', 'nya', 'tidak']"
Abyantama El Anwary,1,2024-03-31 14:23:00,sampah,1,1.4.0,1,6,2024-03,True,Negatif,2024,0,sampah,['sampah']
Pengguna Google,5,2024-03-04 17:42:20,Sippp-Mantabbbbz,0,unknown,1,16,2024-03,False,Positif,2024,2,sippp mantabbbbz,"['sippp', 'mantabbbbz']"
Pengguna Google,5,2024-07-08 22:20:22,Sangat keren mudah buat segala nya,0,1.4.0,6,34,2024-07,False,Positif,2024,2,keren mudah nya,"['keren', 'mudah', 'nya']"
Nur Salim,4,2025-01-26 20:23:55,Serius ini problem di OTP doang soal code ngga ada deskripsi oke lah tapi ni otp ngga masuk gimana harus ganti nomor lagi?? Lama lama jadi counter ni rumah,1,2.0.3,29,155,2025-01,False,Positif,2025,2,serius problem otp code tidak deskripsi oke ni otp tidak masuk ganti nomor counter ni rumah,"['serius', 'problem', 'otp', 'code', 'tidak', 'deskripsi', 'oke', 'ni', 'otp', 'tidak', 'masuk', 'ganti', 'nomor', 'counter', 'ni', 'rumah']"
Annisa Putri,5,2024-06-25 13:05:00,Best,0,1.4.0,1,4,2024-06,True,Positif,2024,2,best,['best']
Pengguna Google,1,2025-03-25 09:07:30,percuma aplikasinya udh ada efin tetap aja disuruh laporan spt tahunannya ke kantor pajak...,0,2.0.3,14,92,2025-03,False,Negatif,2025,0,aplikasi efin suruh lapor spt tahun kantor pajak,"['aplikasi', 'efin', 'suruh', 'lapor', 'spt', 'tahun', 'kantor', 'pajak']"
Pengguna Google,1,2025-03-06 09:21:46,"Pengiriman kode verifikasi sangat lama, aplikasi udang ke restar ke menu awal baru masuk kodenya jdinya sia""",0,2.0.3,17,108,2025-03,False,Negatif,2025,0,kirim kode verifikasi aplikasi udang restar menu masuk kode jdinya sia,"['kirim', 'kode', 'verifikasi', 'aplikasi', 'udang', 'restar', 'menu', 'masuk', 'kode', 'jdinya', 'sia']"
Pengguna Google,5,2026-01-08 14:20:44,gmna ya caranya kalo lupa password masuk akun pajak,0,2.0.6,9,51,2026-01,False,Positif,2026,2,kalo lupa password masuk akun pajak,"['kalo', 'lupa', 'password', 'masuk', 'akun', 'pajak']"
Pengguna Google,1,2024-06-05 14:03:54,Bukannya mempermudah malah mempersulit,0,1.4.0,4,38,2024-06,False,Negatif,2024,0,mudah sulit,"['mudah', 'sulit']"
Pengguna Google,1,2026-03-11 06:36:54,gini amat sih mau laporan aja ribetnya minta ampun atau memang di sengaja di buat susah seperti ini tinggal aktivasi aja susahnya minta ampun,1,3.0.6,24,141,2026-03,False,Negatif,2026,0,lapor ribetnya ampun sengaja susah tinggal aktivasi susah ampun,"['lapor', 'ribetnya', 'ampun', 'sengaja', 'susah', 'tinggal', 'aktivasi', 'susah', 'ampun']"
Pengguna Google,2,2026-04-23 20:55:37,"mohon maaf yh,gw udh berusaha buat hal sepele semacam pindah wilayah npwp udh otw ke kantor di arahin lagi ke apk udh login di apk malah eror ganti hp Masi tetap eror ini singaja buat nambah pengangguran di indo atau gimanah? gw cuman orang kecil,liat fitur' apk nya pada nggk masuk akal,bolak balik nyari jaringan,ambil foto masuk lagi. buat orang kecil kek gw aja kerja di ribet kan gini.mohon di perbaiki ini suara rakyat.. mohon di baca chat ku yang Tidk penting ini semoga bermanfaat.",0,unknown,85,489,2026-04,False,Negatif,2026,0,mohon maaf yh gw usaha sepele pindah wilayah npwp otw kantor arahin aplikasi login aplikasi eror ganti handphone eror singaja nambah anggur indo gimanah gw cuman orang liat fitur aplikasi nya nggk masuk akal bolak nyari jaring ambil foto masuk orang kek gw kerja ribet mohon baik suara rakyat mohon baca chat ku tidk moga manfaat,"['mohon', 'maaf', 'yh', 'gw', 'usaha', 'sepele', 'pindah', 'wilayah', 'npwp', 'otw', 'kantor', 'arahin', 'aplikasi', 'login', 'aplikasi', 'eror', 'ganti', 'handphone', 'eror', 'singaja', 'nambah', 'anggur', 'indo', 'gimanah', 'gw', 'cuman', 'orang', 'liat', 'fitur', 'aplikasi', 'nya', 'nggk', 'masuk', 'akal', 'bolak', 'nyari', 'jaring', 'ambil', 'foto', 'masuk', 'orang', 'kek', 'gw', 'kerja', 'ribet', 'mohon', 'baik', 'suara', 'rakyat', 'mohon', 'baca', 'chat', 'ku', 'tidk', 'moga', 'manfaat']"
Sofyan Sauri,1,2025-03-04 09:20:34,Tidak berguna,0,2.0.3,2,13,2025-03,True,Negatif,2025,0,tidak guna,"['tidak', 'guna']"
Pengguna Google,5,2024-11-29 18:50:52,Aplikasinya bagus banget bisa memudahkan penggunanya,0,1.4.0,6,52,2024-11,False,Positif,2024,2,aplikasi bagus mudah guna,"['aplikasi', 'bagus', 'mudah', 'guna']"
Pengguna Google,5,2024-12-06 09:15:36,Sangat membantu dalam mengalasisi pajak,0,unknown,5,39,2024-12,False,Positif,2024,2,bantu mengalasisi pajak,"['bantu', 'mengalasisi', 'pajak']"
Pengguna Google,5,2025-03-28 21:38:18,ok banget,0,2.0.3,2,9,2025-03,True,Positif,2025,2,ok,['ok']
Pengguna Google,1,2024-10-22 12:13:26,"Tolong pak website nya di benerin masa nerima kode opt nya lama banget trus waktu berlaku kode optnya cuman 10 menit, sedangkan kode opt nya masuk lebih lama dari 10 menit. Ini gimana sih.",0,unknown,34,188,2024-10,False,Negatif,2024,0,tolong website nya benerin nerima kode opt nya laku kode optnya cuman menit kode opt nya masuk menit,"['tolong', 'website', 'nya', 'benerin', 'nerima', 'kode', 'opt', 'nya', 'laku', 'kode', 'optnya', 'cuman', 'menit', 'kode', 'opt', 'nya', 'masuk', 'menit']"
Pengguna Google,2,2026-03-18 14:03:26,"ga bisa login ,bolak balik gagal",0,3.0.6,6,32,2026-03,False,Negatif,2026,0,tidak login bolak gagal,"['tidak', 'login', 'bolak', 'gagal']"
Pengguna Google,1,2025-01-13 11:58:34,"Aplikasi yg seharus nya bagus kualitas nya untuk masyarakat malah eror semua,",2,2.0.2,12,77,2025-01,False,Negatif,2025,0,aplikasi harus nya bagus kualitas nya masyarakat eror,"['aplikasi', 'harus', 'nya', 'bagus', 'kualitas', 'nya', 'masyarakat', 'eror']"
Pengguna Google,1,2026-04-06 15:42:40,RIBET,0,3.0.6,1,5,2026-04,False,Negatif,2026,0,ribet,['ribet']
Pengguna Google,5,2025-12-30 13:20:14,is the best,0,unknown,3,11,2025-12,False,Positif,2025,2,is the best,"['is', 'the', 'best']"
Pengguna Google,1,2025-04-17 08:18:17,Sengaja di buat pusing dan sulit supaya kita habis tenaga tak ada waktu untuk berfikir lain intinya bayar,0,2.0.4,18,105,2025-04,False,Negatif,2025,0,sengaja pusing sulit habis tenaga tak berfikir inti bayar,"['sengaja', 'pusing', 'sulit', 'habis', 'tenaga', 'tak', 'berfikir', 'inti', 'bayar']"
Pengguna Google,1,2025-08-31 08:26:24,"maU login malah ga bisa nomer nowpnya, pntek gaming",1,2.0.5,9,51,2025-08,False,Negatif,2025,0,login tidak nomer nowpnya pntek gaming,"['login', 'tidak', 'nomer', 'nowpnya', 'pntek', 'gaming']"
Pengguna Google,5,2025-04-16 08:17:38,very good,0,2.0.4,2,9,2025-04,False,Positif,2025,2,very good,"['very', 'good']"
Pengguna Google,1,2024-03-29 18:25:44,"Mau ngurus lupa efin aja ribet, padahal udah pake foto sendiri. Klo nagih pajak getol buat pelayanan sulit.",0,1.4.0,18,107,2024-03,False,Negatif,2024,0,ngurus lupa efin ribet pakai foto klo nagih pajak getol layan sulit,"['ngurus', 'lupa', 'efin', 'ribet', 'pakai', 'foto', 'klo', 'nagih', 'pajak', 'getol', 'layan', 'sulit']"
Pengguna Google,1,2026-04-30 14:34:12,"padahal aplikasi ini sangat diperlukan di dunia kerja, eh malah pembuat aplikasi kek lontong",0,3.0.9,14,92,2026-04,False,Negatif,2026,0,aplikasi dunia kerja eh buat aplikasi kek lontong,"['aplikasi', 'dunia', 'kerja', 'eh', 'buat', 'aplikasi', 'kek', 'lontong']"
Pengguna Google,1,2024-12-08 07:31:02,"Gimana si aplikasinya, mau pengajuan efin pas minta kode verifikasi email tidak bisa di klik verifikasi, gk jelas banget apk nya😡",1,unknown,21,129,2024-12,False,Negatif,2024,0,si aplikasi aju efin pas kode verifikasi email tidak klik verifikasi tidak aplikasi nya,"['si', 'aplikasi', 'aju', 'efin', 'pas', 'kode', 'verifikasi', 'email', 'tidak', 'klik', 'verifikasi', 'tidak', 'aplikasi', 'nya']"
email palsu,1,2024-10-24 13:56:19,coba & rasakan kemunduran teknologinya 😃🌟,1,unknown,6,41,2024-10,False,Negatif,2024,0,coba rasa mundur teknologi,"['coba', 'rasa', 'mundur', 'teknologi']"
Pengguna Google,5,2025-10-14 12:37:22,aja kelalen maca...,0,2.0.4,3,19,2025-10,False,Positif,2025,2,kelalen maca,"['kelalen', 'maca']"
Pengguna Google,1,2025-03-06 08:51:44,Udah ngirim ke email kode verifikasi masuknya lama melebihi batas waktu yg diberikan (pembuatan kode efin),0,2.0.3,16,106,2025-03,False,Negatif,2025,0,ngirim email kode verifikasi masuk lebih batas buat kode efin,"['ngirim', 'email', 'kode', 'verifikasi', 'masuk', 'lebih', 'batas', 'buat', 'kode', 'efin']"
Pengguna Google,5,2026-01-15 15:42:52,sangat bermanfaat,0,2.0.6,2,17,2026-01,True,Positif,2026,2,manfaat,['manfaat']
Pengguna Google,5,2026-02-09 14:11:14,bagus untuk Verifikasi no tlp jangan lupa di isi pulsa dulu untuk bisa nerima SMS OTP,0,unknown,16,85,2026-02,False,Positif,2026,2,bagus verifikasi nomor tlp jangan lupa isi pulsa nerima sms otp,"['bagus', 'verifikasi', 'nomor', 'tlp', 'jangan', 'lupa', 'isi', 'pulsa', 'nerima', 'sms', 'otp']"
Pengguna Google,5,2026-02-20 15:19:55,ok,0,unknown,1,2,2026-02,True,Positif,2026,2,ok,['ok']
Pengguna Google,5,2025-09-13 20:24:55,GOOD,0,2.0.4,1,4,2025-09,True,Positif,2025,2,good,['good']
Pengguna Google,1,2024-01-12 21:46:44,"Nomor dan paswod NPWP sudah bner tapi ga bisa login, sampai di ulang skian kali pun ga bisa.. Haduuuuu..",0,1.2.5,19,104,2024-01,False,Negatif,2024,0,nomor paswod npwp tidak login ulang ski kali tidak haduuuuu,"['nomor', 'paswod', 'npwp', 'tidak', 'login', 'ulang', 'ski', 'kali', 'tidak', 'haduuuuu']"
Pengguna Google,1,2025-09-25 20:23:30,"Gak beres, Menu pendarannya gak ada, gmn mau login",2,2.0.6,9,50,2025-09,False,Negatif,2025,0,tidak beres menu pendar tidak login,"['tidak', 'beres', 'menu', 'pendar', 'tidak', 'login']"
Pengguna Google,1,2025-01-16 10:11:22,Pelayanan lama yang didulu orang terdekatnya sudah nunggu daritadi,0,unknown,9,66,2025-01,False,Negatif,2025,0,layan didulu orang dekat nunggu daritadi,"['layan', 'didulu', 'orang', 'dekat', 'nunggu', 'daritadi']"
Pengguna Google,5,2024-04-12 04:28:52,Terbaik,0,1.4.0,1,7,2024-04,True,Positif,2024,2,baik,['baik']
Yoppy Taufik Rachmansyah,5,2025-02-24 18:12:35,"Kode verifikasi dikirim sangat lama, ketika masuk kode nya ke email tidak bisa login karena kode verifikasi sudah hangus",1,unknown,19,120,2025-02,False,Positif,2025,2,kode verifikasi kirim masuk kode nya email tidak login kode verifikasi hangus,"['kode', 'verifikasi', 'kirim', 'masuk', 'kode', 'nya', 'email', 'tidak', 'login', 'kode', 'verifikasi', 'hangus']"
Pengguna Google,1,2024-03-30 15:36:24,"Ribet banget, muter² gak jelas petunjuknya Kerjasama sama google aja emailnya Lupa efin, dikirim ke email mailnesia Lupa email disuruh masukin efin Trus gimana cara mengetahui efinnya?",0,1.4.0,27,184,2024-03,False,Negatif,2024,0,ribet muter tidak tunjuk kerjasama google email lupa efin kirim email mailnesia lupa email suruh masukin efin efinnya,"['ribet', 'muter', 'tidak', 'tunjuk', 'kerjasama', 'google', 'email', 'lupa', 'efin', 'kirim', 'email', 'mailnesia', 'lupa', 'email', 'suruh', 'masukin', 'efin', 'efinnya']"
Pengguna Google,5,2024-10-14 20:19:07,Coba wajib pajak,0,unknown,3,16,2024-10,False,Positif,2024,2,coba wajib pajak,"['coba', 'wajib', 'pajak']"
Pengguna Google,1,2025-01-30 09:44:53,Eror teruuuus dari zaman dulu gk ngasih solusi,1,2.0.3,8,46,2025-01,False,Negatif,2025,0,eror teruuuus zaman tidak ngasih solusi,"['eror', 'teruuuus', 'zaman', 'tidak', 'ngasih', 'solusi']"
Pengguna Google,5,2024-03-03 21:16:21,Oke Bagus,0,1.3.0,2,9,2024-03,False,Positif,2024,2,oke bagus,"['oke', 'bagus']"
Pengguna Google,1,2025-10-29 05:44:36,periksa Sri mulayani atas kasus cortex yang memakan 1T lebih,0,unknown,10,60,2025-10,False,Negatif,2025,0,periksa sri mulayani cortex makan,"['periksa', 'sri', 'mulayani', 'cortex', 'makan']"
Pengguna Google,1,2026-03-02 08:17:36,aplikasi kebanyakan korupsi,0,unknown,3,27,2026-03,False,Negatif,2026,0,aplikasi banyak korupsi,"['aplikasi', 'banyak', 'korupsi']"
Pengguna Google,5,2024-02-17 07:59:57,Membantu,0,1.3.0,1,8,2024-02,True,Positif,2024,2,bantu,['bantu']
Pengguna Google,1,2026-03-06 08:52:45,apk eror masih butuh perbaikan,0,3.0.6,5,30,2026-03,False,Negatif,2026,0,aplikasi eror butuh baik,"['aplikasi', 'eror', 'butuh', 'baik']"
Pengguna Google,1,2025-02-02 00:22:10,"Kebanyakan aturan apk gk efisien ribet ruwet,mau bayar pajak dipersulit..",1,2.0.3,10,73,2025-02,False,Negatif,2025,0,banyak atur aplikasi tidak efisien ribet ruwet bayar pajak sulit,"['banyak', 'atur', 'aplikasi', 'tidak', 'efisien', 'ribet', 'ruwet', 'bayar', 'pajak', 'sulit']"
Pengguna Google,5,2024-02-01 21:52:08,Ok,0,1.2.5,1,2,2024-02,True,Positif,2024,2,ok,['ok']
Pengguna Google,5,2024-01-31 21:10:26,Bagus,0,unknown,1,5,2024-01,True,Positif,2024,2,bagus,['bagus']
Pengguna Google,5,2024-04-26 14:56:19,"Terima kasih sekali sangat membantu ,live chat nya juga cepat aplikasi berjalan lancar. Sebagai perantau yang pertama kali juga lupa efin badan bingung banget karena beda sama lupa efin pribadi dengan live chat sangat terbantu makasih kak satria walaupun aku bingung banget tapi Alhamdulillah muncul emil padahal live chat nya keburu berakhir. Makasih pokonya sehat selalu pegawai dpj 🙏🏻",3,1.4.0,59,387,2024-04,False,Positif,2024,2,terima kasih bantu live chat nya cepat aplikasi jalan lancar rantau kali lupa efin badan bingung beda lupa efin pribadi live chat bantu terima kasih kak satria bingung alhamdulillah muncul emil live chat nya keburu terima kasih poko sehat pegawai dpj,"['terima', 'kasih', 'bantu', 'live', 'chat', 'nya', 'cepat', 'aplikasi', 'jalan', 'lancar', 'rantau', 'kali', 'lupa', 'efin', 'badan', 'bingung', 'beda', 'lupa', 'efin', 'pribadi', 'live', 'chat', 'bantu', 'terima', 'kasih', 'kak', 'satria', 'bingung', 'alhamdulillah', 'muncul', 'emil', 'live', 'chat', 'nya', 'keburu', 'terima', 'kasih', 'poko', 'sehat', 'pegawai', 'dpj']"
Pengguna Google,5,2024-03-07 21:43:46,"Cepat, telat dan akurat",0,1.4.0,4,23,2024-03,False,Positif,2024,2,cepat telat akurat,"['cepat', 'telat', 'akurat']"
Pengguna Google,1,2024-09-15 20:16:55,bikin aplikasi gabisa dipake buat apa dah?,0,1.4.0,7,42,2024-09,False,Negatif,2024,0,bikin aplikasi tidak dipake dah,"['bikin', 'aplikasi', 'tidak', 'dipake', 'dah']"
Pengguna Google,1,2025-07-28 18:29:25,"Aplikasi pemerintah sama"" DUNGU NYA",0,2.0.4,5,35,2025-07,False,Negatif,2025,0,aplikasi perintah dungu nya,"['aplikasi', 'perintah', 'dungu', 'nya']"
Pengguna Google,5,2026-04-11 16:55:07,saya udah dipandu terimakasih,0,unknown,4,29,2026-04,False,Positif,2026,2,pandu terimakasih,"['pandu', 'terimakasih']"
Pengguna Google,1,2025-06-23 17:12:28,"mau log in aja susah, katanya akun sudah ada, tp saya blum pernah bikin, dan lg pas mau kata sandi disuruh masukin nomor hp dan email yg terdaftar, tp yang daftarin ngg tau siapa ngasal... hah ini kekny ada yg hack data saya y",16,2.0.4,44,226,2025-06,False,Negatif,2025,0,log in susah akun belum bikin pas sandi suruh masukin nomor handphone email daftar daftarin ngg ngasal hah kekny hack data,"['log', 'in', 'susah', 'akun', 'belum', 'bikin', 'pas', 'sandi', 'suruh', 'masukin', 'nomor', 'handphone', 'email', 'daftar', 'daftarin', 'ngg', 'ngasal', 'hah', 'kekny', 'hack', 'data']"
Pengguna Google,1,2025-07-30 10:15:25,"SAYA BENAR BENAR KECEWA. MENGAPA SELALU SAJA MENGALAMI LOADING DAN TIDAK ADA KABAR BAIKNYA? SUDAH 1 TAHUN SAYA INGIN MENDAFTAR NAMUN TTP SAJA TIDAK ADA KABAR BAIK APAPUN. LOADING, GAGAL VALIDASI, MINIMAL ADAKAN INFO JELAS MENGAPA BISA GAGAL, MENGAPA BISA LOADING DITAHAP 7. DAN SAAT DIREFRES APABILA TIDAK SENGAJA REFRESH, TOLONG LANJUTKAN ISI DATA DATANYA. BUKANNYA MALAH MENGULANG DARI AWAL",1,unknown,60,392,2025-07,False,Negatif,2025,0,kecewa alami loading tidak kabar baik daftar ttp tidak kabar apa loading gagal validasi minimal adakan informasi gagal loading tahap direfres tidak sengaja refresh tolong lanjut isi data data ulang,"['kecewa', 'alami', 'loading', 'tidak', 'kabar', 'baik', 'daftar', 'ttp', 'tidak', 'kabar', 'apa', 'loading', 'gagal', 'validasi', 'minimal', 'adakan', 'informasi', 'gagal', 'loading', 'tahap', 'direfres', 'tidak', 'sengaja', 'refresh', 'tolong', 'lanjut', 'isi', 'data', 'data', 'ulang']"
Pengguna Google,1,2026-03-23 13:46:24,apk nya dikit² eror,0,3.0.6,4,19,2026-03,False,Negatif,2026,0,aplikasi nya dikit eror,"['aplikasi', 'nya', 'dikit', 'eror']"
Pengguna Google,5,2025-02-18 13:34:57,"Good job, sangat membantu",0,2.0.3,4,25,2025-02,False,Positif,2025,2,good job bantu,"['good', 'job', 'bantu']"
Mohammad Ichsanudin Malik,1,2025-03-22 15:11:52,sampah,0,2.0.3,1,6,2025-03,True,Negatif,2025,0,sampah,['sampah']
Pengguna Google,1,2025-02-14 22:42:26,Nyusahin banget,0,unknown,2,15,2025-02,False,Negatif,2025,0,nyusahin,['nyusahin']
Pengguna Google,5,2026-02-23 09:23:45,ok,0,3.0.3,1,2,2026-02,True,Positif,2026,2,ok,['ok']
Pengguna Google,1,2025-02-24 12:43:23,"Kode verif dikirimnya via kantor pos apa gmana? udh sebulan nih ngak masuk-masuk email, kurirnya nyasar? kirim kode verif lewat nomor hp atau email ngk ada yang nyampe",0,2.0.3,28,167,2025-02,False,Negatif,2025,0,kode verif kirim via kantor pos gmana bulan ngak masuk masuk email kurir nyasar kirim kode verif nomor handphone email ngk nyampe,"['kode', 'verif', 'kirim', 'via', 'kantor', 'pos', 'gmana', 'bulan', 'ngak', 'masuk', 'masuk', 'email', 'kurir', 'nyasar', 'kirim', 'kode', 'verif', 'nomor', 'handphone', 'email', 'ngk', 'nyampe']"
Pengguna Google,1,2025-09-27 06:33:53,"pelayanan online mines, kode buat bikin npwp lama, alamat udh benenr tapi salah terus",0,2.0.6,14,85,2025-09,False,Negatif,2025,0,layan online mes kode bikin npwp alamat benenr salah,"['layan', 'online', 'mes', 'kode', 'bikin', 'npwp', 'alamat', 'benenr', 'salah']"
Pengguna Google,1,2024-03-05 13:44:56,"Aplikasi bohongan masa baru masuk restart terus, mau masuk aja susah apa lagi isinya",1,1.4.0,14,84,2024-03,False,Negatif,2024,0,aplikasi bohong masuk restart masuk susah isi,"['aplikasi', 'bohong', 'masuk', 'restart', 'masuk', 'susah', 'isi']"
Pengguna Google,1,2026-02-16 11:22:56,"dari awal download mau kirim laporan spt ga bisa bisa, site under maintenance terus",0,3.0.6,14,83,2026-02,False,Negatif,2026,0,download kirim lapor spt tidak site under maintenance,"['download', 'kirim', 'lapor', 'spt', 'tidak', 'site', 'under', 'maintenance']"
Pengguna Google,1,2024-05-07 14:32:07,Percumah kita mau taat pajak aja susah birokrasi ribet aplikasi lemot buat pengurusan gimana negara mau makmur,0,1.4.0,17,110,2024-05,False,Negatif,2024,0,percumah taat pajak susah birokrasi ribet aplikasi lot urus negara makmur,"['percumah', 'taat', 'pajak', 'susah', 'birokrasi', 'ribet', 'aplikasi', 'lot', 'urus', 'negara', 'makmur']"
Pengguna Google,5,2026-04-07 23:50:56,sangat mendukung,0,3.0.6,2,16,2026-04,False,Positif,2026,2,dukung,['dukung']
Pengguna Google,1,2024-01-08 15:03:48,"Aplikasi tidak bermanfaat, pas mau masukin NO NPWP malah ga cukup",0,1.2.5,11,65,2024-01,False,Negatif,2024,0,aplikasi tidak manfaat pas masukin nomor npwp tidak,"['aplikasi', 'tidak', 'manfaat', 'pas', 'masukin', 'nomor', 'npwp', 'tidak']"
Pengguna Google,1,2025-11-24 00:48:55,"Aplikasi ga guna, ga bisa login",0,unknown,6,31,2025-11,False,Negatif,2025,0,aplikasi tidak tidak login,"['aplikasi', 'tidak', 'tidak', 'login']"
Pengguna Google,1,2024-08-26 17:09:02,Aplikasi banyak bug. Gak jelas. Pencet dikit malah keluar sendiri,0,unknown,10,65,2024-08,False,Negatif,2024,0,aplikasi bug tidak pencet dikit,"['aplikasi', 'bug', 'tidak', 'pencet', 'dikit']"
Pengguna Google,2,2025-02-25 09:27:16,"OTP sangat lambat, mohon diperbaiki server kunonya",0,2.0.3,7,50,2025-02,False,Negatif,2025,0,otp lambat mohon baik server kuno,"['otp', 'lambat', 'mohon', 'baik', 'server', 'kuno']"
Pengguna Google,1,2025-01-12 17:43:03,Pada ga becus bikin apk!!! SELAMAT sudah menjadi aplikasi pemerintah yang tidak berguna!,1,2.0.2,13,88,2025-01,False,Negatif,2025,0,tidak becus bikin aplikasi selamat aplikasi perintah tidak guna,"['tidak', 'becus', 'bikin', 'aplikasi', 'selamat', 'aplikasi', 'perintah', 'tidak', 'guna']"
Pengguna Google,5,2024-11-29 17:04:45,Terbaik,0,unknown,1,7,2024-11,True,Positif,2024,2,baik,['baik']
Pengguna Google,1,2025-01-31 09:02:24,"Aplikasi pemerintah payah Masak mau lapor pajak tiba2 alamat email saya berubah sendiri Terus datang ke kantor pajak, pegawai bilang error dr pusat dan banyak alamat email yg berubah sendiri dan tidak bisa untuk pelayanan lapor pajak Terus kita mau lapor pajak bagaimana??? Kalo kita gak lapor kena denda tapi sistemnya kayak begini Sudah ketahuan gimana bobroknya pemerintah dan instansi yang seperti ini",17,2.0.3,63,405,2025-01,False,Negatif,2025,0,aplikasi perintah payah masak lapor pajak alamat email ubah kantor pajak pegawai bilang error pusat alamat email ubah tidak layan lapor pajak lapor pajak kalo tidak lapor kena denda sistem kayak tahu bobrok perintah instansi,"['aplikasi', 'perintah', 'payah', 'masak', 'lapor', 'pajak', 'alamat', 'email', 'ubah', 'kantor', 'pajak', 'pegawai', 'bilang', 'error', 'pusat', 'alamat', 'email', 'ubah', 'tidak', 'layan', 'lapor', 'pajak', 'lapor', 'pajak', 'kalo', 'tidak', 'lapor', 'kena', 'denda', 'sistem', 'kayak', 'tahu', 'bobrok', 'perintah', 'instansi']"
Pengguna Google,5,2025-03-13 23:37:22,Gak sampe 5 menit dapet Efin,0,2.0.3,6,28,2025-03,False,Positif,2025,2,tidak sampe menit dapet efin,"['tidak', 'sampe', 'menit', 'dapet', 'efin']"
Pengguna Google,1,2026-01-22 08:51:52,Palingan di kor...,0,2.0.6,3,18,2026-01,False,Negatif,2026,0,paling kor,"['paling', 'kor']"
Pengguna Google,5,2025-01-03 18:15:54,Mantap,0,2.0.1,1,6,2025-01,True,Positif,2025,2,mantap,['mantap']
Pengguna Google,5,2024-04-12 23:51:01,Good,0,unknown,1,4,2024-04,True,Positif,2024,2,good,['good']
Puswita C.,1,2025-03-04 21:23:18,"Lupa efin, terus ktnya bakal dikirim email utk kode verif. Nyatanya engga ada samsek. App nya jelek. Masa app pemerintah gini",0,unknown,21,125,2025-03,False,Negatif,2025,0,lupa efin ktnya kirim email kode verif tidak samsek aplikasi nya jelek aplikasi perintah,"['lupa', 'efin', 'ktnya', 'kirim', 'email', 'kode', 'verif', 'tidak', 'samsek', 'aplikasi', 'nya', 'jelek', 'aplikasi', 'perintah']"
Pengguna Google,1,2025-12-29 09:28:55,"ganiat bikin aplikasi, selalu error",0,2.0.6,5,35,2025-12,False,Negatif,2025,0,ganiat bikin aplikasi error,"['ganiat', 'bikin', 'aplikasi', 'error']"
Pengguna Google,5,2024-03-08 14:42:29,mantap,0,1.4.0,1,6,2024-03,True,Positif,2024,2,mantap,['mantap']
Pengguna Google,1,2024-04-07 03:12:30,Ksh rating 1 ajj Pelayanan pemerintah kok gni,0,unknown,8,45,2024-04,False,Negatif,2024,0,kasih rating ajj layan perintah gni,"['kasih', 'rating', 'ajj', 'layan', 'perintah', 'gni']"
Pengguna Google,1,2025-02-05 11:41:13,Email yahoo g bs menerima email samaskali. Dan g bisa perubahan email. Terus verifikasi hrs pake pulsa terus brarti ini,0,unknown,20,119,2025-02,False,Negatif,2025,0,email yahoo tidak terima email samaskali tidak ubah email verifikasi pakai pulsa brarti,"['email', 'yahoo', 'tidak', 'terima', 'email', 'samaskali', 'tidak', 'ubah', 'email', 'verifikasi', 'pakai', 'pulsa', 'brarti']"
Pengguna Google,1,2024-08-06 08:16:02,Apa gunanya aplikasi kalau ujung-ujungnya dialihkan ke web. Daftar NPWP aja ribet gini. Gak mampu bayar designer kah? Gak mampu bayar operator yang berkompeten kah?,0,1.4.0,25,164,2024-08,False,Negatif,2024,0,guna aplikasi ujung ujung alih web daftar npwp ribet tidak bayar designer kah tidak bayar operator kompeten kah,"['guna', 'aplikasi', 'ujung', 'ujung', 'alih', 'web', 'daftar', 'npwp', 'ribet', 'tidak', 'bayar', 'designer', 'kah', 'tidak', 'bayar', 'operator', 'kompeten', 'kah']"
Pengguna Google,5,2024-06-04 20:44:42,Sangat membantu,0,1.4.0,2,15,2024-06,True,Positif,2024,2,bantu,['bantu']
Pengguna Google,1,2025-12-29 17:32:51,coba pak menteri Purbaya di cek nih sistem pajak melalui online... susah bangat gmn Mao rakyat taat aturan msk apl aja ribet bukan maen... begitu banyak orang hebat di Indonesia masa gak bisa perbaikan sistem negara kaya pajak online pertanyaan ada apa,0,2.0.6,42,252,2025-12,False,Negatif,2025,0,coba menteri purbaya cek sistem pajak online susah bangat mao rakyat taat atur msk aplikasi ribet bukan maen orang hebat indonesia tidak baik sistem negara kaya pajak online,"['coba', 'menteri', 'purbaya', 'cek', 'sistem', 'pajak', 'online', 'susah', 'bangat', 'mao', 'rakyat', 'taat', 'atur', 'msk', 'aplikasi', 'ribet', 'bukan', 'maen', 'orang', 'hebat', 'indonesia', 'tidak', 'baik', 'sistem', 'negara', 'kaya', 'pajak', 'online']"
Pengguna Google,4,2025-02-08 01:37:25,"Formula ,bagai mana menganti nomor telpon yang terdaptar, tidak dapat nomor porpikasi",0,2.0.3,12,85,2025-02,False,Positif,2025,2,formula anti nomor telpon terdaptar tidak nomor porpikasi,"['formula', 'anti', 'nomor', 'telpon', 'terdaptar', 'tidak', 'nomor', 'porpikasi']"
Pengguna Google,4,2025-04-01 20:07:52,lapor SPT bisa di sini ga?,0,2.0.3,6,26,2025-04,False,Positif,2025,2,lapor spt tidak,"['lapor', 'spt', 'tidak']"
Pengguna Google,5,2025-12-31 11:16:15,baik,0,2.0.6,1,4,2025-12,True,Positif,2025,2,,[]
anindyapa,1,2025-01-15 05:53:29,"Udah beberapa hari error. Awalnya profil gabisa dibuka, lalu menu otp juga sampe skrg gabisa dibuka. Marai mumet tok! Busuk!",1,2.0.2,20,124,2025-01,False,Negatif,2025,0,error profil tidak buka menu otp sampe tidak buka mara mumet tok busuk,"['error', 'profil', 'tidak', 'buka', 'menu', 'otp', 'sampe', 'tidak', 'buka', 'mara', 'mumet', 'tok', 'busuk']"
Pengguna Google,5,2026-04-20 08:38:33,bagaimana cara meleporkan pajak asn,0,3.0.9,5,35,2026-04,False,Positif,2026,2,meleporkan pajak asn,"['meleporkan', 'pajak', 'asn']"
Pengguna Google,1,2024-01-26 22:53:53,"Mohon kalau buat aplikasi sebelum di publis di coba dulu trial and error jalan apa gak gitu, ini aplikasi gak jalan gimana, selalu gagal",9,1.2.5,24,136,2024-01,False,Negatif,2024,0,mohon aplikasi publis coba trial and error jalan tidak aplikasi tidak jalan gagal,"['mohon', 'aplikasi', 'publis', 'coba', 'trial', 'and', 'error', 'jalan', 'tidak', 'aplikasi', 'tidak', 'jalan', 'gagal']"
Pengguna Google,1,2024-03-05 17:04:06,Aplikasi sampah.paswrd udah bener dikata salah.padahal di website bisa.klik lupa password jg gak respon.buang2 kuota.buang2 waktu bangke beud,0,unknown,18,141,2024-03,False,Negatif,2024,0,aplikasi sampah paswrd bener kata salah website klik lupa password tidak respon buang kuota buang bangke beud,"['aplikasi', 'sampah', 'paswrd', 'bener', 'kata', 'salah', 'website', 'klik', 'lupa', 'password', 'tidak', 'respon', 'buang', 'kuota', 'buang', 'bangke', 'beud']"
wayan gunawan,1,2024-01-29 12:32:44,"1. Tidak bisa login menggunakan NIK. 2. Kode Verifikasi via email 2jam baru sampai. 3. Jika sudah dimasukkan kode verifikasi yg di terima, selalu muncul kesalahan kode tidak benar/salah. 4. Tidak bisa klik luoa paswoord",0,1.2.5,35,219,2024-01,False,Negatif,2024,0,tidak login nik kode verifikasi via email jam masuk kode verifikasi terima muncul salah kode tidak salah tidak klik luoa paswoord,"['tidak', 'login', 'nik', 'kode', 'verifikasi', 'via', 'email', 'jam', 'masuk', 'kode', 'verifikasi', 'terima', 'muncul', 'salah', 'kode', 'tidak', 'salah', 'tidak', 'klik', 'luoa', 'paswoord']"
Pengguna Google,5,2026-02-10 11:19:18,sangat bagus sekali,0,unknown,3,19,2026-02,False,Positif,2026,2,bagus,['bagus']
Pengguna Google,5,2025-02-28 09:34:56,"Pa bisa ga, kalau maun minta nomor efin nya lewat email aja ? Kalau mesti datang ke kantor pajaknya, kayaknya ngabisin waktu, tenaga, dan biaya",0,2.0.3,25,143,2025-02,False,Positif,2025,2,pa tidak maun nomor efin nya email mesti kantor pajak kayak ngabisin tenaga biaya,"['pa', 'tidak', 'maun', 'nomor', 'efin', 'nya', 'email', 'mesti', 'kantor', 'pajak', 'kayak', 'ngabisin', 'tenaga', 'biaya']"
Pengguna Google,5,2025-07-27 10:41:39,congratulations🎉🥳👏,0,2.0.4,1,18,2025-07,False,Positif,2025,2,congratulations,['congratulations']
Pengguna Google,1,2026-04-15 06:22:07,susah login padahal sepet terdaftar npwp cuma lupa sandi tetap aja gak membantu lupa sandinya mohon tuk di perbaiki lagi apknya min,0,3.0.9,22,131,2026-04,False,Negatif,2026,0,susah login sepet daftar npwp lupa sandi tidak bantu lupa sandi mohon tuk baik apknya min,"['susah', 'login', 'sepet', 'daftar', 'npwp', 'lupa', 'sandi', 'tidak', 'bantu', 'lupa', 'sandi', 'mohon', 'tuk', 'baik', 'apknya', 'min']"
Pengguna Google,1,2025-07-02 06:24:30,"kaga bisa cek nomor npwp pakai KTP di online, cuman bisa cek nama terdaftar",0,2.0.4,14,75,2025-07,False,Negatif,2025,0,tidak cek nomor npwp pakai ktp online cuman cek nama daftar,"['tidak', 'cek', 'nomor', 'npwp', 'pakai', 'ktp', 'online', 'cuman', 'cek', 'nama', 'daftar']"
Pengguna Google,5,2024-08-08 09:53:13,Bermanfaat,0,1.4.0,1,10,2024-08,False,Positif,2024,2,manfaat,['manfaat']
Pengguna Google,1,2026-01-15 12:16:22,banyak yang kesulitan masuk aplikasi ini.,0,2.0.6,6,41,2026-01,False,Negatif,2026,0,sulit masuk aplikasi,"['sulit', 'masuk', 'aplikasi']"
Pengguna Google,1,2025-01-07 21:39:38,Jelek sangat. Tambah aplikasi ga ada cek NPWP. Web nya pun begitu,0,unknown,12,65,2025-01,False,Negatif,2025,0,jelek aplikasi tidak cek npwp web nya,"['jelek', 'aplikasi', 'tidak', 'cek', 'npwp', 'web', 'nya']"
Pengguna Google,5,2026-03-10 11:50:54,Baik membantu,0,2.0.6,2,13,2026-03,False,Positif,2026,2,bantu,['bantu']
Pengguna Google,5,2026-02-10 15:05:14,mantul,0,2.0.6,1,6,2026-02,False,Positif,2026,2,mantul,['mantul']
Pengguna Google,5,2026-03-17 11:06:52,baik utk digunakan,0,3.0.6,3,18,2026-03,False,Positif,2026,2,,[]
Pengguna Google,1,2026-03-12 07:19:54,"bisa ndk sih, swafoto swafoto itu kita bisa balik kameranya supaya lebih mudah digunakan!!!!!!!! ngerepotin banget!!!!!!!",2,3.0.6,16,121,2026-03,False,Negatif,2026,0,ndk swafoto swafoto kamera mudah ngerepotin,"['ndk', 'swafoto', 'swafoto', 'kamera', 'mudah', 'ngerepotin']"
Pengguna Google,1,2026-02-07 11:58:36,ribet,0,3.0.1,1,5,2026-02,True,Negatif,2026,0,ribet,['ribet']
Gilang Zulfikar,1,2024-06-25 07:35:04,Gak bisa dibuka,0,1.4.0,3,15,2024-06,False,Negatif,2024,0,tidak buka,"['tidak', 'buka']"
Pengguna Google,5,2025-02-28 10:07:26,Tidak ada kode Verifikasi ke email saya 6x percobaan selama 1 jam,0,2.0.3,12,65,2025-02,False,Positif,2025,2,tidak kode verifikasi email coba jam,"['tidak', 'kode', 'verifikasi', 'email', 'coba', 'jam']"
Pengguna Google,5,2024-02-17 09:05:44,Mantab!!,0,1.2.5,1,8,2024-02,False,Positif,2024,2,mantab,['mantab']
Pengguna Google,1,2026-01-01 18:06:15,"ambil pajak elit, Daftar online Sulit",0,2.0.6,6,37,2026-01,False,Negatif,2026,0,ambil pajak elit daftar online sulit,"['ambil', 'pajak', 'elit', 'daftar', 'online', 'sulit']"
Pengguna Google,1,2025-01-25 08:58:31,"Tiap tahun mau lapor pajak pasti ada-ada sistemnya tidak efisien, dibuat ribet tiap tahun gonta-ganti sistem, tapi tetap saja mempersulit untuk lapor pajak!!! Gak usah gonta-ganti tampilan perbaiki dulu sistemnya biar mempermudah orang,, karena gak semua orang paham lapor pajak ginian!!!",89,2.0.3,41,288,2025-01,False,Negatif,2025,0,lapor pajak sistem tidak efisien ribet gonta ganti sistem sulit lapor pajak tidak gonta ganti tampil baik sistem biar mudah orang tidak orang paham lapor pajak ginian,"['lapor', 'pajak', 'sistem', 'tidak', 'efisien', 'ribet', 'gonta', 'ganti', 'sistem', 'sulit', 'lapor', 'pajak', 'tidak', 'gonta', 'ganti', 'tampil', 'baik', 'sistem', 'biar', 'mudah', 'orang', 'tidak', 'orang', 'paham', 'lapor', 'pajak', 'ginian']"
Pengguna Google,5,2024-08-09 14:25:09,"Alhamdulillah lewat aplikasi ini, sy sudah dapat NPWP dengar mudah dan juga no efin serta kartunya... Terima kasih atas bantuan dan pelayanannya🙏🙏🙏",0,1.4.0,22,147,2024-08,False,Positif,2024,2,alhamdulillah aplikasi sy npwp dengar mudah nomor efin kartu terima kasih bantu layan,"['alhamdulillah', 'aplikasi', 'sy', 'npwp', 'dengar', 'mudah', 'nomor', 'efin', 'kartu', 'terima', 'kasih', 'bantu', 'layan']"
Pengguna Google,1,2025-02-02 09:36:25,"Fitur tidak lengkap, percuma",0,unknown,4,28,2025-02,False,Negatif,2025,0,fitur tidak lengkap,"['fitur', 'tidak', 'lengkap']"
Pengguna Google,1,2024-12-13 11:20:24,"apalahh gabisa masuk, aplikasi error inimah.. rusakk",1,2.0.0,7,52,2024-12,False,Negatif,2024,0,apalahh tidak masuk aplikasi error inimah rusakk,"['apalahh', 'tidak', 'masuk', 'aplikasi', 'error', 'inimah', 'rusakk']"
Pengguna Google,5,2024-11-22 18:34:42,Krennn,0,unknown,1,6,2024-11,False,Positif,2024,2,krennn,['krennn']
Felix Natanael,1,2025-03-12 14:26:04,"Aplikasi tholol, tipikal buatan pemerintah.",0,2.0.3,5,43,2025-03,False,Negatif,2025,0,aplikasi tholol tipikal buat perintah,"['aplikasi', 'tholol', 'tipikal', 'buat', 'perintah']"
Pengguna Google,5,2025-02-19 09:03:34,Ok,0,unknown,1,2,2025-02,True,Positif,2025,2,ok,['ok']
Pengguna Google,4,2026-05-03 20:25:50,kenapa ya gk bisa swafoto,0,unknown,5,25,2026-05,False,Positif,2026,2,tidak swafoto,"['tidak', 'swafoto']"
Pengguna Google,1,2026-01-17 11:50:22,"ORANG PAJAK TOLONG DI BACA...!!!aplikasi apa bukanya bikin mudah malah bikin susah,selalu saja kesalahan sistem..",0,2.0.6,15,113,2026-01,False,Negatif,2026,0,orang pajak tolong baca aplikasi buka bikin mudah bikin susah salah sistem,"['orang', 'pajak', 'tolong', 'baca', 'aplikasi', 'buka', 'bikin', 'mudah', 'bikin', 'susah', 'salah', 'sistem']"
Safira Aulia Rahma,1,2025-02-24 17:01:59,"Apliasi jelek bgt, nunggu otp aja bertahun tahun, mau bayar pajak dipersulit, giliran gak bayar pajak dipersulit",1,2.0.3,17,112,2025-02,False,Negatif,2025,0,apliasi jelek nunggu otp tahun bayar pajak sulit gilir tidak bayar pajak sulit,"['apliasi', 'jelek', 'nunggu', 'otp', 'tahun', 'bayar', 'pajak', 'sulit', 'gilir', 'tidak', 'bayar', 'pajak', 'sulit']"
Pengguna Google,5,2024-02-22 06:06:41,"Sangat bermanfaat dan memudahkan dalam pelaporan SPT tahunan, mudah dan praktis. Terima kasih",1,unknown,13,93,2024-02,False,Positif,2024,2,manfaat mudah lapor spt tahun mudah praktis terima kasih,"['manfaat', 'mudah', 'lapor', 'spt', 'tahun', 'mudah', 'praktis', 'terima', 'kasih']"
Pengguna Google,1,2025-01-27 14:50:04,Aplikasi ngebug daftar npwp susah banget lain kali satelit nya sambungin aja sama gmaps jgn di suruh nyari sendiri ribet banget masa nyari in rumah dari sebnyak itu. Di pikir gampang nyari in rumah dari satelit mana gabisa di zoom,3,unknown,40,230,2025-01,False,Negatif,2025,0,aplikasi ngebug daftar npwp susah kali satelit nya sambungin gmaps jgn suruh nyari ribet nyari in rumah sebnyak pikir gampang nyari in rumah satelit tidak zoom,"['aplikasi', 'ngebug', 'daftar', 'npwp', 'susah', 'kali', 'satelit', 'nya', 'sambungin', 'gmaps', 'jgn', 'suruh', 'nyari', 'ribet', 'nyari', 'in', 'rumah', 'sebnyak', 'pikir', 'gampang', 'nyari', 'in', 'rumah', 'satelit', 'tidak', 'zoom']"
Pengguna Google,1,2026-04-16 12:41:34,dulu djp nggak sesulit saat ini ruwet dan susah tolong dong buat aplikasi yg mudah sudah disuruh laporan tapi aplikasi nggak jelas gini. terimakasih sl,1,3.0.9,25,151,2026-04,False,Negatif,2026,0,djp tidak sulit ruwet susah tolong aplikasi mudah suruh lapor aplikasi tidak terimakasih sl,"['djp', 'tidak', 'sulit', 'ruwet', 'susah', 'tolong', 'aplikasi', 'mudah', 'suruh', 'lapor', 'aplikasi', 'tidak', 'terimakasih', 'sl']"
Pengguna Google,1,2024-02-01 09:30:02,Nomor NIK 16 digit tapi limit pengisian NIK utk login hanya 15 digit. Lalu bagaimana saya mendaftar,0,1.2.5,17,99,2024-02,False,Negatif,2024,0,nomor nik digit limit isi nik login digit daftar,"['nomor', 'nik', 'digit', 'limit', 'isi', 'nik', 'login', 'digit', 'daftar']"
Pengguna Google,1,2024-03-14 22:20:42,"Kalo ga siap buat digital, ga usah bikin aps.",0,unknown,9,45,2024-03,False,Negatif,2024,0,kalo tidak digital tidak bikin aps,"['kalo', 'tidak', 'digital', 'tidak', 'bikin', 'aps']"
Pengguna Google,5,2026-04-03 11:14:17,wajib pajak harus dibayar,0,2.0.6,4,25,2026-04,False,Positif,2026,2,wajib pajak bayar,"['wajib', 'pajak', 'bayar']"
Pengguna Google,5,2024-09-24 16:15:06,Bagus,0,unknown,1,5,2024-09,True,Positif,2024,2,bagus,['bagus']
Pengguna Google,5,2024-02-20 09:19:28,Cukup puas,0,1.3.0,2,10,2024-02,False,Positif,2024,2,puas,['puas']
Pengguna Google,5,2025-01-31 16:32:49,Ok,0,2.0.3,1,2,2025-01,True,Positif,2025,2,ok,['ok']
Pengguna Google,1,2025-01-18 16:51:47,Ni guna nya apk buat apa . Gx bsa login ke web . Tp d apk ni bsa . Tp gx bsa laporan spt pajak . Trus guna nya apa,2,2.0.3,30,114,2025-01,False,Negatif,2025,0,ni nya aplikasi tidak login web aplikasi ni tidak lapor spt pajak nya,"['ni', 'nya', 'aplikasi', 'tidak', 'login', 'web', 'aplikasi', 'ni', 'tidak', 'lapor', 'spt', 'pajak', 'nya']"
Pengguna Google,1,2024-11-17 19:14:44,Aplikasi tolol yg ngelola.. kenapa aplikasi layanan pemerintah ngga ada yg bener.. selain KAI acces,0,1.4.0,15,99,2024-11,False,Negatif,2024,0,aplikasi tolol ngelola aplikasi layan perintah tidak bener kai acces,"['aplikasi', 'tolol', 'ngelola', 'aplikasi', 'layan', 'perintah', 'tidak', 'bener', 'kai', 'acces']"
Pengguna Google,1,2025-04-30 08:49:56,saya daftar daftar tapi halaman web gak bisa dibuka aneh,0,2.0.4,10,56,2025-04,False,Negatif,2025,0,daftar daftar halaman web tidak buka aneh,"['daftar', 'daftar', 'halaman', 'web', 'tidak', 'buka', 'aneh']"
Pengguna Google,1,2026-03-07 16:43:49,IT nya kuliah lagi eh jangan balik SD aja buat aplikasi ga jelas amat,1,3.0.6,14,69,2026-03,False,Negatif,2026,0,it nya kuliah eh jangan sd aplikasi tidak,"['it', 'nya', 'kuliah', 'eh', 'jangan', 'sd', 'aplikasi', 'tidak']"
Pengguna Google,5,2025-08-11 14:26:33,"Terima kasih atas pelayanannya, semoga lebih baik kedepannya.",0,2.0.4,8,61,2025-08,False,Positif,2025,2,terima kasih layan moga depan,"['terima', 'kasih', 'layan', 'moga', 'depan']"
Pengguna Google,5,2024-04-25 13:52:34,Mantap,0,1.4.0,1,6,2024-04,True,Positif,2024,2,mantap,['mantap']
Pengguna Google,5,2026-03-03 05:01:36,good,0,3.0.6,1,4,2026-03,True,Positif,2026,2,good,['good']
Pengguna Google,5,2025-03-19 02:03:31,selalu ok,0,unknown,2,9,2025-03,False,Positif,2025,2,ok,['ok']
Pengguna Google,1,2025-11-26 16:05:54,Ribet sangat tidak membantu karena harus aktivasi ke kantor pajak nya dulu kalau untuk karyawan atau pegawai aktif ya susah cari waktu nya. Semoga dibuat lebih mudah kan gunanya aplikasi itu untuk memudahkan bukan bikin ribet dan susah menggunakan nya.,378,2.0.6,40,252,2025-11,False,Negatif,2025,0,ribet tidak bantu aktivasi kantor pajak nya karyawan pegawai aktif susah cari nya moga mudah guna aplikasi mudah bukan bikin ribet susah nya,"['ribet', 'tidak', 'bantu', 'aktivasi', 'kantor', 'pajak', 'nya', 'karyawan', 'pegawai', 'aktif', 'susah', 'cari', 'nya', 'moga', 'mudah', 'guna', 'aplikasi', 'mudah', 'bukan', 'bikin', 'ribet', 'susah', 'nya']"
Pengguna Google,5,2026-01-20 14:49:47,aplikasi ini sangat membantu,0,2.0.6,4,28,2026-01,False,Positif,2026,2,aplikasi bantu,"['aplikasi', 'bantu']"
Besus Hendra,1,2024-04-01 11:53:42,"Amat sangat ribet, lebih mudah bikin rekening bank atau kartu kredit online. Ujung-ujungnya tetap ke kantor pajak offline.",2,1.4.0,18,122,2024-04,False,Negatif,2024,0,ribet mudah bikin rekening bank kartu kredit online ujung ujung kantor pajak offline,"['ribet', 'mudah', 'bikin', 'rekening', 'bank', 'kartu', 'kredit', 'online', 'ujung', 'ujung', 'kantor', 'pajak', 'offline']"
Pengguna Google,1,2024-07-25 21:32:10,"Suruh bikin npwp tp aplikasi bobrok...udah gonta""i provider ternyata yg gabisa emang apk.nya...Udah banyak complain tp gak diperbaiki ini gimana",1,1.4.0,20,144,2024-07,False,Negatif,2024,0,suruh bikin npwp aplikasi bobrok gonta provider tidak emang aplikasi nya complain tidak baik,"['suruh', 'bikin', 'npwp', 'aplikasi', 'bobrok', 'gonta', 'provider', 'tidak', 'emang', 'aplikasi', 'nya', 'complain', 'tidak', 'baik']"
Pengguna Google,1,2024-12-14 07:07:00,Kode verifikasi bnrin,1,2.0.0,3,21,2024-12,False,Negatif,2024,0,kode verifikasi bnrin,"['kode', 'verifikasi', 'bnrin']"
Pengguna Google,1,2026-03-31 09:44:12,"Sudah diperas dengan pajak, mau lapor pajak juga masih kena pajak SMS. Memang ini aplikasi dan instansinya menyusahkan saja. Mau lapor lewat web, harus login di apk. Mau login di apk, harus konfirmasi lewat laman online lagi. MENYUSAHKAN DAN MENYENGSARAKAN SAJA👎",0,unknown,41,262,2026-03,False,Negatif,2026,0,peras pajak lapor pajak kena pajak sms aplikasi instansi susah lapor web login aplikasi login aplikasi konfirmasi laman online susah sengsara,"['peras', 'pajak', 'lapor', 'pajak', 'kena', 'pajak', 'sms', 'aplikasi', 'instansi', 'susah', 'lapor', 'web', 'login', 'aplikasi', 'login', 'aplikasi', 'konfirmasi', 'laman', 'online', 'susah', 'sengsara']"
Pengguna Google,5,2025-08-15 08:06:56,Good,0,2.0.4,1,4,2025-08,True,Positif,2025,2,good,['good']
Pengguna Google,4,2024-11-01 12:38:38,Baik sangat membantu,0,unknown,3,20,2024-11,True,Positif,2024,2,bantu,['bantu']
Hajar Purnomo Sulaeman,5,2026-04-22 12:17:14,Good,0,unknown,1,4,2026-04,True,Positif,2026,2,good,['good']
Pengguna Google,1,2026-02-18 09:38:37,daftar susah... aplikasi pemerintah gak ada guna...ancur nih aplikasi gak bisa digunakan dengan mudah,0,unknown,14,101,2026-02,False,Negatif,2026,0,daftar susah aplikasi perintah tidak ancur aplikasi tidak mudah,"['daftar', 'susah', 'aplikasi', 'perintah', 'tidak', 'ancur', 'aplikasi', 'tidak', 'mudah']"
Pengguna Google,1,2025-02-26 10:42:27,"Orang dipaksa laporan sama bayar pajak, giliran bikin aplikasi yang tujuannya untuk mempermudah malah jadinya kayak sampah. Minta kode otp untuk EFIN aja loh gak bisa. Ini lah contoh gambaran aplikasi dari pemerintah yang gak guna!!!",8,2.0.3,36,233,2025-02,False,Negatif,2025,0,orang paksa lapor bayar pajak gilir bikin aplikasi tuju mudah kayak sampah kode otp efin tidak contoh gambar aplikasi perintah tidak,"['orang', 'paksa', 'lapor', 'bayar', 'pajak', 'gilir', 'bikin', 'aplikasi', 'tuju', 'mudah', 'kayak', 'sampah', 'kode', 'otp', 'efin', 'tidak', 'contoh', 'gambar', 'aplikasi', 'perintah', 'tidak']"
Pengguna Google,1,2025-02-14 10:05:17,Aplikasi gak guna,0,2.0.3,3,17,2025-02,True,Negatif,2025,0,aplikasi tidak,"['aplikasi', 'tidak']"
Pengguna Google,2,2026-04-14 23:25:08,verifikasi kode nomer susah banget gak masuk masuk tolong dong di perbaiki biar gak nyusahin hadeh.,0,unknown,16,99,2026-04,False,Negatif,2026,0,verifikasi kode nomer susah tidak masuk masuk tolong baik biar tidak nyusahin hadeh,"['verifikasi', 'kode', 'nomer', 'susah', 'tidak', 'masuk', 'masuk', 'tolong', 'baik', 'biar', 'tidak', 'nyusahin', 'hadeh']"
Pengguna Google,1,2024-09-15 10:12:11,"Aplikasinya sangat jelek, menurut saya aplikasi yang paling buruk tidak guna tak jelas lah pokoknya",2,1.4.0,15,99,2024-09,False,Negatif,2024,0,aplikasi jelek aplikasi buruk tidak tak pokok,"['aplikasi', 'jelek', 'aplikasi', 'buruk', 'tidak', 'tak', 'pokok']"
Pengguna Google,4,2025-01-26 10:07:12,Ok,0,2.0.2,1,2,2025-01,True,Positif,2025,2,ok,['ok']
Pengguna Google,2,2026-03-30 14:31:01,Mau login aja susah mohon system segera di perbaiki,0,3.0.6,9,51,2026-03,False,Negatif,2026,0,login susah mohon system baik,"['login', 'susah', 'mohon', 'system', 'baik']"
Pengguna Google,1,2024-12-11 11:10:09,Aplikasi buruk sekalii. D akses sering error. Otp sudah keluar tidak bisa lanjut proses,1,unknown,14,87,2024-12,False,Negatif,2024,0,aplikasi buruk sekali akses error otp tidak proses,"['aplikasi', 'buruk', 'sekali', 'akses', 'error', 'otp', 'tidak', 'proses']"
Pengguna Google,5,2024-09-22 13:31:47,Sangat cocok untuk melihat pajak saya,1,1.4.0,6,37,2024-09,False,Positif,2024,2,cocok pajak,"['cocok', 'pajak']"
Pengguna Google,1,2026-01-30 13:00:29,kenapa gak bisa install yaa,0,unknown,5,27,2026-01,False,Negatif,2026,0,tidak install,"['tidak', 'install']"
Pengguna Google,1,2026-01-09 13:58:04,"awas penipuan, report aja",0,unknown,4,25,2026-01,False,Negatif,2026,0,awas tipu report,"['awas', 'tipu', 'report']"
Pengguna Google,5,2025-03-13 20:05:33,Bgus,0,unknown,1,4,2025-03,False,Positif,2025,2,bagus,['bagus']
Pengguna Google,5,2025-02-04 13:35:37,Ok,0,1.4.0,1,2,2025-02,True,Positif,2025,2,ok,['ok']
Pengguna Google,5,2024-12-17 09:12:29,sangat membantu,0,unknown,2,15,2024-12,True,Positif,2024,2,bantu,['bantu']
Pengguna Google,5,2026-04-06 11:22:55,mantap,0,3.0.6,1,6,2026-04,True,Positif,2026,2,mantap,['mantap']
Gogo Diego Silalahi,1,2025-09-29 18:10:20,aplikasi kelewatan tolol ya ampun,0,2.0.6,5,33,2025-09,False,Negatif,2025,0,aplikasi lewat tolol ampun,"['aplikasi', 'lewat', 'tolol', 'ampun']"
Pengguna Google,1,2025-03-26 09:18:39,"Buat login aja susah banget,kenapa dibikin susah semua",0,2.0.4,8,54,2025-03,False,Negatif,2025,0,login susah bikin susah,"['login', 'susah', 'bikin', 'susah']"
Pengguna Google,5,2025-05-08 16:49:58,ok,0,2.0.3,1,2,2025-05,True,Positif,2025,2,ok,['ok']
Pengguna Google,1,2024-03-31 03:59:21,"Minta kode Verifikasi sampai botak nungguin gak masuk²,, padahal nomor yg didaftarkan masih aktif 👎👎👎",0,1.4.0,15,101,2024-03,False,Negatif,2024,0,kode verifikasi botak nungguin tidak masuk nomor daftar aktif,"['kode', 'verifikasi', 'botak', 'nungguin', 'tidak', 'masuk', 'nomor', 'daftar', 'aktif']"
Pengguna Google,1,2024-10-30 20:53:36,pruuug,0,unknown,1,6,2024-10,False,Negatif,2024,0,pruuug,['pruuug']
Pengguna Google,1,2025-03-13 13:50:23,Sudah id pw nya bnerr gak bisa masukk,0,unknown,8,37,2025-03,False,Negatif,2025,0,id pw nya bnerr tidak masukk,"['id', 'pw', 'nya', 'bnerr', 'tidak', 'masukk']"
Pengguna Google,1,2025-03-10 12:03:59,"Ini pemerintah serius nggak sih bikin aplikasi, kita mau taat bayar pajak aja dipersulit.",0,2.0.3,14,89,2025-03,False,Negatif,2025,0,perintah serius tidak bikin aplikasi taat bayar pajak sulit,"['perintah', 'serius', 'tidak', 'bikin', 'aplikasi', 'taat', 'bayar', 'pajak', 'sulit']"
Pengguna Google,1,2025-11-25 09:23:30,"sangat amat tidak membantu, mending dana buat bikin ni aplikasi buat hal lain yang lebih merakyat lagi",0,2.0.6,17,102,2025-11,False,Negatif,2025,0,tidak bantu mending dana bikin ni aplikasi rakyat,"['tidak', 'bantu', 'mending', 'dana', 'bikin', 'ni', 'aplikasi', 'rakyat']"
Pengguna Google,5,2025-09-06 19:46:58,"aplikasinya bagus banget untuk ladang korupsi, mantap kali, lanjutkan menyengsarakan masyarakat 👍🏻",75,2.0.5,12,98,2025-09,False,Positif,2025,2,aplikasi bagus ladang korupsi mantap kali lanjut sengsara masyarakat,"['aplikasi', 'bagus', 'ladang', 'korupsi', 'mantap', 'kali', 'lanjut', 'sengsara', 'masyarakat']"
Pengguna Google,1,2026-03-31 09:57:55,susah amat masuknya otp HP kagak d kirim kirim,0,3.0.6,9,46,2026-03,False,Negatif,2026,0,susah masuk otp handphone tidak kirim kirim,"['susah', 'masuk', 'otp', 'handphone', 'tidak', 'kirim', 'kirim']"
Pengguna Google,5,2025-07-02 11:35:05,bagus bs diakses dmn aja,0,2.0.3,5,24,2025-07,False,Positif,2025,2,bagus akses mana,"['bagus', 'akses', 'mana']"
Pengguna Google,5,2025-03-31 09:09:20,Mantap sekali dan sangat membantu,0,2.0.3,5,33,2025-03,False,Positif,2025,2,mantap bantu,"['mantap', 'bantu']"
Pengguna Google,5,2025-01-01 06:37:32,Konsultasi Laporan Pajak Tahunan Pribadi dan Lembaga,0,unknown,7,52,2025-01,False,Positif,2025,2,konsultasi lapor pajak tahun pribadi lembaga,"['konsultasi', 'lapor', 'pajak', 'tahun', 'pribadi', 'lembaga']"
Pengguna Google,4,2026-04-07 07:53:29,ok,0,3.0.6,1,2,2026-04,True,Positif,2026,2,ok,['ok']
Pengguna Google,1,2026-03-31 11:26:29,Aplikasi kentang gak bisa dipakeee,0,3.0.6,5,34,2026-03,False,Negatif,2026,0,aplikasi kentang tidak dipakeee,"['aplikasi', 'kentang', 'tidak', 'dipakeee']"
Pengguna Google,1,2026-01-14 13:54:55,tdk berguna,0,unknown,2,11,2026-01,False,Negatif,2026,0,tidak guna,"['tidak', 'guna']"
Pengguna Google,1,2025-06-15 19:55:39,app nya ga bisa sama sekali dibuka.. tolong di perbaiki,0,2.0.4,10,55,2025-06,False,Negatif,2025,0,aplikasi nya tidak buka tolong baik,"['aplikasi', 'nya', 'tidak', 'buka', 'tolong', 'baik']"
Pengguna Google,1,2024-07-21 11:07:49,Error terus login sudah benar semua masih saja ada error,0,unknown,10,56,2024-07,False,Negatif,2024,0,error login error,"['error', 'login', 'error']"
Pengguna Google,1,2025-02-28 11:29:12,"Kode otp sulit masuk via email,system nya payah",0,2.0.3,8,47,2025-02,False,Negatif,2025,0,kode otp sulit masuk via email system nya payah,"['kode', 'otp', 'sulit', 'masuk', 'via', 'email', 'system', 'nya', 'payah']"
Pengguna Google,4,2024-03-06 02:07:05,Great good...!!!!,0,1.3.0,2,17,2024-03,False,Positif,2024,2,great good,"['great', 'good']"
Pengguna Google,5,2024-02-07 09:41:39,Sangat mudah sekali penggunaannya.. jadi terbantu.. tingkatkan lagi ..,2,1.3.0,9,70,2024-02,False,Positif,2024,2,mudah guna bantu tingkat,"['mudah', 'guna', 'bantu', 'tingkat']"
Pengguna Google,1,2025-02-27 10:11:48,birokrasi berbelit2,0,2.0.3,2,19,2025-02,False,Negatif,2025,0,birokrasi belit,"['birokrasi', 'belit']"
Pengguna Google,5,2025-06-05 16:19:15,oke,0,2.0.3,1,3,2025-06,True,Positif,2025,2,oke,['oke']
Pengguna Google,1,2025-04-04 12:27:37,gak bisa log in,0,2.0.4,4,15,2025-04,False,Negatif,2025,0,tidak log in,"['tidak', 'log', 'in']"
Pengguna Google,1,2024-01-29 18:55:00,"saat mau login inputan NIK/NPWP Hanya bisa muat 15 digit, kurang 1 digit untuk input NIK nya....",2,1.2.5,17,96,2024-01,False,Negatif,2024,0,login inputan nik npwp muat digit digit input nik nya,"['login', 'inputan', 'nik', 'npwp', 'muat', 'digit', 'digit', 'input', 'nik', 'nya']"
Pengguna Google,1,2024-02-07 13:45:25,Aplikasi bikin stress,0,1.3.0,3,21,2024-02,False,Negatif,2024,0,aplikasi bikin stress,"['aplikasi', 'bikin', 'stress']"
Pengguna Google,1,2025-03-12 23:07:57,"Beberapa bulan saat mau bayar pajak tidak bisa, selalu tertulis undefined. Mulai dari awal tahun kemarin. Tahun sblumnya masih aman2 aja. Tp smpai skrng tdk ada perbaikan.",0,2.0.3,27,171,2025-03,False,Negatif,2025,0,bayar pajak tidak tulis undefined kemarin sblumnya aman smpai tidak baik,"['bayar', 'pajak', 'tidak', 'tulis', 'undefined', 'kemarin', 'sblumnya', 'aman', 'smpai', 'tidak', 'baik']"
Pengguna Google,1,2024-03-28 15:58:24,Aplikasi dibuat untuk menyusahkan... lola bedddd anjir.. baikin dong aplikasinya .hermannnnnnn,0,1.4.0,11,94,2024-03,False,Negatif,2024,0,aplikasi susah lola bedddd anjir baikin aplikasi hermannnnnnn,"['aplikasi', 'susah', 'lola', 'bedddd', 'anjir', 'baikin', 'aplikasi', 'hermannnnnnn']"
HENDRA HERMAWAN,5,2024-03-07 19:55:51,Good,0,unknown,1,4,2024-03,True,Positif,2024,2,good,['good']
Pengguna Google,1,2024-08-31 20:59:47,"TOLONG diupdate fitur dalam aplikasinya, agar ada fitur untuk dapat meminta No EFFIN baru scr online, ngapain bikin aplikasi buat dipakai secara online, kalau pengurusan untuk no Effin 1st time saja harus secara manual? Aplikasi dibuat untuk memudahkan user bukan merepotkan. Aplikasinya tidak berguna sama sekali ini. 1 lagi NPWP saya dibuat scr online, katanya kartu fisiknya akan dikirimkan 2 Minggu kemudian, ke rumah, tapi sampai detik ini, kartunya blm juga sampai ke alamat rmh saya. Miris!!",30,1.4.0,77,498,2024-08,False,Negatif,2024,0,tolong diupdate fitur aplikasi fitur nomor effin scr online ngapain bikin aplikasi pakai online urus nomor effin st time manual aplikasi mudah user bukan repot aplikasi tidak guna npwp scr online kartu fisik kirim minggu rumah detik kartu belum alamat rmh miris,"['tolong', 'diupdate', 'fitur', 'aplikasi', 'fitur', 'nomor', 'effin', 'scr', 'online', 'ngapain', 'bikin', 'aplikasi', 'pakai', 'online', 'urus', 'nomor', 'effin', 'st', 'time', 'manual', 'aplikasi', 'mudah', 'user', 'bukan', 'repot', 'aplikasi', 'tidak', 'guna', 'npwp', 'scr', 'online', 'kartu', 'fisik', 'kirim', 'minggu', 'rumah', 'detik', 'kartu', 'belum', 'alamat', 'rmh', 'miris']"
Pengguna Google,1,2024-02-21 09:01:39,Verifikasi gagal terus,0,1.3.0,3,22,2024-02,True,Negatif,2024,0,verifikasi gagal,"['verifikasi', 'gagal']"
Pengguna Google,1,2025-06-05 17:17:53,baru masukkan NPWP udah salah..apalagi kurg 1 angka GK ke baca padahal ku paste,0,2.0.4,14,79,2025-06,False,Negatif,2025,0,masuk npwp salah kurg angka tidak baca ku paste,"['masuk', 'npwp', 'salah', 'kurg', 'angka', 'tidak', 'baca', 'ku', 'paste']"
Pengguna Google,1,2024-10-18 13:30:33,"ga webnya ga aplikasinya bermasalah hadeh, buat login susah",0,1.4.0,9,59,2024-10,False,Negatif,2024,0,tidak webnya tidak aplikasi masalah hadeh login susah,"['tidak', 'webnya', 'tidak', 'aplikasi', 'masalah', 'hadeh', 'login', 'susah']"
Pengguna Google,5,2024-03-28 09:54:23,Sangat membantu,0,unknown,2,15,2024-03,True,Positif,2024,2,bantu,['bantu']
Pengguna Google,5,2025-07-01 16:38:56,top,0,2.0.4,1,3,2025-07,True,Positif,2025,2,top,['top']
Pengguna Google,5,2025-12-21 09:24:55,Terbaik,0,2.0.4,1,7,2025-12,True,Positif,2025,2,baik,['baik']
Pengguna Google,4,2025-07-06 22:26:42,lumayan,0,2.0.4,1,7,2025-07,False,Positif,2025,2,lumayan,['lumayan']
Pengguna Google,1,2024-10-02 02:15:25,"Yang bener aja! Apk sama web kaga jelas gimana bisa cara laporan, mana kena denda kalau kaga laporan ngotak aja lah malah mempersulit rakyat. ""SPT Tahunan telah diatur dalam Undang-Undang No.28 Tahun 2007 tentang Ketentuan Umum dan Tata Cara Perpajakan. Mengacu undang-undang tersebut, pemerintah mengharuskan seluruh wajib pajak agar melaporkan SPT sesuai dengan ketentuan yang berlaku."" Nih lagi ""Apabila Wajib Pajak tidak menyampaikan Surat Pemberitahuan sampai batas waktu, dapat dikenakan sanksi",0,unknown,71,500,2024-10,False,Negatif,2024,0,bener aplikasi web tidak lapor kena denda tidak lapor ngotak sulit rakyat spt tahun atur undang undang nomor tentu tata paja acu undang undang perintah harus wajib pajak lapor spt sesuai tentu laku wajib pajak tidak surat pemberitahuan batas kena sanksi,"['bener', 'aplikasi', 'web', 'tidak', 'lapor', 'kena', 'denda', 'tidak', 'lapor', 'ngotak', 'sulit', 'rakyat', 'spt', 'tahun', 'atur', 'undang', 'undang', 'nomor', 'tentu', 'tata', 'paja', 'acu', 'undang', 'undang', 'perintah', 'harus', 'wajib', 'pajak', 'lapor', 'spt', 'sesuai', 'tentu', 'laku', 'wajib', 'pajak', 'tidak', 'surat', 'pemberitahuan', 'batas', 'kena', 'sanksi']"
Pengguna Google,5,2026-04-08 14:43:59,waw mantap,0,3.0.6,2,10,2026-04,False,Positif,2026,2,waw mantap,"['waw', 'mantap']"
Pengguna Google,5,2024-02-23 07:44:57,Bagus aplikasinya memudahkan WP memantau Status dan pelaporan yg sudah/belum. Maaf masih belajar perlu tutor nih,0,1.3.0,16,112,2024-02,False,Positif,2024,2,bagus aplikasi mudah wp pantau status lapor belum maaf ajar tutor,"['bagus', 'aplikasi', 'mudah', 'wp', 'pantau', 'status', 'lapor', 'belum', 'maaf', 'ajar', 'tutor']"
Pengguna Google,5,2024-03-28 13:17:36,Ok mantap,0,unknown,2,9,2024-03,True,Positif,2024,2,ok mantap,"['ok', 'mantap']"
Pengguna Google,1,2025-12-27 12:33:28,sampah sekali,0,unknown,2,13,2025-12,False,Negatif,2025,0,sampah,['sampah']
Pengguna Google,5,2024-04-13 23:36:34,kadang lemot,0,1.4.0,2,12,2024-04,False,Positif,2024,2,kadang lot,"['kadang', 'lot']"
Pengguna Google,5,2025-12-16 08:29:12,mantap,0,unknown,1,6,2025-12,True,Positif,2025,2,mantap,['mantap']
Pengguna Google,1,2025-01-23 23:33:38,Aplikasi Ra jelas,0,unknown,3,17,2025-01,False,Negatif,2025,0,aplikasi ra,"['aplikasi', 'ra']"
Pengguna Google,5,2025-03-25 14:05:56,manthaafff,0,unknown,1,10,2025-03,False,Positif,2025,2,manthaafff,['manthaafff']
Pengguna Google,5,2024-12-14 20:15:49,Good,0,unknown,1,4,2024-12,True,Positif,2024,2,good,['good']
Pengguna Google,1,2026-02-16 00:28:02,sampah,0,unknown,1,6,2026-02,True,Negatif,2026,0,sampah,['sampah']
Fayshol Muh,1,2025-07-23 07:51:58,"pertama login udah gak bisa!, ni sistemnya gimana kok login aja gak bisa... aneh bet dah ni aplikasi",1,2.0.4,18,100,2025-07,False,Negatif,2025,0,login tidak ni sistem login tidak aneh bet dah ni aplikasi,"['login', 'tidak', 'ni', 'sistem', 'login', 'tidak', 'aneh', 'bet', 'dah', 'ni', 'aplikasi']"
Pengguna Google,1,2025-06-20 14:02:14,kok kirim verifikasi kode telepon aja lama banget,0,2.0.4,8,49,2025-06,False,Negatif,2025,0,kirim verifikasi kode telepon,"['kirim', 'verifikasi', 'kode', 'telepon']"
Pengguna Google,1,2026-02-26 10:12:35,"saya ga bisa masuk atau validasi, dan ganti perubahan data pribadi, coba dah di permudah susah amat bikin aktivasi akun",1,3.0.6,20,119,2026-02,False,Negatif,2026,0,tidak masuk validasi ganti ubah data pribadi coba dah mudah susah bikin aktivasi akun,"['tidak', 'masuk', 'validasi', 'ganti', 'ubah', 'data', 'pribadi', 'coba', 'dah', 'mudah', 'susah', 'bikin', 'aktivasi', 'akun']"
Pengguna Google,5,2025-03-14 16:48:48,Susah masuk nya,0,2.0.3,3,15,2025-03,False,Positif,2025,2,susah masuk nya,"['susah', 'masuk', 'nya']"
Pengguna Google,5,2024-01-08 14:21:23,Ok,0,unknown,1,2,2024-01,True,Positif,2024,2,ok,['ok']
Pengguna Google,5,2024-07-14 20:00:41,Bagus,0,unknown,1,5,2024-07,True,Positif,2024,2,bagus,['bagus']
Pengguna Google,5,2025-04-06 10:10:53,semoga kedepannya lebih baik lagi,0,2.0.3,5,33,2025-04,False,Positif,2025,2,moga depan,"['moga', 'depan']"
Pengguna Google,2,2025-11-10 18:48:59,fitur lupa password mana. mau login lupa password,0,2.0.6,8,49,2025-11,False,Negatif,2025,0,fitur lupa password login lupa password,"['fitur', 'lupa', 'password', 'login', 'lupa', 'password']"
Pengguna Google,1,2025-12-30 23:07:42,sangat sangat membantu masyarakat untuk lebih baik,0,2.0.6,7,50,2025-12,False,Negatif,2025,0,bantu masyarakat,"['bantu', 'masyarakat']"
Pengguna Google,1,2024-05-28 20:18:42,coba buka aplikasi games Pow .. rating lebih tinggi 4.4 / zuma .. uwow ..,0,1.4.0,15,73,2024-05,False,Negatif,2024,0,coba buka aplikasi games pow rating zuma uwow,"['coba', 'buka', 'aplikasi', 'games', 'pow', 'rating', 'zuma', 'uwow']"
Pengguna Google,1,2026-02-15 07:51:20,apa nih nak aktivasi akun susah bet padahal udah ada muncul alert kontak berhasil diverifikasi eehhhh malah muncul lagi email confirmation faild,6,3.0.6,22,144,2026-02,False,Negatif,2026,0,nak aktivasi akun susah bet muncul alert kontak hasil verifikasi eehhhh muncul email confirmation faild,"['nak', 'aktivasi', 'akun', 'susah', 'bet', 'muncul', 'alert', 'kontak', 'hasil', 'verifikasi', 'eehhhh', 'muncul', 'email', 'confirmation', 'faild']"
Pengguna Google,1,2025-07-10 19:13:42,"kode sms nya ga pernah masuk, kacau",0,unknown,7,35,2025-07,False,Negatif,2025,0,kode sms nya tidak masuk kacau,"['kode', 'sms', 'nya', 'tidak', 'masuk', 'kacau']"
Pengguna Google,5,2024-04-28 20:54:19,"Perpindahan antar menu saat di klik memerlukan setidaknya 2-3 detik untuk ditampilkan, harusnya aplikasi ini gk lolos ujicoba pas mau launching,melakukan pendaftaran / lainnya kenapa harus pindah ke via website? Terus fungsi aplikasi ini buat apaan? Buat di putar, di jilat, di bakar kantor pajaknya? Itu dana gede kemanain? Bukannya upgrade kualitas manusia, malah di pake beli Rubicon, nyewa LC, nikah lagi sama LC,elu nagih pajak puluhan tahun dan jutaan warga, masa bikin aplikasi model Majapahit",158,1.4.0,76,500,2024-04,False,Positif,2024,2,pindah menu klik detik tampil aplikasi tidak lolos ujicoba pas launching daftar pindah via website fungsi aplikasi putar jilat bakar kantor pajak dana gede kemanain upgrade kualitas manusia pakai beli rubicon nyewa lc nikah lc elu nagih pajak puluh juta warga bikin aplikasi model majapahit,"['pindah', 'menu', 'klik', 'detik', 'tampil', 'aplikasi', 'tidak', 'lolos', 'ujicoba', 'pas', 'launching', 'daftar', 'pindah', 'via', 'website', 'fungsi', 'aplikasi', 'putar', 'jilat', 'bakar', 'kantor', 'pajak', 'dana', 'gede', 'kemanain', 'upgrade', 'kualitas', 'manusia', 'pakai', 'beli', 'rubicon', 'nyewa', 'lc', 'nikah', 'lc', 'elu', 'nagih', 'pajak', 'puluh', 'juta', 'warga', 'bikin', 'aplikasi', 'model', 'majapahit']"
Pengguna Google,5,2026-02-09 15:20:35,Bagus e,0,3.0.3,2,7,2026-02,False,Positif,2026,2,bagus,['bagus']
Pengguna Google,5,2025-03-25 21:21:34,mitra pelaporan yg cerdas,0,2.0.4,4,25,2025-03,False,Positif,2025,2,mitra lapor cerdas,"['mitra', 'lapor', 'cerdas']"
Pengguna Google,1,2024-01-28 03:15:42,Buang buang waktu,0,1.2.5,3,17,2024-01,False,Negatif,2024,0,buang buang,"['buang', 'buang']"
Pengguna Google,5,2025-03-29 09:34:51,gimana cara daftar baru di DJP online dengan nomor pajak yang sama dengan nomor KTP..??,0,2.0.3,15,87,2025-03,False,Positif,2025,2,daftar djp online nomor pajak nomor ktp,"['daftar', 'djp', 'online', 'nomor', 'pajak', 'nomor', 'ktp']"
Pengguna Google,5,2026-02-12 07:51:32,sangat baik,0,2.0.6,2,11,2026-02,True,Positif,2026,2,,[]
Pengguna Google,5,2026-04-09 19:24:27,lebih mudah,0,3.0.6,2,11,2026-04,False,Positif,2026,2,mudah,['mudah']
Pengguna Google,5,2026-03-30 16:06:23,Mantap,0,1.2.5,1,6,2026-03,True,Positif,2026,2,mantap,['mantap']
Pengguna Google,1,2025-03-19 19:28:31,"apk aneh,minta kode efin udh kelar jawabnya nomer handphone td valid ngisi form ajh gk ad no phone ko aneh sih",0,2.0.3,21,110,2025-03,False,Negatif,2025,0,aplikasi aneh kode efin kelar nomer handphone td valid ngisi form ajh tidak ad nomor phone ko aneh,"['aplikasi', 'aneh', 'kode', 'efin', 'kelar', 'nomer', 'handphone', 'td', 'valid', 'ngisi', 'form', 'ajh', 'tidak', 'ad', 'nomor', 'phone', 'ko', 'aneh']"
Pengguna Google,1,2026-03-06 18:41:30,apk gajelas eror² mulu,0,3.0.6,4,22,2026-03,False,Negatif,2026,0,aplikasi gajelas eror mulu,"['aplikasi', 'gajelas', 'eror', 'mulu']"
Pengguna Google,1,2025-03-02 18:33:19,"aplikasi departemen korup , jadi gini sistemnya kacau semua padahal no. efin no. NPWP sudah saya simpan dan sandinya jg tapi tetap tidak bisa masuk",3,2.0.3,25,147,2025-03,False,Negatif,2025,0,aplikasi departemen korup sistem kacau nomor efin nomor npwp simpan sandi tidak masuk,"['aplikasi', 'departemen', 'korup', 'sistem', 'kacau', 'nomor', 'efin', 'nomor', 'npwp', 'simpan', 'sandi', 'tidak', 'masuk']"
Pengguna Google,1,2024-09-27 16:41:08,baru download mau register gk bs aplikasi sampah,0,1.4.0,8,48,2024-09,False,Negatif,2024,0,download register tidak aplikasi sampah,"['download', 'register', 'tidak', 'aplikasi', 'sampah']"
Pengguna Google,1,2025-03-03 14:15:39,Kode Verifikasi lambat masuknya sampe expired,0,2.0.3,6,45,2025-03,False,Negatif,2025,0,kode verifikasi lambat masuk sampe expired,"['kode', 'verifikasi', 'lambat', 'masuk', 'sampe', 'expired']"
Pengguna Google,5,2024-03-26 18:42:32,Mantap.,0,1.4.0,1,7,2024-03,True,Positif,2024,2,mantap,['mantap']
Pengguna Google,5,2025-03-04 15:28:23,Oke udah bisa minta efin Kalo mau minta kode verifikasi lewat sms aja cepet kalo email nunggu lama gak masuk masuk,0,2.0.3,21,114,2025-03,False,Positif,2025,2,oke efin kalo kode verifikasi sms cepet kalo email nunggu tidak masuk masuk,"['oke', 'efin', 'kalo', 'kode', 'verifikasi', 'sms', 'cepet', 'kalo', 'email', 'nunggu', 'tidak', 'masuk', 'masuk']"
Pengguna Google,1,2026-02-27 11:11:50,"Sistem lambat, sering error.",1,3.0.6,4,28,2026-02,False,Negatif,2026,0,sistem lambat error,"['sistem', 'lambat', 'error']"
Pengguna Google,5,2024-02-10 00:37:32,Sangat bmembantu,0,unknown,2,16,2024-02,False,Positif,2024,2,bmembantu,['bmembantu']
Pengguna Google,5,2025-12-23 11:28:34,good,0,unknown,1,4,2025-12,True,Positif,2025,2,good,['good']
Pengguna Google,1,2025-01-20 04:14:36,Ribettt,0,unknown,1,7,2025-01,True,Negatif,2025,0,ribettt,['ribettt']
Pengguna Google,4,2026-05-02 08:46:54,bagus,0,unknown,1,5,2026-05,True,Positif,2026,2,bagus,['bagus']
Pengguna Google,1,2025-03-10 13:55:13,Aplikasi aneh... Udah berhasil ubah password... Masih gak bisa loginnn... Sampahh,0,unknown,11,81,2025-03,False,Negatif,2025,0,aplikasi aneh hasil ubah password tidak loginnn sampahh,"['aplikasi', 'aneh', 'hasil', 'ubah', 'password', 'tidak', 'loginnn', 'sampahh']"
Pengguna Google,4,2025-05-16 05:26:51,bagus aplikasi nya tp Masih ada yg kurang,0,1.4.0,8,41,2025-05,False,Positif,2025,2,bagus aplikasi nya,"['bagus', 'aplikasi', 'nya']"
Pengguna Google,5,2026-02-25 21:25:24,"udh mlai integrasi dengan coretax yah aplikasi mpajak ini, jd login nya pake pass coretax. untuk cert digital dah mncul, tp krna sy dah buat di coretax, g sy buat lg, tnggu expired/lupa passpharse aja wkwkw. menu spt mash under construct, yaah smga kalo mau dpke thn ini kudu cepet tim dev untuk bikin nya",6,3.0.6,55,305,2026-02,False,Positif,2026,2,mlai integrasi coretax aplikasi mpajak login nya pakai pass coretax cert digital dah mncul sy dah coretax tidak sy tnggu expired lupa passpharse wkwkw menu spt mash under construct yaah smga kalo dpke thn kudu cepet tim dev bikin nya,"['mlai', 'integrasi', 'coretax', 'aplikasi', 'mpajak', 'login', 'nya', 'pakai', 'pass', 'coretax', 'cert', 'digital', 'dah', 'mncul', 'sy', 'dah', 'coretax', 'tidak', 'sy', 'tnggu', 'expired', 'lupa', 'passpharse', 'wkwkw', 'menu', 'spt', 'mash', 'under', 'construct', 'yaah', 'smga', 'kalo', 'dpke', 'thn', 'kudu', 'cepet', 'tim', 'dev', 'bikin', 'nya']"
Pengguna Google,4,2024-03-31 20:47:25,Aplikasi sampah,0,1.4.0,2,15,2024-03,True,Positif,2024,2,aplikasi sampah,"['aplikasi', 'sampah']"
M. Habib,5,2024-04-05 05:02:47,Good App,0,1.4.0,2,8,2024-04,False,Positif,2024,2,good aplikasi,"['good', 'aplikasi']"
Pengguna Google,1,2025-01-22 11:41:36,"Aplikasi Sampah, Cuman mempersulit",0,2.0.3,4,34,2025-01,False,Negatif,2025,0,aplikasi sampah cuman sulit,"['aplikasi', 'sampah', 'cuman', 'sulit']"
Pengguna Google,5,2025-01-04 21:20:56,Aplikasi yg bagus sangat membantu.. Semoga sukses selalu bintang 5,0,unknown,10,66,2025-01,False,Positif,2025,2,aplikasi bagus bantu moga sukses bintang,"['aplikasi', 'bagus', 'bantu', 'moga', 'sukses', 'bintang']"
Pengguna Google,5,2025-02-26 16:34:21,Bagus,0,unknown,1,5,2025-02,True,Positif,2025,2,bagus,['bagus']
Pengguna Google,5,2025-11-22 20:42:37,sangat membantu..,0,unknown,2,17,2025-11,True,Positif,2025,2,bantu,['bantu']
sablon kaos klaten,2,2025-03-04 07:37:39,"Kode verifikasi sangat lama..giliran dpt kode refresh page ulang dari awal..kode verifikasi minta baru, lama juga.serius ga ini applikasinya?????",0,2.0.3,19,145,2025-03,False,Negatif,2025,0,kode verifikasi gilir kode refresh page ulang kode verifikasi serius tidak applikasinya,"['kode', 'verifikasi', 'gilir', 'kode', 'refresh', 'page', 'ulang', 'kode', 'verifikasi', 'serius', 'tidak', 'applikasinya']"
Pengguna Google,1,2025-05-23 21:53:21,Gak guna !!!,0,unknown,3,12,2025-05,False,Negatif,2025,0,tidak,['tidak']
Pengguna Google,5,2025-03-25 16:46:08,bagus,0,2.0.3,1,5,2025-03,True,Positif,2025,2,bagus,['bagus']
Pengguna Google,5,2026-04-02 19:28:21,bagus,0,2.0.6,1,5,2026-04,True,Positif,2026,2,bagus,['bagus']
Pengguna Google,1,2025-09-22 21:11:28,"aplikasi tertolol, pemerintahan macam apa ga becus bikin aplikasi",0,2.0.6,9,65,2025-09,False,Negatif,2025,0,aplikasi tolol perintah tidak becus bikin aplikasi,"['aplikasi', 'tolol', 'perintah', 'tidak', 'becus', 'bikin', 'aplikasi']"
Irwan,5,2026-02-17 18:43:00,"loginnya masuk ke coretax, tapi ketika saya masuk malah erorr",0,3.0.6,10,61,2026-02,False,Positif,2026,2,loginnya masuk coretax masuk erorr,"['loginnya', 'masuk', 'coretax', 'masuk', 'erorr']"
Pengguna Google,1,2026-01-24 19:15:34,ribet,0,2.0.6,1,5,2026-01,True,Negatif,2026,0,ribet,['ribet']
Pengguna Google,1,2026-04-09 19:28:50,apk tai,0,3.0.9,2,7,2026-04,False,Negatif,2026,0,aplikasi tai,"['aplikasi', 'tai']"
Pengguna Google,1,2024-02-09 10:48:53,Ribet banget daftar nya bos,0,1.3.0,5,27,2024-02,False,Negatif,2024,0,ribet daftar nya bos,"['ribet', 'daftar', 'nya', 'bos']"
Pengguna Google,1,2026-03-12 15:59:35,"udh di suruh laporan, pas mau laporan di cek udh seminggu masih perbaikan terus",1,3.0.6,14,79,2026-03,False,Negatif,2026,0,suruh lapor pas lapor cek minggu baik,"['suruh', 'lapor', 'pas', 'lapor', 'cek', 'minggu', 'baik']"
Pengguna Google,5,2024-01-04 10:20:37,baik aplikasi yang mudah di pahami dan membatu untuk menambah wawasan pengetahuan,0,1.2.4,12,81,2024-01,False,Positif,2024,2,aplikasi mudah paham batu tambah wawas tahu,"['aplikasi', 'mudah', 'paham', 'batu', 'tambah', 'wawas', 'tahu']"
Pengguna Google,5,2026-02-06 09:54:29,Bagus,0,3.0.1,1,5,2026-02,True,Positif,2026,2,bagus,['bagus']
Pengguna Google,1,2026-02-25 04:40:44,aplikasi bodok ini gak bisa login,0,3.0.6,6,33,2026-02,False,Negatif,2026,0,aplikasi bodok tidak login,"['aplikasi', 'bodok', 'tidak', 'login']"
Pengguna Google,1,2026-04-05 13:29:34,mau lapor spt malah ribet .... ga guna,0,unknown,8,38,2026-04,False,Negatif,2026,0,lapor spt ribet tidak,"['lapor', 'spt', 'ribet', 'tidak']"
Pengguna Google,5,2025-03-01 07:45:12,Keren,0,1.4.0,1,5,2025-03,True,Positif,2025,2,keren,['keren']
Pengguna Google,1,2025-02-19 10:53:59,"aplikasi keluar terus, gak jelas..!!!",1,2.0.3,5,37,2025-02,False,Negatif,2025,0,aplikasi tidak,"['aplikasi', 'tidak']"
Pengguna Google,1,2025-03-10 17:06:23,"Layanan live chat ga berpungsi sama sekali,",0,2.0.3,7,43,2025-03,False,Negatif,2025,0,layan live chat tidak pungsi,"['layan', 'live', 'chat', 'tidak', 'pungsi']"
Pengguna Google,1,2025-12-19 08:58:27,"susah loginnyaaa padahal udah bener, sama sama nyusahin rakyat kocak",0,2.0.6,10,68,2025-12,False,Negatif,2025,0,susah loginnyaaa bener nyusahin rakyat kocak,"['susah', 'loginnyaaa', 'bener', 'nyusahin', 'rakyat', 'kocak']"
Pengguna Google,5,2025-08-14 13:35:23,m Pajak no Ribet,0,unknown,4,16,2025-08,False,Positif,2025,2,pajak nomor ribet,"['pajak', 'nomor', 'ribet']"
Pengguna Google,1,2024-02-19 10:40:50,Tidak mendapatkan solusi dari apk ini,0,1.3.0,6,37,2024-02,False,Negatif,2024,0,tidak solusi aplikasi,"['tidak', 'solusi', 'aplikasi']"
Pengguna Google,4,2024-07-21 22:47:18,"Aduh saya bingung , saya datang kekantor pajak , malah disuruh aktivasi aja lewat apk , giliran aktivasi Effien , kode aktivasi nya gakeluar melalui email.",0,1.4.0,26,155,2024-07,False,Positif,2024,2,aduh bingung kantor pajak suruh aktivasi aplikasi gilir aktivasi effien kode aktivasi nya gakeluar email,"['aduh', 'bingung', 'kantor', 'pajak', 'suruh', 'aktivasi', 'aplikasi', 'gilir', 'aktivasi', 'effien', 'kode', 'aktivasi', 'nya', 'gakeluar', 'email']"
Pengguna Google,1,2026-03-04 09:53:04,"kalau kamu mau buka usaha, kamu harus keluar modal sendiri. tp giliran usahamu berhasil, pemerintah menuntut pajak. ketika kamu kerja, segala resiko, tekanan, beban, tuntutan kamu tanggung sendiri, tapi ketika kamu gajian, pemerintah menuntut pajak darimu. rajin bayar pajak, tapi hidup ga semakin baik. pendidikan tetap mahal, kesehatan tetap mahal, kerja tetap susah, penghasilan tetap kecil, tapi pejabat dan pemerintah hidup makin mewah wkakaka .btw nunggu OTPnya lama!!!!",1,3.0.6,68,476,2026-03,False,Negatif,2026,0,buka usaha modal gilir usaha hasil perintah tuntut pajak kerja resiko tekan beban tuntut tanggung gaji perintah tuntut pajak dari rajin bayar pajak hidup tidak didik mahal sehat mahal kerja susah hasil jabat perintah hidup mewah wkakaka btw nunggu otpnya,"['buka', 'usaha', 'modal', 'gilir', 'usaha', 'hasil', 'perintah', 'tuntut', 'pajak', 'kerja', 'resiko', 'tekan', 'beban', 'tuntut', 'tanggung', 'gaji', 'perintah', 'tuntut', 'pajak', 'dari', 'rajin', 'bayar', 'pajak', 'hidup', 'tidak', 'didik', 'mahal', 'sehat', 'mahal', 'kerja', 'susah', 'hasil', 'jabat', 'perintah', 'hidup', 'mewah', 'wkakaka', 'btw', 'nunggu', 'otpnya']"
Pengguna Google,1,2026-03-04 16:39:38,aplikasi buuusuuk,0,unknown,2,17,2026-03,False,Negatif,2026,0,aplikasi buuusuuk,"['aplikasi', 'buuusuuk']"
Pengguna Google,5,2026-04-07 09:40:28,Siipp sudah lapor,0,3.0.9,3,17,2026-04,False,Positif,2026,2,siipp lapor,"['siipp', 'lapor']"
Pengguna Google,1,2025-03-06 10:24:13,Aplikasi Lemot,0,2.0.3,2,14,2025-03,False,Negatif,2025,0,aplikasi lot,"['aplikasi', 'lot']"
Pengguna Google,1,2024-06-27 07:40:59,buruk,0,1.4.0,1,5,2024-06,True,Negatif,2024,0,buruk,['buruk']
Pengguna Google,5,2026-02-28 14:24:20,tolong tingkatkan kemudahan dalam mendapatkan kode Verifikasi bisa melalui whatsapp atau email yang sudah terdaftar karena sangat repot sekali jika hanya melalui SMS yang mana di Indonesia masih banyak daerah yang sulit signalnya.,18,3.0.6,33,230,2026-02,False,Positif,2026,2,tolong tingkat mudah kode verifikasi whatsapp email daftar repot sms indonesia daerah sulit signalnya,"['tolong', 'tingkat', 'mudah', 'kode', 'verifikasi', 'whatsapp', 'email', 'daftar', 'repot', 'sms', 'indonesia', 'daerah', 'sulit', 'signalnya']"
Pengguna Google,1,2024-10-07 13:46:47,Gak jelas,0,1.4.0,2,9,2024-10,True,Negatif,2024,0,tidak,['tidak']
Pengguna Google,5,2025-03-03 11:11:21,Sangat Baik,0,unknown,2,11,2025-03,False,Positif,2025,2,,[]
Pengguna Google,1,2024-12-18 09:45:12,Anggaran gede sistem cacad,0,2.0.0,4,26,2024-12,False,Negatif,2024,0,anggar gede sistem cacad,"['anggar', 'gede', 'sistem', 'cacad']"
Pengguna Google,1,2024-02-17 20:02:22,Eh anjeng.. Kl buat aplikasi yg becus napa..kok ribet bngt login nya njeeerrr..masak iya 2 jam gk bisa²..aplikasi apaan ini anjeeng..biki dara tggi aja ni aplikasi,0,1.3.0,26,163,2024-02,False,Negatif,2024,0,eh anjeng kl aplikasi becus napa ribet login nya njeeerrr masak iya jam tidak aplikasi anjeeng bik dara tggi ni aplikasi,"['eh', 'anjeng', 'kl', 'aplikasi', 'becus', 'napa', 'ribet', 'login', 'nya', 'njeeerrr', 'masak', 'iya', 'jam', 'tidak', 'aplikasi', 'anjeeng', 'bik', 'dara', 'tggi', 'ni', 'aplikasi']"
Pengguna Google,1,2024-03-28 09:20:17,"error terus pas verifikasi wajah, kacau!!!",0,1.4.0,6,42,2024-03,False,Negatif,2024,0,error pas verifikasi wajah kacau,"['error', 'pas', 'verifikasi', 'wajah', 'kacau']"
Teddy Ardiansyah,1,2024-01-06 17:53:21,App restart terus waktu dibuka.,0,1.2.4,5,31,2024-01,False,Negatif,2024,0,aplikasi restart buka,"['aplikasi', 'restart', 'buka']"
Pengguna Google,1,2025-03-14 11:46:17,Negara aneh... Pajak kita sudah dibayar perusahaan harus kita lagi yang lapor. Udah itu kita mau lapor berbelit-belit. Ntah kapan lah Indonesia maju?,0,2.0.3,23,149,2025-03,False,Negatif,2025,0,negara aneh pajak bayar usaha lapor lapor belit belit ntah indonesia maju,"['negara', 'aneh', 'pajak', 'bayar', 'usaha', 'lapor', 'lapor', 'belit', 'belit', 'ntah', 'indonesia', 'maju']"
Pengguna Google,1,2024-05-27 17:36:29,"Sekelas Kantor pajak buat website dan aplikasi kalah dengan kominfo dan website seperti Prakerja yang mudah diakses!!!Ini tuh mau daftar Npwp dah via email nunggu gak diproses,masyarakat dipersulit bayar pajak suruh rutin, Memang terbaik",0,1.4.0,34,237,2024-05,False,Negatif,2024,0,kelas kantor pajak website aplikasi kalah kominfo website prakerja mudah akses tuh daftar npwp dah via email nunggu tidak proses masyarakat sulit bayar pajak suruh rutin baik,"['kelas', 'kantor', 'pajak', 'website', 'aplikasi', 'kalah', 'kominfo', 'website', 'prakerja', 'mudah', 'akses', 'tuh', 'daftar', 'npwp', 'dah', 'via', 'email', 'nunggu', 'tidak', 'proses', 'masyarakat', 'sulit', 'bayar', 'pajak', 'suruh', 'rutin', 'baik']"
Pengguna Google,1,2025-02-26 08:11:36,Ni ya buat pengembang coretax klo gbsa ngatasi masalah bug dll gausah sok2an jadi pengembang aplksi deh sini gua aja yg gantiin kl mmng gbsa ini untk negara loh!! Bukan aplikasi game ya!!,1,2.0.3,33,187,2025-02,False,Negatif,2025,0,ni kembang coretax klo tidak ngatasi bug dll gausah sok kembang aplikasi gua gantiin kl mmng tidak untk negara bukan aplikasi game,"['ni', 'kembang', 'coretax', 'klo', 'tidak', 'ngatasi', 'bug', 'dll', 'gausah', 'sok', 'kembang', 'aplikasi', 'gua', 'gantiin', 'kl', 'mmng', 'tidak', 'untk', 'negara', 'bukan', 'aplikasi', 'game']"
Pengguna Google,1,2025-03-13 02:23:53,Gajelas,0,2.0.3,1,7,2025-03,True,Negatif,2025,0,gajelas,['gajelas']
Pengguna Google,5,2025-02-27 16:50:47,Good,0,2.0.3,1,4,2025-02,True,Positif,2025,2,good,['good']
Pengguna Google,1,2026-02-12 22:04:09,Gak guna,0,3.0.6,2,8,2026-02,True,Negatif,2026,0,tidak,['tidak']
Pengguna Google,1,2025-09-27 07:41:01,mau log in eda verifikasi bia email tapi kode verifikasi tidak di kirim kirim.. tolong perbaiki lagi sistem nya,1,2.0.6,19,111,2025-09,False,Negatif,2025,0,log in eda verifikasi bia email kode verifikasi tidak kirim kirim tolong baik sistem nya,"['log', 'in', 'eda', 'verifikasi', 'bia', 'email', 'kode', 'verifikasi', 'tidak', 'kirim', 'kirim', 'tolong', 'baik', 'sistem', 'nya']"
Pengguna Google,5,2025-12-17 10:42:32,sangat membantu,0,2.0.6,2,15,2025-12,True,Positif,2025,2,bantu,['bantu']
Pengguna Google,5,2025-08-14 09:07:46,ok,0,unknown,1,2,2025-08,True,Positif,2025,2,ok,['ok']
Pengguna Google,1,2024-02-01 13:47:17,Mohon lebih di tingkatkan unt pelayan,0,1.2.5,6,37,2024-02,False,Negatif,2024,0,mohon tingkat unt layan,"['mohon', 'tingkat', 'unt', 'layan']"
Pengguna Google,1,2026-03-02 17:54:03,"sudah sekitar sebulan saya register npwp tapi setiap verifikasi nomor hp tidak pernah muncul kode otp nya, padahal emailnya bisa, sudah puluhan kali saya coba hingga beli kartu baru namun masih saja tidak terkirim kode nya",9,3.0.6,36,222,2026-03,False,Negatif,2026,0,bulan register npwp verifikasi nomor handphone tidak muncul kode otp nya email puluh kali coba beli kartu tidak kirim kode nya,"['bulan', 'register', 'npwp', 'verifikasi', 'nomor', 'handphone', 'tidak', 'muncul', 'kode', 'otp', 'nya', 'email', 'puluh', 'kali', 'coba', 'beli', 'kartu', 'tidak', 'kirim', 'kode', 'nya']"
Aldie Doel,1,2024-06-06 20:50:33,trash app,0,1.4.0,2,9,2024-06,True,Negatif,2024,0,trash aplikasi,"['trash', 'aplikasi']"
Pengguna Google,5,2025-03-16 23:30:15,"Lumayan bagus, tapi bagaimana cara kirim kartu npwp ke email ya ?",0,2.0.3,12,65,2025-03,False,Positif,2025,2,lumayan bagus kirim kartu npwp email,"['lumayan', 'bagus', 'kirim', 'kartu', 'npwp', 'email']"
Ibrahim Saleh,5,2026-04-16 10:55:25,menjadi alternatif yg bermanfaat,0,3.0.9,4,32,2026-04,False,Positif,2026,2,alternatif manfaat,"['alternatif', 'manfaat']"
Pengguna Google,5,2026-03-09 06:46:28,baik,0,2.0.6,1,4,2026-03,True,Positif,2026,2,,[]
Pengguna Google,1,2024-06-21 10:30:46,"sangat jelek, mau daftar aja dipersulit. Aplikasi peninggalan VOC.",0,1.4.0,9,66,2024-06,False,Negatif,2024,0,jelek daftar sulit aplikasi tinggal voc,"['jelek', 'daftar', 'sulit', 'aplikasi', 'tinggal', 'voc']"
Pengguna Google,5,2025-12-23 15:41:18,Dengan aplikasi Mpajak dangat membantu kami,0,2.0.6,6,43,2025-12,False,Positif,2025,2,aplikasi mpajak dangat bantu,"['aplikasi', 'mpajak', 'dangat', 'bantu']"
Pengguna Google,1,2026-02-11 10:15:23,aplikasi pemerintahan busuk,0,3.0.5,3,27,2026-02,False,Negatif,2026,0,aplikasi perintah busuk,"['aplikasi', 'perintah', 'busuk']"
Michael Hardinata,1,2025-01-15 17:46:42,Phising apps my mbanking are compromize,7,unknown,6,39,2025-01,False,Negatif,2025,0,phising apps my mbanking are compromize,"['phising', 'apps', 'my', 'mbanking', 'are', 'compromize']"
Pengguna Google,5,2025-02-19 16:30:41,Cepat mudah.. Hitungan detik efin langsung terkirim... Mantap aplikasinya.,3,2.0.3,9,74,2025-02,False,Positif,2025,2,cepat mudah hitung detik efin langsung kirim mantap aplikasi,"['cepat', 'mudah', 'hitung', 'detik', 'efin', 'langsung', 'kirim', 'mantap', 'aplikasi']"
Pengguna Google,5,2024-11-29 09:22:23,Cukup membantu dan bagus,0,unknown,4,24,2024-11,False,Positif,2024,2,bantu bagus,"['bantu', 'bagus']"
Pengguna Google,5,2024-10-28 15:57:01,Ok mantap,0,1.4.0,2,9,2024-10,True,Positif,2024,2,ok mantap,"['ok', 'mantap']"
Pengguna Google,1,2024-03-10 09:39:21,"Ku kira mempermudah, ternyata........",0,unknown,4,37,2024-03,False,Negatif,2024,0,ku mudah,"['ku', 'mudah']"
Pengguna Google,5,2025-09-02 23:30:35,good,0,2.0.5,1,4,2025-09,True,Positif,2025,2,good,['good']
Pengguna Google,1,2025-03-14 21:31:01,"1,2 Triliun kaya gini hasilnya?",0,2.0.3,5,31,2025-03,False,Negatif,2025,0,triliun kaya hasil,"['triliun', 'kaya', 'hasil']"
Pengguna Google,1,2026-02-20 07:39:42,"aplikasinya keren sesuai sop, sesuai sama budaya pejabat di Indonesia. mantabb",0,unknown,11,78,2026-02,False,Negatif,2026,0,aplikasi keren sesuai sop sesuai budaya jabat indonesia mantabb,"['aplikasi', 'keren', 'sesuai', 'sop', 'sesuai', 'budaya', 'jabat', 'indonesia', 'mantabb']"
Pengguna Google,4,2026-04-30 16:04:51,bagus,0,unknown,1,5,2026-04,True,Positif,2026,2,bagus,['bagus']
Pengguna Google,1,2025-09-15 13:31:39,aplikasi belum siap udah ditampilin loh udah loginnya susah setengah mati aplikasi murahan,3,2.0.6,13,90,2025-09,False,Negatif,2025,0,aplikasi belum ditampilin loginnya susah mati aplikasi murah,"['aplikasi', 'belum', 'ditampilin', 'loginnya', 'susah', 'mati', 'aplikasi', 'murah']"
Pengguna Google,5,2024-03-04 20:53:45,Sangat bagus dan membantu,0,1.4.0,4,25,2024-03,True,Positif,2024,2,bagus bantu,"['bagus', 'bantu']"
Pengguna Google,5,2025-10-06 11:58:26,saya tidak bisah cetak kartu NPWP di kantor npwp gimana caranya supayah saya bisah cetak kartu npwp,0,2.0.6,17,99,2025-10,False,Positif,2025,2,tidak bisah cetak kartu npwp kantor npwp supayah bisah cetak kartu npwp,"['tidak', 'bisah', 'cetak', 'kartu', 'npwp', 'kantor', 'npwp', 'supayah', 'bisah', 'cetak', 'kartu', 'npwp']"
Pengguna Google,4,2025-02-22 14:01:10,"Tadinya dah berburuk sangka rating nya jelek mau download ragu tapi pas dicoba bisa cepet malah. Gak seribet atau seproblematik yang orang2 ulas sebelumnya, mungkin udah ada perbaikan yaa, semoga terus upgrade biar masyarakat gak ngeluh",0,unknown,36,236,2025-02,False,Positif,2025,2,dah buruk sangka rating nya jelek download ragu pas coba cepet tidak seribet problematik orang ulas baik moga upgrade biar masyarakat tidak ngeluh,"['dah', 'buruk', 'sangka', 'rating', 'nya', 'jelek', 'download', 'ragu', 'pas', 'coba', 'cepet', 'tidak', 'seribet', 'problematik', 'orang', 'ulas', 'baik', 'moga', 'upgrade', 'biar', 'masyarakat', 'tidak', 'ngeluh']"
Pengguna Google,1,2026-02-04 18:33:00,"blm sehari download udh minta update aja, mana makin lemot, eror terus,nyusahin kalo apk blm selesai gausah diterbitin dulu ini apk",2,3.0.1,21,131,2026-02,False,Negatif,2026,0,belum hari download update lot eror nyusahin kalo aplikasi belum selesai gausah diterbitin aplikasi,"['belum', 'hari', 'download', 'update', 'lot', 'eror', 'nyusahin', 'kalo', 'aplikasi', 'belum', 'selesai', 'gausah', 'diterbitin', 'aplikasi']"
Pengguna Google,5,2025-03-09 09:10:58,Hanya user yg gaptek yg maki² aplikasi ini.,0,2.0.3,8,43,2025-03,False,Positif,2025,2,user gaptek maki aplikasi,"['user', 'gaptek', 'maki', 'aplikasi']"
Pengguna Google,1,2024-08-26 14:27:52,PERBAIKI SYSTEMNYA!!!! JANGAN CUMA MALAK DOANG SU!!,0,1.4.0,7,51,2024-08,False,Negatif,2024,0,baik systemnya jangan malak su,"['baik', 'systemnya', 'jangan', 'malak', 'su']"
Pengguna Google,1,2025-02-25 19:57:23,bagaimna ini pak ?,0,unknown,4,18,2025-02,False,Negatif,2025,0,bagaimna,['bagaimna']
Windi Muthoharoh,5,2024-11-22 14:43:49,Good,0,1.4.0,1,4,2024-11,True,Positif,2024,2,good,['good']
Pengguna Google,1,2025-11-13 22:56:13,perbagus lagi dh apkny,0,unknown,4,22,2025-11,False,Negatif,2025,0,bagus dh apkny,"['bagus', 'dh', 'apkny']"
Pengguna Google,2,2026-02-20 05:50:31,"ribet susah masuk akun,,menyulitkan padahal sudah sesuai data",0,unknown,8,61,2026-02,False,Negatif,2026,0,ribet susah masuk akun sulit sesuai data,"['ribet', 'susah', 'masuk', 'akun', 'sulit', 'sesuai', 'data']"
Pengguna Google,1,2025-05-26 12:02:30,aplikasi aneh,0,unknown,2,13,2025-05,True,Negatif,2025,0,aplikasi aneh,"['aplikasi', 'aneh']"
Fred Ay,2,2024-06-04 11:41:06,EFIN gagal trus...masih harus ke kantor Pajak...repot..,1,1.4.0,7,55,2024-06,False,Negatif,2024,0,efin gagal kantor pajak repot,"['efin', 'gagal', 'kantor', 'pajak', 'repot']"
Pengguna Google,1,2025-11-18 06:49:54,map nya tidak akurat,0,unknown,4,20,2025-11,False,Negatif,2025,0,map nya tidak akurat,"['map', 'nya', 'tidak', 'akurat']"
Pengguna Google,5,2025-03-28 13:27:31,aplikasi yang sangat membantu,0,unknown,4,29,2025-03,False,Positif,2025,2,aplikasi bantu,"['aplikasi', 'bantu']"
Pengguna Google,4,2025-02-26 10:21:06,Lemot sekarang login nya,0,2.0.3,4,24,2025-02,False,Positif,2025,2,lot login nya,"['lot', 'login', 'nya']"
Pengguna Google,2,2026-02-04 14:36:33,"gak bisa buat lapor SPT, akhirnya buka website lagi yg njlimet,kirain ini aplikasi lebih simpel tinggal isi aja,eh cuma bisa buat e billing doang ternyata",0,2.0.6,25,154,2026-02,False,Negatif,2026,0,tidak lapor spt buka website njlimet kirain aplikasi simpel tinggal isi eh billing,"['tidak', 'lapor', 'spt', 'buka', 'website', 'njlimet', 'kirain', 'aplikasi', 'simpel', 'tinggal', 'isi', 'eh', 'billing']"
Pengguna Google,5,2024-01-31 10:04:03,Yang udah daftar tapi belum masuk di aplikasi Langkah awal minta veripikasi akun Langkah ke dua minta kode efin nya Semoga sukses,1,1.2.5,22,129,2024-01,False,Positif,2024,2,daftar belum masuk aplikasi langkah veripikasi akun langkah kode efin nya moga sukses,"['daftar', 'belum', 'masuk', 'aplikasi', 'langkah', 'veripikasi', 'akun', 'langkah', 'kode', 'efin', 'nya', 'moga', 'sukses']"
Pengguna Google,5,2026-01-06 15:27:36,sangat terbantu,0,unknown,2,15,2026-01,False,Positif,2026,2,bantu,['bantu']
Pengguna Google,1,2026-02-25 11:25:33,udh 2026 lapor pajak masih kaya zaman purba ribett website sampah mau lapor aja susah bener,0,3.0.6,16,91,2026-02,False,Negatif,2026,0,lapor pajak kaya zaman purba ribett website sampah lapor susah bener,"['lapor', 'pajak', 'kaya', 'zaman', 'purba', 'ribett', 'website', 'sampah', 'lapor', 'susah', 'bener']"
Pengguna Google,5,2025-03-25 12:10:01,terbaik,0,2.0.3,1,7,2025-03,True,Positif,2025,2,baik,['baik']
Eko Whianto,1,2025-02-24 18:50:22,Alwais error 404,1,unknown,3,16,2025-02,False,Negatif,2025,0,alwais error,"['alwais', 'error']"
Pengguna Google,1,2025-02-03 18:08:47,Aplikasi gak guna... gak bisa membatu apa-apa.... menu daftarnya aja gak ada....,2,2.0.3,12,80,2025-02,False,Negatif,2025,0,aplikasi tidak tidak batu menu daftar tidak,"['aplikasi', 'tidak', 'tidak', 'batu', 'menu', 'daftar', 'tidak']"
Pengguna Google,1,2025-09-18 17:32:50,"jembot ora nk google ora nek kene podo ae.lek sekirane, aplikasi ne ra kenek orasah ngae aplikasi ruwet ruwet ruwwweeetttttt duwettttt",0,2.0.6,21,134,2025-09,False,Negatif,2025,0,jembot ora nk google ora nek kene podo ae lek sekirane aplikasi ne ra kenek orasah ngae aplikasi ruwet ruwet ruwwweeetttttt duwettttt,"['jembot', 'ora', 'nk', 'google', 'ora', 'nek', 'kene', 'podo', 'ae', 'lek', 'sekirane', 'aplikasi', 'ne', 'ra', 'kenek', 'orasah', 'ngae', 'aplikasi', 'ruwet', 'ruwet', 'ruwwweeetttttt', 'duwettttt']"
Pengguna Google,1,2025-02-28 21:17:59,"Apk banyak bug,nungguin kode verfikasi sampe 3 jam lebih blm jg ada,perbaiki lagi kedepanya",1,2.0.3,14,91,2025-02,False,Negatif,2025,0,aplikasi bug nungguin kode verfikasi sampe jam belum baik depa,"['aplikasi', 'bug', 'nungguin', 'kode', 'verfikasi', 'sampe', 'jam', 'belum', 'baik', 'depa']"
Pengguna Google,5,2024-01-22 07:43:59,Bagus n menarik,0,unknown,3,15,2024-01,False,Positif,2024,2,bagus tarik,"['bagus', 'tarik']"
Pengguna Google,1,2025-09-08 06:59:36,"aplikasi koruptor, masuk aja eror masuk cortex eror gak jelas banget, nyusahin rakyat",0,2.0.5,13,85,2025-09,False,Negatif,2025,0,aplikasi koruptor masuk eror masuk cortex eror tidak nyusahin rakyat,"['aplikasi', 'koruptor', 'masuk', 'eror', 'masuk', 'cortex', 'eror', 'tidak', 'nyusahin', 'rakyat']"
Pengguna Google,5,2025-12-31 13:17:10,sangat membantu,0,2.0.6,2,15,2025-12,True,Positif,2025,2,bantu,['bantu']
Pengguna Google,1,2026-02-03 13:31:43,ini aplikasi penipuan,0,2.0.6,3,21,2026-02,False,Negatif,2026,0,aplikasi tipu,"['aplikasi', 'tipu']"
Ambar Kusumasari,1,2025-09-25 15:12:28,"Aplikasi di smartphone itu sejatinya memudahkan user, kek mana ini mau login pun tak bisa, kirim kode verifikasi ke email tapi ga masuk, bolak balik refresh & cek spam tak ada, diulang² pun masih sama. Live chat tdk membantu, BOT smua. What should we do then ??",0,2.0.6,47,261,2025-09,False,Negatif,2025,0,aplikasi smartphone sejati mudah user kek login tak kirim kode verifikasi email tidak masuk bolak refresh cek spam tak ulang live chat tidak bantu bot smua what should we do then,"['aplikasi', 'smartphone', 'sejati', 'mudah', 'user', 'kek', 'login', 'tak', 'kirim', 'kode', 'verifikasi', 'email', 'tidak', 'masuk', 'bolak', 'refresh', 'cek', 'spam', 'tak', 'ulang', 'live', 'chat', 'tidak', 'bantu', 'bot', 'smua', 'what', 'should', 'we', 'do', 'then']"
Pengguna Google,5,2025-08-04 12:26:30,Bisa mempermudah pekerjaan dalam melaporkan terkait dengan perpajakan,0,2.0.4,8,69,2025-08,False,Positif,2025,2,mudah kerja lapor kait paja,"['mudah', 'kerja', 'lapor', 'kait', 'paja']"
Narumi Unaa,1,2025-08-12 15:41:36,"Aplikasi nya tidak berguna. Tidak bisa login sama sekali. Padahal di website bisa login, tapi di aplikasi tidak bisa login, katanya error 1516 or something. Fix it la.",0,unknown,28,167,2025-08,False,Negatif,2025,0,aplikasi nya tidak guna tidak login website login aplikasi tidak login error or something fix it la,"['aplikasi', 'nya', 'tidak', 'guna', 'tidak', 'login', 'website', 'login', 'aplikasi', 'tidak', 'login', 'error', 'or', 'something', 'fix', 'it', 'la']"
Pengguna Google,5,2025-03-08 01:05:38,Terimakasih aplikasi sangat membantu kami,0,2.0.3,5,41,2025-03,False,Positif,2025,2,terimakasih aplikasi bantu,"['terimakasih', 'aplikasi', 'bantu']"
Pengguna Google,1,2026-02-09 23:25:04,"mau aktivasi aja susah, aplikasi apa ini buang buang anggaran doang. Gak bisa kirim kode verifikasi ke Gmail/nomor HP.",3,3.0.4,19,118,2026-02,False,Negatif,2026,0,aktivasi susah aplikasi buang buang anggar tidak kirim kode verifikasi gmail nomor handphone,"['aktivasi', 'susah', 'aplikasi', 'buang', 'buang', 'anggar', 'tidak', 'kirim', 'kode', 'verifikasi', 'gmail', 'nomor', 'handphone']"
Pengguna Google,5,2024-09-04 18:36:31,Sangat membantu dalam pembayaran pajak tanpa perlu ke kantornya lagi,2,1.4.0,10,68,2024-09,False,Positif,2024,2,bantu bayar pajak tanpa kantor,"['bantu', 'bayar', 'pajak', 'tanpa', 'kantor']"
Pengguna Google,1,2025-03-04 14:17:18,Kirim kode verifikasi lama . Ajuin kapan di kirim nya kapan . Keburu udah ga valid tuh code. Di minta lagi lama lagi ngirimnya . Ga recomended sama sekali.,0,unknown,29,155,2025-03,False,Negatif,2025,0,kirim kode verifikasi ajuin kirim nya keburu tidak valid tuh code ngirimnya tidak recomended,"['kirim', 'kode', 'verifikasi', 'ajuin', 'kirim', 'nya', 'keburu', 'tidak', 'valid', 'tuh', 'code', 'ngirimnya', 'tidak', 'recomended']"
Pengguna Google,1,2024-12-05 17:58:23,Gembel,0,2.0.0,1,6,2024-12,False,Negatif,2024,0,gembel,['gembel']
Pengguna Google,1,2024-01-16 10:00:00,gabisa dibuka aplikasinya mental terus 😂,0,1.2.5,6,40,2024-01,False,Negatif,2024,0,tidak buka aplikasi mental,"['tidak', 'buka', 'aplikasi', 'mental']"
Pengguna Google,1,2026-02-18 05:42:22,"aplikasi tak berfungsi, tak guna",0,3.0.6,5,32,2026-02,False,Negatif,2026,0,aplikasi tak fungsi tak,"['aplikasi', 'tak', 'fungsi', 'tak']"
Pengguna Google,1,2025-12-18 18:43:16,"ribet nya minta ampun nih mau daftar lewat web aja segitu susah nya,mana yang katanya udah di benahi sama Menteri baru,apa jangan orang djp lagi malas kerja",0,2.0.6,27,156,2025-12,False,Negatif,2025,0,ribet nya ampun daftar web segitu susah nya benah menteri jangan orang djp malas kerja,"['ribet', 'nya', 'ampun', 'daftar', 'web', 'segitu', 'susah', 'nya', 'benah', 'menteri', 'jangan', 'orang', 'djp', 'malas', 'kerja']"
Pengguna Google,5,2025-01-12 22:47:41,Ok,0,2.0.1,1,2,2025-01,True,Positif,2025,2,ok,['ok']
Pengguna Google,1,2025-02-12 13:11:37,"dah lah gak bisa berkata kata, intinya apk ampasss",0,unknown,9,50,2025-02,False,Negatif,2025,0,dah tidak inti aplikasi ampasss,"['dah', 'tidak', 'inti', 'aplikasi', 'ampasss']"
Pengguna Google,5,2024-12-27 13:58:30,Good,0,2.0.1,1,4,2024-12,True,Positif,2024,2,good,['good']
Pengguna Google,1,2024-09-21 05:25:23,Ternyata bgni pajak saya dipakai untuk aplikasi yang tidak berfungsi,0,unknown,10,68,2024-09,False,Negatif,2024,0,bgni pajak pakai aplikasi tidak fungsi,"['bgni', 'pajak', 'pakai', 'aplikasi', 'tidak', 'fungsi']"
Pengguna Google,5,2025-05-15 11:06:05,"Buat lansia agak kesulitan juga pengerjaannya, lebih baik datang ke kantor Pajak setempat",0,2.0.3,13,89,2025-05,False,Positif,2025,2,lansia sulit kerja kantor pajak,"['lansia', 'sulit', 'kerja', 'kantor', 'pajak']"
Pengguna Google,1,2025-03-04 13:50:36,"Kode di kirim lewat email,, 12 jam bru di kirim,, sama sekali gak guna",0,unknown,14,70,2025-03,False,Negatif,2025,0,kode kirim email jam bru kirim tidak,"['kode', 'kirim', 'email', 'jam', 'bru', 'kirim', 'tidak']"
Pengguna Google,1,2024-01-17 12:43:04,Niat hati mau bantu bayar pajak malah aps kek lite. Lain kali duit pajak jgn d korupsi biar benarin ni apps,0,unknown,21,107,2024-01,False,Negatif,2024,0,niat hati bantu bayar pajak aps kek lite kali duit pajak jgn korupsi biar benarin ni apps,"['niat', 'hati', 'bantu', 'bayar', 'pajak', 'aps', 'kek', 'lite', 'kali', 'duit', 'pajak', 'jgn', 'korupsi', 'biar', 'benarin', 'ni', 'apps']"
Pengguna Google,1,2025-03-06 09:23:05,"Parah... Aplikasi instansi pemerintahan tapi lelet bener mau mbuka.. ga bakal maju negara.. selalu sulit, mau laporan bayar pajak aja susah ,",1,2.0.3,22,141,2025-03,False,Negatif,2025,0,parah aplikasi instansi perintah lelet bener mbuka tidak maju negara sulit lapor bayar pajak susah,"['parah', 'aplikasi', 'instansi', 'perintah', 'lelet', 'bener', 'mbuka', 'tidak', 'maju', 'negara', 'sulit', 'lapor', 'bayar', 'pajak', 'susah']"
MRV Lim,1,2024-12-30 14:35:56,"Need additional verification, OTP either SMS or email but no submit button after choosing 👎🏿👎🏿👎🏿",128,2.0.1,15,96,2024-12,False,Negatif,2024,0,need additional verification otp either sms or email but nomor submit button after choosing,"['need', 'additional', 'verification', 'otp', 'either', 'sms', 'or', 'email', 'but', 'nomor', 'submit', 'button', 'after', 'choosing']"
Pengguna Google,1,2025-01-20 12:59:54,"Up date terus, sampai hp tdk kompatible",0,unknown,7,39,2025-01,False,Negatif,2025,0,up date handphone tidak kompatible,"['up', 'date', 'handphone', 'tidak', 'kompatible']"
Pengguna Google,5,2024-03-27 07:58:11,Coba,0,1.2.5,1,4,2024-03,False,Positif,2024,2,coba,['coba']
Pengguna Google,5,2024-10-22 14:27:19,Very good 👍,0,1.2.5,3,11,2024-10,False,Positif,2024,2,very good,"['very', 'good']"
Pengguna Google,1,2025-03-18 11:41:40,buruk situs tidak dpat dijangkau..maksudnya apa coba,0,2.0.3,7,52,2025-03,False,Negatif,2025,0,buruk situs tidak jangkau maksud coba,"['buruk', 'situs', 'tidak', 'jangkau', 'maksud', 'coba']"
Pengguna Google,5,2025-04-18 07:03:11,ok,0,2.0.1,1,2,2025-04,True,Positif,2025,2,ok,['ok']
Pengguna Google,5,2025-02-06 15:42:35,sulit login,0,2.0.3,2,11,2025-02,False,Positif,2025,2,sulit login,"['sulit', 'login']"
Pengguna Google,1,2026-04-30 16:56:22,jelek bgt apk nya kebanyakan di korupnya,0,3.0.9,7,40,2026-04,False,Negatif,2026,0,jelek aplikasi nya banyak korup,"['jelek', 'aplikasi', 'nya', 'banyak', 'korup']"
Pengguna Google,5,2024-02-28 08:56:34,Sangat ramah layanan nya,0,1.3.0,4,24,2024-02,False,Positif,2024,2,ramah layan nya,"['ramah', 'layan', 'nya']"
Pengguna Google,5,2025-02-16 06:49:52,Akhirnya bisa dapat EFiN..,0,2.0.3,4,26,2025-02,False,Positif,2025,2,efin,['efin']
Pengguna Google,1,2025-01-07 18:15:57,"Aplikasi ga jelas, situs web juga lemot. Pake wifi pake data juga sama aja. Halahhhh bilang aja kalo gabisa online harus ke kantor pajak",7,2.0.2,24,136,2025-01,False,Negatif,2025,0,aplikasi tidak situs web lot pakai wifi pakai data halahhhh bilang kalo tidak online kantor pajak,"['aplikasi', 'tidak', 'situs', 'web', 'lot', 'pakai', 'wifi', 'pakai', 'data', 'halahhhh', 'bilang', 'kalo', 'tidak', 'online', 'kantor', 'pajak']"
Pengguna Google,5,2026-03-05 17:37:11,"Sangat membantu, bagus",0,unknown,3,22,2026-03,False,Positif,2026,2,bantu bagus,"['bantu', 'bagus']"
Pengguna Google,5,2024-04-29 00:26:07,Sang membantu,0,unknown,2,13,2024-04,False,Positif,2024,2,sang bantu,"['sang', 'bantu']"
Pengguna Google,1,2025-03-01 15:05:34,"Aplikasi gak jelas... Udh tinggal lapor aja kok sulit banget, minta kode ferifikasi gak di kirim2 dari pagi sampai sore",1,2.0.3,20,119,2025-03,False,Negatif,2025,0,aplikasi tidak tinggal lapor sulit kode ferifikasi tidak kirim pagi sore,"['aplikasi', 'tidak', 'tinggal', 'lapor', 'sulit', 'kode', 'ferifikasi', 'tidak', 'kirim', 'pagi', 'sore']"
Pengguna Google,1,2024-12-16 15:26:15,Verifikasi OTP untuk EFIN nya error,0,unknown,6,35,2024-12,False,Negatif,2024,0,verifikasi otp efin nya error,"['verifikasi', 'otp', 'efin', 'nya', 'error']"
Pengguna Google,1,2024-02-10 23:04:42,Signal penuh. Kuota penuh. Mau update gagal terus. Aplikasi macam apa pula ini.,0,1.2.5,13,79,2024-02,False,Negatif,2024,0,signal penuh kuota penuh update gagal aplikasi,"['signal', 'penuh', 'kuota', 'penuh', 'update', 'gagal', 'aplikasi']"
Pengguna Google,1,2026-04-22 05:29:06,"aplikasi apaan si,di ikutin langkah 2nya malah terjadi kesalahan terus....kacau",0,3.0.9,10,79,2026-04,False,Negatif,2026,0,aplikasi si ikutin langkah nya salah kacau,"['aplikasi', 'si', 'ikutin', 'langkah', 'nya', 'salah', 'kacau']"
Pengguna Google,4,2024-04-15 17:56:32,Mantap,0,1.4.0,1,6,2024-04,True,Positif,2024,2,mantap,['mantap']
Pengguna Google,5,2024-01-23 08:47:32,Top,0,unknown,1,3,2024-01,True,Positif,2024,2,top,['top']
Pengguna Google,1,2025-03-05 12:59:52,BAGUSAN CORETAX,0,2.0.3,2,15,2025-03,False,Negatif,2025,0,bagus coretax,"['bagus', 'coretax']"
Pengguna Google,5,2025-07-03 10:44:46,mudah di gunakan,0,2.0.4,3,16,2025-07,False,Positif,2025,2,mudah,['mudah']
Pengguna Google,1,2024-02-02 11:39:43,Berat,0,unknown,1,5,2024-02,False,Negatif,2024,0,berat,['berat']
Pengguna Google,5,2024-09-11 11:21:21,Thanx,0,1.4.0,1,5,2024-09,False,Positif,2024,2,thanx,['thanx']
Pengguna Google,4,2024-07-01 00:11:02,Sangat membantu,0,unknown,2,15,2024-07,True,Positif,2024,2,bantu,['bantu']
Pengguna Google,5,2025-04-11 17:36:12,bagus,0,2.0.3,1,5,2025-04,True,Positif,2025,2,bagus,['bagus']
Pengguna Google,5,2025-11-24 08:43:01,ok,0,unknown,1,2,2025-11,True,Positif,2025,2,ok,['ok']
Pengguna Google,1,2025-02-03 08:32:02,"Gunanya livechat diweb dan diaplikasi pajangan doangkah? Untuk diakses susah amat live chatnya. Koneksi terputus mulu. Coretax susah diakses lagi, mau daftar malah nik sudah diduplikasi mulu",9,2.0.3,27,190,2025-02,False,Negatif,2025,0,guna livechat diweb aplikasi pajang doang akses susah live chatnya koneksi putus mulu coretax susah akses daftar nik duplikasi mulu,"['guna', 'livechat', 'diweb', 'aplikasi', 'pajang', 'doang', 'akses', 'susah', 'live', 'chatnya', 'koneksi', 'putus', 'mulu', 'coretax', 'susah', 'akses', 'daftar', 'nik', 'duplikasi', 'mulu']"
Pengguna Google,1,2025-12-10 22:48:52,jelek 👎🤟,0,unknown,2,8,2025-12,False,Negatif,2025,0,jelek,['jelek']
Pengguna Google,1,2026-03-03 06:55:07,Tiba-tiba ga bisa dbuka padahal sudah di update,0,2.0.5,8,47,2026-03,False,Negatif,2026,0,tidak dbuka update,"['tidak', 'dbuka', 'update']"
Bayu Suhardi,1,2024-03-31 19:00:29,"Aplikasi sekelas direktorat kok gini? Lupa sandi ga bisa di pilih, mau daftar ga bisa di pilih, belum menerima email aktivasi ga bisa dipilih, belum punya npwp jg ga bisa dipilih...",2,1.4.0,31,181,2024-03,False,Negatif,2024,0,aplikasi kelas direktorat lupa sandi tidak pilih daftar tidak pilih belum terima email aktivasi tidak pilih belum npwp tidak pilih,"['aplikasi', 'kelas', 'direktorat', 'lupa', 'sandi', 'tidak', 'pilih', 'daftar', 'tidak', 'pilih', 'belum', 'terima', 'email', 'aktivasi', 'tidak', 'pilih', 'belum', 'npwp', 'tidak', 'pilih']"
Pengguna Google,4,2024-02-22 07:55:48,Saya mau vertifikasi efin sulit bener dan chatnya jg jaringan putus Lapnya padahal sinyal bagus... saran saja lebih dicermati utk online supaya lebih mudah lagi... 🙏,4,1.3.0,26,165,2024-02,False,Positif,2024,2,vertifikasi efin sulit bener chatnya jaring putus lap sinyal bagus saran cermat online mudah,"['vertifikasi', 'efin', 'sulit', 'bener', 'chatnya', 'jaring', 'putus', 'lap', 'sinyal', 'bagus', 'saran', 'cermat', 'online', 'mudah']"
Pengguna Google,1,2024-02-03 18:59:59,Aplikasi ga jelas,0,1.3.0,3,17,2024-02,True,Negatif,2024,0,aplikasi tidak,"['aplikasi', 'tidak']"
irfan,1,2025-03-06 09:01:48,useless app,0,2.0.3,2,11,2025-03,False,Negatif,2025,0,useless aplikasi,"['useless', 'aplikasi']"
Pengguna Google,4,2025-03-08 19:28:03,Okrh,0,1.4.0,1,4,2025-03,False,Positif,2025,2,okrh,['okrh']
Pengguna Google,5,2024-12-21 18:17:00,Sangat bagus,0,2.0.0,2,12,2024-12,True,Positif,2024,2,bagus,['bagus']
Pengguna Google,1,2024-11-15 05:37:40,kenapa di download saja ngk bisa?,0,unknown,6,33,2024-11,False,Negatif,2024,0,download ngk,"['download', 'ngk']"
Pengguna Google,4,2024-09-05 16:57:36,Bagus,0,1.2.3,1,5,2024-09,True,Positif,2024,2,bagus,['bagus']
Pengguna Google,1,2025-02-20 10:37:23,"Jelek aplikasinya, tiap mau masukin otp atau verifikasi data by email selalu balik lagi ke menu awal",8,2.0.3,17,100,2025-02,False,Negatif,2025,0,jelek aplikasi masukin otp verifikasi data by email menu,"['jelek', 'aplikasi', 'masukin', 'otp', 'verifikasi', 'data', 'by', 'email', 'menu']"
Pengguna Google,1,2025-02-03 08:20:54,"Update 2 januari tetap bermasalah di pengisian EFIN,mohon segera di tindak lanjuti dn jngan hnya diam saja. Segera layani masyarakat mu jika ada keluhan,jangan cuma dilihat saja keluhannya. KELUHAN SAMA,TANPA ADA PERBAIKAN.",0,2.0.3,32,223,2025-02,False,Negatif,2025,0,update januari masalah isi efin mohon tindak lanjut dn jngan hnya diam layan masyarakat mu keluh jangan keluh keluh tanpa baik,"['update', 'januari', 'masalah', 'isi', 'efin', 'mohon', 'tindak', 'lanjut', 'dn', 'jngan', 'hnya', 'diam', 'layan', 'masyarakat', 'mu', 'keluh', 'jangan', 'keluh', 'keluh', 'tanpa', 'baik']"
Pengguna Google,5,2025-04-30 15:41:13,good pelayanan,0,2.0.4,2,14,2025-04,False,Positif,2025,2,good layan,"['good', 'layan']"
Pengguna Google,5,2026-04-24 15:58:50,bguss,0,3.0.9,1,5,2026-04,False,Positif,2026,2,bguss,['bguss']
Pengguna Google,1,2025-03-06 10:51:47,aplikasi yg mempersulit orang dimana uang kita di potong tapi kita yg harus melaporkan uang yg dipotong pegawai pajak nya pada ngapain,0,2.0.3,22,134,2025-03,False,Negatif,2025,0,aplikasi sulit orang mana uang potong lapor uang potong pegawai pajak nya ngapain,"['aplikasi', 'sulit', 'orang', 'mana', 'uang', 'potong', 'lapor', 'uang', 'potong', 'pegawai', 'pajak', 'nya', 'ngapain']"
Pengguna Google,1,2025-02-26 11:57:54,Aplikasi sangat lemot .. Klo berhubungan dengan aplikasi instansi pemerintah pasti mslahnya lemot dan jga kebanyakan eror ..,0,unknown,18,124,2025-02,False,Negatif,2025,0,aplikasi lot klo hubung aplikasi instansi perintah mslahnya lot banyak eror,"['aplikasi', 'lot', 'klo', 'hubung', 'aplikasi', 'instansi', 'perintah', 'mslahnya', 'lot', 'banyak', 'eror']"
Pengguna Google,5,2025-10-21 16:45:23,mantap,0,2.0.6,1,6,2025-10,True,Positif,2025,2,mantap,['mantap']
Pengguna Google,1,2024-02-21 15:02:15,"Aktifasi efin sudah saya kirim, kenapa lama betul balasan emailnya.. Selambat itu kah kerjanya, saya butuh efin saya untuk login, buat laporan pajak tahunan, hapus aja system begini, nyusain",10,1.3.0,29,190,2024-02,False,Negatif,2024,0,aktifasi efin kirim balas email lambat kah kerja butuh efin login lapor pajak tahun hapus system nyusain,"['aktifasi', 'efin', 'kirim', 'balas', 'email', 'lambat', 'kah', 'kerja', 'butuh', 'efin', 'login', 'lapor', 'pajak', 'tahun', 'hapus', 'system', 'nyusain']"
Pengguna Google,2,2025-03-12 06:05:50,Jelek egk bisa masuk terus. Menghabiskan anggaran negara saya buat apk ini,0,2.0.3,12,74,2025-03,False,Negatif,2025,0,jelek egk masuk habis anggar negara aplikasi,"['jelek', 'egk', 'masuk', 'habis', 'anggar', 'negara', 'aplikasi']"
Pengguna Google,4,2025-05-10 12:52:04,bagus,0,unknown,1,5,2025-05,True,Positif,2025,2,bagus,['bagus']
A Dreamer,5,2025-05-07 12:36:55,Integrity is number one.,0,unknown,4,24,2025-05,False,Positif,2025,2,integrity is number one,"['integrity', 'is', 'number', 'one']"
Pengguna Google,1,2026-03-26 04:40:24,"percuma pake oline juga masih nyusahin,.buat verivikasi akun aja susah gagal terus gaya mau online tpi tetep nyusahin pengguna...",1,3.0.6,19,129,2026-03,False,Negatif,2026,0,pakai oline nyusahin verivikasi akun susah gagal gaya online tetep nyusahin guna,"['pakai', 'oline', 'nyusahin', 'verivikasi', 'akun', 'susah', 'gagal', 'gaya', 'online', 'tetep', 'nyusahin', 'guna']"
Pengguna Google,1,2024-03-28 08:36:03,Link aktivasinya tidak bisa diterima. Sudah coba berkali-kali tetap tidak ada link yang masuk ke email terdaftar.,1,1.4.0,17,113,2024-03,False,Negatif,2024,0,link aktivasinya tidak terima coba kali kali tidak link masuk email daftar,"['link', 'aktivasinya', 'tidak', 'terima', 'coba', 'kali', 'kali', 'tidak', 'link', 'masuk', 'email', 'daftar']"
Pengguna Google,1,2025-03-21 05:34:26,gak bisa dibuka di android,0,2.0.3,5,26,2025-03,False,Negatif,2025,0,tidak buka android,"['tidak', 'buka', 'android']"
Pengguna Google,1,2024-06-30 20:58:54,"Sudah daftar dari tahun 2016, sampai hari ini masih kesulitan akses situs pajak, selalu salah pasword!",0,1.4.0,16,102,2024-06,False,Negatif,2024,0,daftar sulit akses situs pajak salah pasword,"['daftar', 'sulit', 'akses', 'situs', 'pajak', 'salah', 'pasword']"
Pengguna Google,5,2024-08-30 21:05:20,Sangat Membantu,0,unknown,2,15,2024-08,True,Positif,2024,2,bantu,['bantu']
Mei Rizal,5,2024-03-16 22:27:04,"terima kasih, saya berhasil mendapatkan Efin saya kembali dengan mudah dan cepat...",0,1.4.0,12,83,2024-03,False,Positif,2024,2,terima kasih hasil efin mudah cepat,"['terima', 'kasih', 'hasil', 'efin', 'mudah', 'cepat']"
Pengguna Google,1,2025-03-24 16:11:40,APK SAMPAH,0,2.0.3,2,10,2025-03,False,Negatif,2025,0,aplikasi sampah,"['aplikasi', 'sampah']"
Pengguna Google,5,2025-11-26 15:07:42,need to improve,0,1.1.0,3,15,2025-11,False,Positif,2025,2,need to improve,"['need', 'to', 'improve']"
Pengguna Google,5,2024-02-17 02:04:48,Manttttapppz,0,1.3.0,1,12,2024-02,False,Positif,2024,2,manttttapppz,['manttttapppz']
Pengguna Google,2,2025-05-07 11:12:44,"pelayanan online kurang memuaskan, aplikasi sering error dan tidak bisa digunakan.banyak kolom diisi sesuai data tp tidak bisa terdeteksi. mohon diperbaiki lg untuk pelayanan online.",1,unknown,25,182,2025-05,False,Negatif,2025,0,layan online muas aplikasi error tidak kolom isi sesuai data tidak deteksi mohon baik layan online,"['layan', 'online', 'muas', 'aplikasi', 'error', 'tidak', 'kolom', 'isi', 'sesuai', 'data', 'tidak', 'deteksi', 'mohon', 'baik', 'layan', 'online']"
Pengguna Google,1,2026-02-09 14:07:56,kurang jelas,0,unknown,2,12,2026-02,False,Negatif,2026,0,,[]
Pengguna Google,5,2025-02-23 22:13:41,"Jangan ragu download aplikasi M pajak,yg lagi cari EFIN ,,asal hp android anda ada kapasitas mantap..langsung keluar EFIN lewat email yg terdaftar",0,unknown,22,146,2025-02,False,Positif,2025,2,jangan ragu download aplikasi pajak cari efin handphone android kapasitas mantap langsung efin email daftar,"['jangan', 'ragu', 'download', 'aplikasi', 'pajak', 'cari', 'efin', 'handphone', 'android', 'kapasitas', 'mantap', 'langsung', 'efin', 'email', 'daftar']"
Elbas Ep,1,2025-02-19 07:36:18,"apps ini tidak berguna sih, endingnya tetep ke kantor pajak. ui nya sih oke, tp ux nya kureng. belum lagi login nya susah. hapus aja kali dari playstore.",0,2.0.3,28,153,2025-02,False,Negatif,2025,0,apps tidak guna endingnya tetep kantor pajak ui nya oke ux nya reng belum login nya susah hapus kali playstore,"['apps', 'tidak', 'guna', 'endingnya', 'tetep', 'kantor', 'pajak', 'ui', 'nya', 'oke', 'ux', 'nya', 'reng', 'belum', 'login', 'nya', 'susah', 'hapus', 'kali', 'playstore']"
MUHAMMAD UBAIDILAH,1,2026-01-16 06:03:25,"Tidak bisa login, ribet",0,2.0.6,4,23,2026-01,False,Negatif,2026,0,tidak login ribet,"['tidak', 'login', 'ribet']"
Pengguna Google,5,2024-06-11 11:54:45,Saya Download Hanya Ingin Masuk Konten Tretan Muslim Aja😁hehe,3,1.4.0,9,61,2024-06,False,Positif,2024,2,download masuk konten tretan muslim hehe,"['download', 'masuk', 'konten', 'tretan', 'muslim', 'hehe']"
Pengguna Google,1,2024-01-08 07:07:29,Gak jelas aplikasi nya gak bisa di pakai sama sekali,0,1.2.4,10,52,2024-01,False,Negatif,2024,0,tidak aplikasi nya tidak pakai,"['tidak', 'aplikasi', 'nya', 'tidak', 'pakai']"
Pengguna Google,5,2024-12-07 23:42:26,Okeee,0,unknown,1,5,2024-12,False,Positif,2024,2,okeee,['okeee']
Pengguna Google,5,2025-03-26 08:09:04,ok,0,2.0.3,1,2,2025-03,True,Positif,2025,2,ok,['ok']
Pengguna Google,1,2024-11-23 11:12:38,Aplikasi norak. Hire orang IT untuk apa ? Buang2 anggaran ? Makanya jangan kebanyakan ordal. Udah tahun teknologi berkembang pesat masih maksa pake cara purba. Anggaran tuh dipake bener2. Jangan buat liburan doang. Tolol,2,1.4.0,34,220,2024-11,False,Negatif,2024,0,aplikasi norak hire orang it buang anggar jangan banyak ordal teknologi kembang pesat maksa pakai purba anggar tuh dipake bener jangan libur tolol,"['aplikasi', 'norak', 'hire', 'orang', 'it', 'buang', 'anggar', 'jangan', 'banyak', 'ordal', 'teknologi', 'kembang', 'pesat', 'maksa', 'pakai', 'purba', 'anggar', 'tuh', 'dipake', 'bener', 'jangan', 'libur', 'tolol']"
Pengguna Google,1,2024-06-20 11:00:34,Anehhhh.. baru instal kok udah disuruh update.. ini developernya gimna😤 bikin emosi tog.,0,unknown,13,88,2024-06,False,Negatif,2024,0,anehhhh instal suruh update developer gimna bikin emosi tog,"['anehhhh', 'instal', 'suruh', 'update', 'developer', 'gimna', 'bikin', 'emosi', 'tog']"
Pengguna Google,5,2025-03-19 13:02:12,Biarkan bintang yg berbicara,0,2.0.2,4,28,2025-03,False,Positif,2025,2,biar bintang bicara,"['biar', 'bintang', 'bicara']"
Pengguna Google,1,2024-06-21 13:22:07,Aplikasi tidak berguna tidk bisa di pakai masih saja di jual,0,1.4.0,11,60,2024-06,False,Negatif,2024,0,aplikasi tidak guna tidk pakai jual,"['aplikasi', 'tidak', 'guna', 'tidk', 'pakai', 'jual']"
Pengguna Google,5,2026-01-10 13:35:52,nice,0,2.0.4,1,4,2026-01,True,Positif,2026,2,nice,['nice']
Pengguna Google,5,2024-02-29 08:43:11,Aplikasinya Bagus banget keren 👍👍👍,0,1.2.5,5,34,2024-02,False,Positif,2024,2,aplikasi bagus keren,"['aplikasi', 'bagus', 'keren']"
Pengguna Google,4,2024-03-25 09:58:15,Sangat mendukung,0,1.4.0,2,16,2024-03,False,Positif,2024,2,dukung,['dukung']
Pengguna Google,5,2026-04-16 15:37:20,kadang msh susah utk buka aplikasinya tp cukup membantu buat lapor pajak tahunan,0,3.0.6,13,80,2026-04,False,Positif,2026,2,kadang susah buka aplikasi bantu lapor pajak tahun,"['kadang', 'susah', 'buka', 'aplikasi', 'bantu', 'lapor', 'pajak', 'tahun']"
Pengguna Google,4,2024-02-24 00:19:58,Sudah bagus hanya saya mau cek nmr NPWP saya,0,1.3.0,9,44,2024-02,False,Positif,2024,2,bagus cek nomor npwp,"['bagus', 'cek', 'nomor', 'npwp']"
Pengguna Google,1,2026-01-14 04:05:03,otp ga pernah di kirim woi,0,2.0.6,6,26,2026-01,False,Negatif,2026,0,otp tidak kirim,"['otp', 'tidak', 'kirim']"
Pengguna Google,5,2025-10-14 09:25:49,sangat bagus,0,2.0.4,2,12,2025-10,True,Positif,2025,2,bagus,['bagus']
Pengguna Google,5,2024-04-24 13:08:48,Mantap,0,1.4.0,1,6,2024-04,True,Positif,2024,2,mantap,['mantap']
Pengguna Google,5,2025-01-11 15:19:34,Ok,0,2.0.2,1,2,2025-01,True,Positif,2025,2,ok,['ok']
Pengguna Google,1,2024-03-27 13:37:31,"Live pajak ga bisa, 1500200 ga bisa. Apa coba yang bisa membantu?",0,1.4.0,12,65,2024-03,False,Negatif,2024,0,live pajak tidak tidak coba bantu,"['live', 'pajak', 'tidak', 'tidak', 'coba', 'bantu']"
Pengguna Google,1,2024-06-30 14:36:41,"Pemerintah bikin aplikasi gak pernah bener problem truss ini yang goblokk yang mana, sedangkan rakyat mau nguruss aja di persusah sama sistemnya sering eror, duitnya di korup mulu # negara lucu",0,1.4.0,31,193,2024-06,False,Negatif,2024,0,perintah bikin aplikasi tidak bener problem truss goblokk rakyat nguruss susah sistem eror duit korup mulu negara lucu,"['perintah', 'bikin', 'aplikasi', 'tidak', 'bener', 'problem', 'truss', 'goblokk', 'rakyat', 'nguruss', 'susah', 'sistem', 'eror', 'duit', 'korup', 'mulu', 'negara', 'lucu']"
Pengguna Google,5,2024-01-20 07:48:15,Oke,0,1.2.5,1,3,2024-01,True,Positif,2024,2,oke,['oke']
Pengguna Google,4,2025-01-21 19:57:53,Aneh... tampilan kartu npwp di web dan aplikasi beda. Diweb nmr krtu 15 dan 16 digit. Diaplikasi hanya 15 digit,0,unknown,20,111,2025-01,False,Positif,2025,2,aneh tampil kartu npwp web aplikasi beda diweb nomor krtu digit aplikasi digit,"['aneh', 'tampil', 'kartu', 'npwp', 'web', 'aplikasi', 'beda', 'diweb', 'nomor', 'krtu', 'digit', 'aplikasi', 'digit']"
Pengguna Google,1,2026-03-29 05:59:11,kalo dialihkan ke coretax mending hapus aja dari play store 👎👎👎,0,unknown,11,63,2026-03,False,Negatif,2026,0,kalo alih coretax mending hapus play store,"['kalo', 'alih', 'coretax', 'mending', 'hapus', 'play', 'store']"
Pengguna Google,5,2025-04-24 20:29:30,Agar dpt mengetahui lokasi perpajakan.,0,unknown,5,38,2025-04,False,Positif,2025,2,lokasi paja,"['lokasi', 'paja']"
Pengguna Google,5,2025-12-01 10:53:27,Aplikasi sudah bisa dibuka,0,unknown,4,26,2025-12,False,Positif,2025,2,aplikasi buka,"['aplikasi', 'buka']"
Pengguna Google,4,2024-10-28 18:45:06,Mudah,0,unknown,1,5,2024-10,False,Positif,2024,2,mudah,['mudah']
Pengguna Google,4,2025-02-10 13:07:37,Di tingkatkan lagi,0,1.4.0,3,18,2025-02,False,Positif,2025,2,tingkat,['tingkat']
Pengguna Google,1,2026-03-31 22:01:12,"buruk, ngambil duit rakyat cepet, aplikasi minus",0,3.0.6,7,48,2026-03,False,Negatif,2026,0,buruk ngambil duit rakyat cepet aplikasi minus,"['buruk', 'ngambil', 'duit', 'rakyat', 'cepet', 'aplikasi', 'minus']"
Pengguna Google,1,2025-11-24 00:01:39,"pengajuan efin disuruh pake nomor npwp 15 digit, udah tau sekarang pake 16 digit, boomer kocak ga bisa bikin aplikasi😹🤏🏻",0,2.0.6,20,120,2025-11,False,Negatif,2025,0,aju efin suruh pakai nomor npwp digit pakai digit boomer kocak tidak bikin aplikasi,"['aju', 'efin', 'suruh', 'pakai', 'nomor', 'npwp', 'digit', 'pakai', 'digit', 'boomer', 'kocak', 'tidak', 'bikin', 'aplikasi']"
Pengguna Google,5,2025-12-22 10:09:42,mantap 👍,0,unknown,2,8,2025-12,True,Positif,2025,2,mantap,['mantap']
Pengguna Google,1,2025-03-06 12:10:56,"Kirim kode verifikasi mau berapa lama ini, buang2 waktu",0,2.0.3,9,55,2025-03,False,Negatif,2025,0,kirim kode verifikasi buang,"['kirim', 'kode', 'verifikasi', 'buang']"
Pengguna Google,5,2025-04-11 11:13:43,memufmdahkan,0,2.0.3,1,12,2025-04,False,Positif,2025,2,memufmdahkan,['memufmdahkan']
Pengguna Google,1,2026-02-05 10:18:23,"masak saya harus ganti hp, gara updatetn terbaru",0,2.0.6,8,48,2026-02,False,Negatif,2026,0,masak ganti handphone gara updatetn baru,"['masak', 'ganti', 'handphone', 'gara', 'updatetn', 'baru']"
Pengguna Google,1,2026-03-05 10:15:59,apk cacad total. mau ubah pasword sja slalu keterangan akun tidak terdaftar. yg download apk ini pasti nyesel. uninstall.,1,3.0.6,19,121,2026-03,False,Negatif,2026,0,aplikasi cacad total ubah pasword sja terang akun tidak daftar download aplikasi nyesel uninstall,"['aplikasi', 'cacad', 'total', 'ubah', 'pasword', 'sja', 'terang', 'akun', 'tidak', 'daftar', 'download', 'aplikasi', 'nyesel', 'uninstall']"
Pengguna Google,1,2026-01-05 13:39:53,keluar mulu masuk login gagal terus,0,unknown,6,35,2026-01,False,Negatif,2026,0,mulu masuk login gagal,"['mulu', 'masuk', 'login', 'gagal']"
Pengguna Google,5,2024-03-18 04:51:54,Pelayanan terbaik,0,1.4.0,2,17,2024-03,False,Positif,2024,2,layan baik,"['layan', 'baik']"
Pengguna Google,1,2025-03-25 10:35:18,"udah ngemis ke masyarakat, masih aja di ribetin, pajak pajak capek tinggal di Indonesia.",0,2.0.3,14,88,2025-03,False,Negatif,2025,0,ngemis masyarakat ribetin pajak pajak capek tinggal indonesia,"['ngemis', 'masyarakat', 'ribetin', 'pajak', 'pajak', 'capek', 'tinggal', 'indonesia']"
Pengguna Google,5,2024-11-29 15:10:13,semogga bisa membantu,0,1.4.0,3,21,2024-11,False,Positif,2024,2,semogga bantu,"['semogga', 'bantu']"
Pengguna Google,1,2025-10-20 05:50:14,"niat bikin aplikasi kagak sih? kalo males bikin aplikasi mending di hapus dari play store aja, buat apa aplikasi kek gini di buat kalo gak ada gunanya mau login aja gak bisa katanya ussername atau pasword salah padahal itu bener kocak, aplikasi sampah",16,2.0.6,43,251,2025-10,False,Negatif,2025,0,niat bikin aplikasi tidak kalo males bikin aplikasi mending hapus play store aplikasi kek kalo tidak guna login tidak ussername pasword salah bener kocak aplikasi sampah,"['niat', 'bikin', 'aplikasi', 'tidak', 'kalo', 'males', 'bikin', 'aplikasi', 'mending', 'hapus', 'play', 'store', 'aplikasi', 'kek', 'kalo', 'tidak', 'guna', 'login', 'tidak', 'ussername', 'pasword', 'salah', 'bener', 'kocak', 'aplikasi', 'sampah']"
Pengguna Google,5,2024-02-04 16:46:54,Mantap,0,1.2.5,1,6,2024-02,True,Positif,2024,2,mantap,['mantap']
Pengguna Google,4,2024-07-27 08:37:25,Cukup membantu,0,unknown,2,14,2024-07,False,Positif,2024,2,bantu,['bantu']
Pengguna Google,1,2025-12-22 20:23:20,makin kesini makin aneh ini aplikasi,0,unknown,6,36,2025-12,False,Negatif,2025,0,kesini aneh aplikasi,"['kesini', 'aneh', 'aplikasi']"
Pengguna Google,5,2025-03-10 07:41:09,"Terima kasih, akhirnya pengajuan lupa EFIN saya terselesaikan tidak sampai 5 menit",0,unknown,12,82,2025-03,False,Positif,2025,2,terima kasih aju lupa efin selesai tidak menit,"['terima', 'kasih', 'aju', 'lupa', 'efin', 'selesai', 'tidak', 'menit']"
Pengguna Google,4,2025-05-08 15:59:51,sekarang kok bikin NPWP susah bnr. orang belum pernah bikin keterangan NIK di duplikasi. giliran nik udah oke yg masalah KK tidak valid. karepe piye mboh..,0,2.0.4,26,155,2025-05,False,Positif,2025,2,bikin npwp susah orang belum bikin terang nik duplikasi gilir nik oke kk tidak valid karepe piye mboh,"['bikin', 'npwp', 'susah', 'orang', 'belum', 'bikin', 'terang', 'nik', 'duplikasi', 'gilir', 'nik', 'oke', 'kk', 'tidak', 'valid', 'karepe', 'piye', 'mboh']"
Pengguna Google,5,2025-12-13 06:54:48,baik,0,unknown,1,4,2025-12,True,Positif,2025,2,,[]
Pengguna Google,1,2026-03-29 07:45:48,busuk apk nya susah di akses error terus mau aktivasi aja susah,0,3.0.6,12,63,2026-03,False,Negatif,2026,0,busuk aplikasi nya susah akses error aktivasi susah,"['busuk', 'aplikasi', 'nya', 'susah', 'akses', 'error', 'aktivasi', 'susah']"
Pengguna Google,1,2024-03-25 09:52:05,Sulit masuk ya eror,0,1.4.0,4,19,2024-03,False,Negatif,2024,0,sulit masuk eror,"['sulit', 'masuk', 'eror']"
Pengguna Google,5,2025-01-03 12:10:57,DJP memang yang terbaik,0,unknown,4,23,2025-01,False,Positif,2025,2,djp baik,"['djp', 'baik']"
Pengguna Google,5,2024-03-18 09:33:29,"Praktis dan banyak menu menarik. Bisa melihat kantor pajak terdekat sesuai lokasi kita saat ini, bisa akses kalkulator pajak, lupa EFIN, buat kode billing, update aturan terbaru, dan sebagainya. Yuks, unduh aplikasinya untuk layanan pajak yang makin praktis.",31,1.4.0,38,258,2024-03,False,Positif,2024,2,praktis menu tarik kantor pajak dekat sesuai lokasi akses kalkulator pajak lupa efin kode billing update atur baru yuks unduh aplikasi layan pajak praktis,"['praktis', 'menu', 'tarik', 'kantor', 'pajak', 'dekat', 'sesuai', 'lokasi', 'akses', 'kalkulator', 'pajak', 'lupa', 'efin', 'kode', 'billing', 'update', 'atur', 'baru', 'yuks', 'unduh', 'aplikasi', 'layan', 'pajak', 'praktis']"
Pengguna Google,1,2025-12-01 13:45:33,aplikasi ga guna jika harus datang ke kantor pajak ngapain bikin aplikasi kaya gini ga guna,0,unknown,16,91,2025-12,False,Negatif,2025,0,aplikasi tidak kantor pajak ngapain bikin aplikasi kaya tidak,"['aplikasi', 'tidak', 'kantor', 'pajak', 'ngapain', 'bikin', 'aplikasi', 'kaya', 'tidak']"
Pengguna Google,1,2026-02-25 12:25:09,buruk tidak bisa login semoga bisa diperbaiki,0,unknown,7,45,2026-02,False,Negatif,2026,0,buruk tidak login moga baik,"['buruk', 'tidak', 'login', 'moga', 'baik']"
Pengguna Google,5,2024-03-05 11:59:30,aplikasi ini membantu jadi kita tidak perlu ngantri berjam jam dikantor pajak,0,unknown,12,77,2024-03,False,Positif,2024,2,aplikasi bantu tidak ngantri jam jam kantor pajak,"['aplikasi', 'bantu', 'tidak', 'ngantri', 'jam', 'jam', 'kantor', 'pajak']"
Pengguna Google,1,2024-03-31 13:11:08,kentut,0,1.4.0,1,6,2024-03,False,Negatif,2024,0,kentut,['kentut']
Wong Jowo,2,2024-01-05 11:15:47,Kalo ga bisa maintain aplikasi yaudah manual aja ga usah aneh2,0,unknown,11,62,2024-01,False,Negatif,2024,0,kalo tidak maintain aplikasi yaudah manual tidak aneh,"['kalo', 'tidak', 'maintain', 'aplikasi', 'yaudah', 'manual', 'tidak', 'aneh']"
Pengguna Google,5,2025-03-14 09:24:56,Jos mantab,0,unknown,2,10,2025-03,False,Positif,2025,2,jos mantab,"['jos', 'mantab']"
Pengguna Google,5,2024-12-01 02:22:24,H google,0,1.4.0,2,8,2024-12,False,Positif,2024,2,google,['google']
Pengguna Google,1,2025-01-20 14:56:09,Apakah ini real,0,unknown,3,15,2025-01,False,Negatif,2025,0,real,['real']
Pengguna Google,5,2026-03-04 15:15:57,ok cuma login nya agak bingung walau udah benar masukkan email-nya,0,3.0.6,11,66,2026-03,False,Positif,2026,2,ok login nya bingung masuk email nya,"['ok', 'login', 'nya', 'bingung', 'masuk', 'email', 'nya']"
Pengguna Google,4,2025-09-24 12:23:09,sangat memuaskan aplikasinya,0,2.0.6,3,28,2025-09,False,Positif,2025,2,muas aplikasi,"['muas', 'aplikasi']"
Pengguna Google,4,2025-05-27 16:09:54,bagus,0,2.0.4,1,5,2025-05,True,Positif,2025,2,bagus,['bagus']
Pengguna Google,5,2024-03-08 09:21:23,Mantep.....lgsg dpt efin,0,1.4.0,3,24,2024-03,False,Positif,2024,2,mantep lgsg efin,"['mantep', 'lgsg', 'efin']"
Pengguna Google,1,2024-01-25 11:08:54,Gak bisa di pakek padahal saya lupa efin dan gagal terus.,0,1.2.5,11,57,2024-01,False,Negatif,2024,0,tidak pakek lupa efin gagal,"['tidak', 'pakek', 'lupa', 'efin', 'gagal']"
Pengguna Google,1,2026-04-05 21:29:43,"mau daftar aja di persulit banget, dateng ke kantor pajak disuruh pulang buat dulu di online giliran buat online malah di persulit padahal mau bayar ke negara susah amat dah aneh",1,3.0.6,31,178,2026-04,False,Negatif,2026,0,daftar sulit dateng kantor pajak suruh pulang online gilir online sulit bayar negara susah dah aneh,"['daftar', 'sulit', 'dateng', 'kantor', 'pajak', 'suruh', 'pulang', 'online', 'gilir', 'online', 'sulit', 'bayar', 'negara', 'susah', 'dah', 'aneh']"
Pengguna Google,5,2025-12-10 11:04:18,belum ada pengalaman mengisi Aplikasi ini dengan hp,0,2.0.3,8,51,2025-12,False,Positif,2025,2,belum alam isi aplikasi handphone,"['belum', 'alam', 'isi', 'aplikasi', 'handphone']"
Pengguna Google,5,2024-07-25 23:55:28,👍👍👍👍👍👍👍👍👍👍👍👍,0,1.4.0,1,12,2024-07,False,Positif,2024,2,,[]
Pengguna Google,1,2024-06-15 15:28:27,Sampah,0,1.4.0,1,6,2024-06,True,Negatif,2024,0,sampah,['sampah']
Pengguna Google,5,2024-04-02 15:21:13,Bagus,0,unknown,1,5,2024-04,True,Positif,2024,2,bagus,['bagus']
Pengguna Google,1,2025-03-08 21:06:38,"Sudah tahun 2025.kirain sudah bagus,masih aja error.bisa gak sih bikin aplikasi?banyak duit cari yg ahli.suruh bikin laporan SPT,ribetnya minta apun",0,2.0.3,20,148,2025-03,False,Negatif,2025,0,kirain bagus error tidak bikin aplikasi duit cari ahli suruh bikin lapor spt ribetnya apun,"['kirain', 'bagus', 'error', 'tidak', 'bikin', 'aplikasi', 'duit', 'cari', 'ahli', 'suruh', 'bikin', 'lapor', 'spt', 'ribetnya', 'apun']"
Pengguna Google,5,2025-01-29 20:19:14,Membantu lapor pajak,0,2.0.3,3,20,2025-01,False,Positif,2025,2,bantu lapor pajak,"['bantu', 'lapor', 'pajak']"
Pengguna Google,5,2025-01-11 21:34:06,Good apk,0,unknown,2,8,2025-01,True,Positif,2025,2,good aplikasi,"['good', 'aplikasi']"
Pengguna Google,1,2024-12-18 10:28:36,"Apk jelek,web juga jelek",0,2.0.0,4,24,2024-12,False,Negatif,2024,0,aplikasi jelek web jelek,"['aplikasi', 'jelek', 'web', 'jelek']"
Pengguna Google,5,2024-09-17 20:36:14,Baik baik saja,0,unknown,3,14,2024-09,False,Positif,2024,2,,[]
Pengguna Google,5,2024-04-01 21:06:27,sangat bermanfaat,0,1.3.0,2,17,2024-04,True,Positif,2024,2,manfaat,['manfaat']
Pengguna Google,1,2024-12-04 18:38:18,Tiba2 ada org tlfn blg nya dri djp kebetulan NPWP ku emang blum di update jadi 16 dijit masih yg 15. Tpi anehnya dia hubungi via wa minta berbagi layar dan minta instal aplikasi ini trus minta izinkan akses ke hp ku. Agak aneh dia juga minta pembayaran matre sbesar 10 rb. Tpi ak nolak krn ngerasa dia bisa akses hp ku otomatis klo ak tf dia tau akun dan pin2 ku ahirnya ak putus smbungan tlfn dan org nya tiba2 ngilang. Hati2 guys... atau disini jg ada yg mengalami ?,0,1.4.0,91,468,2024-12,False,Negatif,2024,0,orang tlfn blg nya djp npwp ku emang belum update dijit aneh hubung via wa bagi layar instal aplikasi izin akses handphone ku aneh bayar matre sbesar rb ak nolak ngerasa akses handphone ku otomatis klo ak tf akun pin ku ahirnya ak putus smbungan tlfn orang nya ngilang hati guys alami,"['orang', 'tlfn', 'blg', 'nya', 'djp', 'npwp', 'ku', 'emang', 'belum', 'update', 'dijit', 'aneh', 'hubung', 'via', 'wa', 'bagi', 'layar', 'instal', 'aplikasi', 'izin', 'akses', 'handphone', 'ku', 'aneh', 'bayar', 'matre', 'sbesar', 'rb', 'ak', 'nolak', 'ngerasa', 'akses', 'handphone', 'ku', 'otomatis', 'klo', 'ak', 'tf', 'akun', 'pin', 'ku', 'ahirnya', 'ak', 'putus', 'smbungan', 'tlfn', 'orang', 'nya', 'ngilang', 'hati', 'guys', 'alami']"
Pengguna Google,1,2024-12-30 12:01:38,Bad,0,unknown,1,3,2024-12,True,Negatif,2024,0,bad,['bad']
Pengguna Google,1,2024-01-25 11:11:34,Mohon diperbaiki. Aplikasi kok verifikasinya gagal mulu,0,1.2.5,7,55,2024-01,False,Negatif,2024,0,mohon baik aplikasi verifikasi gagal mulu,"['mohon', 'baik', 'aplikasi', 'verifikasi', 'gagal', 'mulu']"
Pengguna Google,5,2025-03-21 17:35:41,Cek NPWP,0,1.4.0,2,8,2025-03,False,Positif,2025,2,cek npwp,"['cek', 'npwp']"
Pengguna Google,1,2025-05-27 20:38:31,"Daftarnya Sulit, padahal sudah mengisi Data dengan Benar",0,2.0.4,8,56,2025-05,False,Negatif,2025,0,daftar sulit isi data,"['daftar', 'sulit', 'isi', 'data']"
Pengguna Google,5,2024-12-24 14:29:57,sangat membantu,0,unknown,2,15,2024-12,True,Positif,2024,2,bantu,['bantu']
Pengguna Google,5,2024-08-27 19:37:28,Bagus,0,1.4.0,1,5,2024-08,True,Positif,2024,2,bagus,['bagus']
Pengguna Google,5,2024-11-20 07:00:01,Ok,0,unknown,1,2,2024-11,True,Positif,2024,2,ok,['ok']
Pengguna Google,5,2025-10-04 21:55:36,mantap,0,unknown,1,6,2025-10,True,Positif,2025,2,mantap,['mantap']
Pengguna Google,5,2026-02-08 09:34:16,saya tidak bekerja pak. jngan tagih pajak saya dong,0,3.0.3,9,51,2026-02,False,Positif,2026,2,tidak jngan tagih pajak,"['tidak', 'jngan', 'tagih', 'pajak']"
Pengguna Google,1,2026-02-22 01:21:45,belajar lagi bikin aplikasi,0,3.0.6,4,27,2026-02,False,Negatif,2026,0,ajar bikin aplikasi,"['ajar', 'bikin', 'aplikasi']"
Pengguna Google,1,2025-09-04 09:32:49,apk taiiik eror terus,0,unknown,4,21,2025-09,False,Negatif,2025,0,aplikasi taiiik eror,"['aplikasi', 'taiiik', 'eror']"
Pengguna Google,1,2025-12-31 09:50:35,"hampir semua orang yang download aplikasi ini kasih rate 1* aja. penasaran dan saya install sendiri dan benar saja masuk ke akun DJP saya (sebelum migrasi ke coretax) selalu salah passward atau user name. dan tidak ada fasilitas bantuan yang menjelaskan. hanya tertulis code eror....emang kita wajib pajak harus serumit ini buat setor pajak.... kalian para pejabat ga ada otak mempersulit kami yang mau taat pajak. itu buat apa pegawai kalian yang banyak, mending dateng ke rumah kami aja",0,unknown,79,488,2025-12,False,Negatif,2025,0,orang download aplikasi kasih rate penasaran install masuk akun djp migrasi coretax salah passward user name tidak fasilitas bantu tulis code eror emang wajib pajak rumit setor pajak jabat tidak otak sulit taat pajak pegawai mending dateng rumah,"['orang', 'download', 'aplikasi', 'kasih', 'rate', 'penasaran', 'install', 'masuk', 'akun', 'djp', 'migrasi', 'coretax', 'salah', 'passward', 'user', 'name', 'tidak', 'fasilitas', 'bantu', 'tulis', 'code', 'eror', 'emang', 'wajib', 'pajak', 'rumit', 'setor', 'pajak', 'jabat', 'tidak', 'otak', 'sulit', 'taat', 'pajak', 'pegawai', 'mending', 'dateng', 'rumah']"
Pengguna Google,4,2025-11-12 13:37:17,"bintang 4 dulu,nanti klo udah bisa baru bintang 5",0,2.0.6,9,49,2025-11,False,Positif,2025,2,bintang klo bintang,"['bintang', 'klo', 'bintang']"
Pengguna Google,1,2025-03-04 09:30:11,Lama banget kirim OTP nya,0,2.0.3,5,25,2025-03,False,Negatif,2025,0,kirim otp nya,"['kirim', 'otp', 'nya']"
Pengguna Google,4,2025-02-11 17:27:25,Bagus,0,1.4.0,1,5,2025-02,True,Positif,2025,2,bagus,['bagus']
Pengguna Google,1,2025-12-22 21:44:11,khusus penjabat saja,0,2.0.6,3,20,2025-12,False,Negatif,2025,0,khusus jabat,"['khusus', 'jabat']"
Pengguna Google,1,2024-03-08 20:52:11,"Installing update teruss ,, bintang 1 tydack ramah!!!",0,1.4.0,8,53,2024-03,False,Negatif,2024,0,installing update teruss bintang tydack ramah,"['installing', 'update', 'teruss', 'bintang', 'tydack', 'ramah']"
Pengguna Google,5,2024-12-11 06:06:56,Bagus banget memudahkan,0,unknown,3,23,2024-12,False,Positif,2024,2,bagus mudah,"['bagus', 'mudah']"
Pengguna Google,5,2025-01-14 12:27:47,Ok,1,unknown,1,2,2025-01,True,Positif,2025,2,ok,['ok']
Pengguna Google,5,2026-02-09 14:55:35,Bagus,0,3.0.3,1,5,2026-02,True,Positif,2026,2,bagus,['bagus']
Pengguna Google,5,2025-01-26 16:35:10,"Mantap, berfungsi dengan baik",0,2.0.3,4,29,2025-01,False,Positif,2025,2,mantap fungsi,"['mantap', 'fungsi']"
Pengguna Google,5,2025-03-07 12:40:45,Ya gitu,0,1.4.0,2,7,2025-03,False,Positif,2025,2,,[]
Pengguna Google,4,2024-05-30 17:17:58,Aplikasi bikin nga liyer keun daftar langkah ke 2 susah msukan kode otp blik lg blik lg malah plz habis daftar gak bisa bisa,1,1.4.0,24,124,2024-05,False,Positif,2024,2,aplikasi bikin nga liyer keun daftar langkah susah msukan kode otp blik blik plz habis daftar tidak,"['aplikasi', 'bikin', 'nga', 'liyer', 'keun', 'daftar', 'langkah', 'susah', 'msukan', 'kode', 'otp', 'blik', 'blik', 'plz', 'habis', 'daftar', 'tidak']"
Pengguna Google,5,2025-03-04 11:33:35,Mudah di akses,0,2.0.3,3,14,2025-03,False,Positif,2025,2,mudah akses,"['mudah', 'akses']"
Pengguna Google,1,2025-04-12 14:02:55,"aplikasi tidak berguna,, verifikasi aja lama apalagi verifikasi nomor televon",0,2.0.4,10,77,2025-04,False,Negatif,2025,0,aplikasi tidak guna verifikasi verifikasi nomor televon,"['aplikasi', 'tidak', 'guna', 'verifikasi', 'verifikasi', 'nomor', 'televon']"
Ns Priatna,1,2024-03-28 11:56:30,Begitu buka minta update eh malah error wae,0,1.4.0,8,43,2024-03,False,Negatif,2024,0,buka update eh error wae,"['buka', 'update', 'eh', 'error', 'wae']"
Pengguna Google,4,2024-01-09 11:18:09,Good,0,unknown,1,4,2024-01,True,Positif,2024,2,good,['good']
Pengguna Google,1,2024-03-29 09:10:48,"Aplikasi sampah, susah bener kagak bisa kirim ulang efin buat lapor spt",0,1.4.0,12,71,2024-03,False,Negatif,2024,0,aplikasi sampah susah bener tidak kirim ulang efin lapor spt,"['aplikasi', 'sampah', 'susah', 'bener', 'tidak', 'kirim', 'ulang', 'efin', 'lapor', 'spt']"
Pengguna Google,5,2026-02-06 10:47:49,sangat membantu,0,3.0.1,2,15,2026-02,True,Positif,2026,2,bantu,['bantu']
Pengguna Google,1,2024-03-23 11:41:48,"Kalau orang pengen pada tertib bayar pajak lebih di mudahkan lagi di pastikan lagi apk tidak ada kendala, lakukan survey ke masyarakat perbaharui, lupa efin kendala y aplikasi masih lambat padahal signal kencang, verifikasi tidak masuk masuk, menggunakan no telpon tidak bisa, semoga bisa lebih memudahkan kembali dan terus evaluasi",27,1.4.0,50,332,2024-03,False,Negatif,2024,0,orang ken tertib bayar pajak mudah pasti aplikasi tidak kendala laku survey masyarakat baharu lupa efin kendala aplikasi lambat signal kencang verifikasi tidak masuk masuk nomor telpon tidak moga mudah evaluasi,"['orang', 'ken', 'tertib', 'bayar', 'pajak', 'mudah', 'pasti', 'aplikasi', 'tidak', 'kendala', 'laku', 'survey', 'masyarakat', 'baharu', 'lupa', 'efin', 'kendala', 'aplikasi', 'lambat', 'signal', 'kencang', 'verifikasi', 'tidak', 'masuk', 'masuk', 'nomor', 'telpon', 'tidak', 'moga', 'mudah', 'evaluasi']"
Helen Li,2,2024-03-06 09:40:06,Setelah di update malah ga bs dibuka.,0,1.4.0,7,37,2024-03,False,Negatif,2024,0,update tidak buka,"['update', 'tidak', 'buka']"
Pengguna Google,5,2026-03-02 10:01:03,VeryVeryGood,0,3.0.6,1,12,2026-03,False,Positif,2026,2,veryverygood,['veryverygood']
Pengguna Google,5,2026-02-08 22:59:37,bagus,0,3.0.1,1,5,2026-02,True,Positif,2026,2,bagus,['bagus']
Pengguna Google,4,2024-05-22 22:13:29,Mantap,0,1.4.0,1,6,2024-05,True,Positif,2024,2,mantap,['mantap']
Pengguna Google,1,2025-03-19 09:13:43,"ga guna, ribet, aplikasi ga jelas",0,2.0.3,6,33,2025-03,False,Negatif,2025,0,tidak ribet aplikasi tidak,"['tidak', 'ribet', 'aplikasi', 'tidak']"
Pengguna Google,5,2024-02-22 23:27:04,Bagus,0,1.3.0,1,5,2024-02,True,Positif,2024,2,bagus,['bagus']
Pengguna Google,1,2025-04-12 10:37:30,membingungkan,0,2.0.4,1,13,2025-04,True,Negatif,2025,0,bingung,['bingung']
Pengguna Google,1,2024-03-23 07:19:03,Good,0,1.4.0,1,4,2024-03,True,Negatif,2024,0,good,['good']
Pengguna Google,5,2025-05-28 10:32:36,sangat membantu 🙏 lanjutkan....!!!,0,unknown,4,34,2025-05,False,Positif,2025,2,bantu lanjut,"['bantu', 'lanjut']"
Pengguna Google,5,2024-02-06 12:56:39,Terima kasih mudah dipahami,0,1.3.0,4,27,2024-02,False,Positif,2024,2,terima kasih mudah paham,"['terima', 'kasih', 'mudah', 'paham']"
Pengguna Google,5,2025-03-24 15:45:03,"apk sangat membantu,saya lupa efin langsung install apk terus gunakan apk alhamdulilah berhasil mendapatkan NO EFIN kembali.",0,2.0.3,17,124,2025-03,False,Positif,2025,2,aplikasi bantu lupa efin langsung install aplikasi aplikasi alhamdulilah hasil nomor efin,"['aplikasi', 'bantu', 'lupa', 'efin', 'langsung', 'install', 'aplikasi', 'aplikasi', 'alhamdulilah', 'hasil', 'nomor', 'efin']"
Pengguna Google,5,2025-08-17 19:40:11,dimudahkan,0,2.0.3,1,10,2025-08,False,Positif,2025,2,mudah,['mudah']
Pengguna Google,1,2024-03-21 21:26:19,Di buat susah pada saat pengiriman otp hanya buat pulsa habis saja,0,1.4.0,12,66,2024-03,False,Negatif,2024,0,susah kirim otp pulsa habis,"['susah', 'kirim', 'otp', 'pulsa', 'habis']"
Pengguna Google,5,2026-03-31 20:07:28,okee,0,2.0.4,1,4,2026-03,False,Positif,2026,2,okee,['okee']
Pengguna Google,1,2025-04-10 17:37:30,"Aplikasi yang sangat tidak membantu, malah mempersulit, pajak di naikkan buat aplikasi aja mentah",0,2.0.4,14,97,2025-04,False,Negatif,2025,0,aplikasi tidak bantu sulit pajak naik aplikasi mentah,"['aplikasi', 'tidak', 'bantu', 'sulit', 'pajak', 'naik', 'aplikasi', 'mentah']"
Pengguna Google,1,2025-02-16 07:42:10,"Masih banyak bug Saya lupa efin selesai semua ,tingal pilihan otp atau email ,malah gak ada tombol buat kirim dll",0,2.0.3,20,113,2025-02,False,Negatif,2025,0,bug lupa efin selesai tingal pilih otp email tidak tombol kirim dll,"['bug', 'lupa', 'efin', 'selesai', 'tingal', 'pilih', 'otp', 'email', 'tidak', 'tombol', 'kirim', 'dll']"
Pengguna Google,2,2026-03-03 07:39:57,"mau login susah,, harus rubah data nomor telepon padahal dah 2 kali perbarui data langsung sama orang pajak kenapa dibikin susah rakyat Indonesia yg pengen taat pajak pak menteri apa kepala pajak coba bikin terobos yg memudahkan ini",0,3.0.6,38,232,2026-03,False,Negatif,2026,0,login susah rubah data nomor telepon dah kali baru data langsung orang pajak bikin susah rakyat indonesia ken taat pajak menteri kepala pajak coba bikin terobos mudah,"['login', 'susah', 'rubah', 'data', 'nomor', 'telepon', 'dah', 'kali', 'baru', 'data', 'langsung', 'orang', 'pajak', 'bikin', 'susah', 'rakyat', 'indonesia', 'ken', 'taat', 'pajak', 'menteri', 'kepala', 'pajak', 'coba', 'bikin', 'terobos', 'mudah']"
Pengguna Google,1,2025-10-25 19:47:06,sangat tidak berguna,0,unknown,3,20,2025-10,False,Negatif,2025,0,tidak guna,"['tidak', 'guna']"
Pengguna Google,1,2025-02-05 08:28:17,"Mengajukan lupa EFIN, sudah ngisi syarat2nya, katanya dikirim lewat email, tapi sampai sekarang nggak ada email masuk. Chat lewat Live Chat juga respon bertele2. Mau tertib kok susah amat.",10,2.0.3,29,188,2025-02,False,Negatif,2025,0,aju lupa efin ngisi syarat kirim email tidak email masuk chat live chat respon tele tertib susah,"['aju', 'lupa', 'efin', 'ngisi', 'syarat', 'kirim', 'email', 'tidak', 'email', 'masuk', 'chat', 'live', 'chat', 'respon', 'tele', 'tertib', 'susah']"
Pengguna Google,5,2026-04-21 09:59:07,terbaik,0,3.0.9,1,7,2026-04,True,Positif,2026,2,baik,['baik']
Pengguna Google,5,2025-03-24 19:31:46,good job 👍,0,2.0.3,3,10,2025-03,False,Positif,2025,2,good job,"['good', 'job']"
Pengguna Google,5,2024-04-10 16:04:50,👍👌,0,unknown,1,2,2024-04,False,Positif,2024,2,,[]
Pengguna Google,5,2024-07-19 10:41:16,Mudah dan aman,0,1.4.0,3,14,2024-07,False,Positif,2024,2,mudah aman,"['mudah', 'aman']"
Pengguna Google,5,2025-01-07 06:47:54,membantu,0,unknown,1,8,2025-01,True,Positif,2025,2,bantu,['bantu']
Pengguna Google,1,2025-01-31 16:02:39,Server lemot parah untuk sekelas pemerintah tolong diperbaiki heran asli,1,2.0.3,10,72,2025-01,False,Negatif,2025,0,server lot parah kelas perintah tolong baik heran asli,"['server', 'lot', 'parah', 'kelas', 'perintah', 'tolong', 'baik', 'heran', 'asli']"
Pengguna Google,1,2026-02-14 21:04:39,apa susah gini mau buka juga mau ganti sandi di ribet ribet gilirian ada uang nomer 1 hadeh,0,unknown,18,91,2026-02,False,Negatif,2026,0,susah buka ganti sandi ribet ribet gilirian uang nomer hadeh,"['susah', 'buka', 'ganti', 'sandi', 'ribet', 'ribet', 'gilirian', 'uang', 'nomer', 'hadeh']"
Pengguna Google,1,2025-03-06 09:35:39,Aplikasi sampah. Apalagi coretax aduh. Banyak masalah. Ga dapet dapet kode verifikasi ke email atau SMS parah,0,2.0.3,17,109,2025-03,False,Negatif,2025,0,aplikasi sampah coretax aduh tidak dapet dapet kode verifikasi email sms parah,"['aplikasi', 'sampah', 'coretax', 'aduh', 'tidak', 'dapet', 'dapet', 'kode', 'verifikasi', 'email', 'sms', 'parah']"
Pengguna Google,5,2026-03-11 10:59:21,terimakasih dengan adanya aplikasi ini memudahkan saya untuk mengisi SPT Tampa harus ke kantor pajak,1,2.0.6,15,100,2026-03,False,Positif,2026,2,terimakasih aplikasi mudah isi spt tampa kantor pajak,"['terimakasih', 'aplikasi', 'mudah', 'isi', 'spt', 'tampa', 'kantor', 'pajak']"
Pengguna Google,5,2024-11-15 13:26:45,Sangat membantu urusan perpajakan,0,1.4.0,4,33,2024-11,False,Positif,2024,2,bantu urus paja,"['bantu', 'urus', 'paja']"
Pengguna Google,5,2024-05-27 19:29:16,Mantap,0,1.4.0,1,6,2024-05,True,Positif,2024,2,mantap,['mantap']
Yudo Parmanto,1,2024-06-28 07:58:10,"Ga bisa login, padahal di web bisa pakai akun yg sama. Ini kayanya bukti nyata kalau duit pajak kita dikorupsi",0,1.4.0,20,110,2024-06,False,Negatif,2024,0,tidak login web pakai akun kaya bukti nyata duit pajak korupsi,"['tidak', 'login', 'web', 'pakai', 'akun', 'kaya', 'bukti', 'nyata', 'duit', 'pajak', 'korupsi']"
Pengguna Google,5,2025-01-26 19:29:00,Sangat membantu,0,2.0.3,2,15,2025-01,True,Positif,2025,2,bantu,['bantu']
Pengguna Google,1,2026-02-28 23:07:13,"aplikasi sampah tidak jelas.. sudah benar semua data yang di isi untuk verifikasi NIK.. tombol verifikasi nya tidak mau biru, giliran salah data yang di isi malah biru, tapi ya namanya juga data salah tetap saja tidak mau lanjut.. jika tidak layak digunakan mending di hapus saja aplikasi nya.. sangat merepotkan sekali pelaporan pajak di ini",0,unknown,56,342,2026-02,False,Negatif,2026,0,aplikasi sampah tidak data isi verifikasi nik tombol verifikasi nya tidak biru gilir salah data isi biru nama data salah tidak tidak layak mending hapus aplikasi nya repot lapor pajak,"['aplikasi', 'sampah', 'tidak', 'data', 'isi', 'verifikasi', 'nik', 'tombol', 'verifikasi', 'nya', 'tidak', 'biru', 'gilir', 'salah', 'data', 'isi', 'biru', 'nama', 'data', 'salah', 'tidak', 'tidak', 'layak', 'mending', 'hapus', 'aplikasi', 'nya', 'repot', 'lapor', 'pajak']"
Pengguna Google,5,2025-04-12 17:45:52,ok punya,0,unknown,2,8,2025-04,False,Positif,2025,2,ok,['ok']
Pengguna Google,5,2024-03-30 15:45:39,Sangat Membantu aplikasi ini,0,1.4.0,4,28,2024-03,False,Positif,2024,2,bantu aplikasi,"['bantu', 'aplikasi']"
Pengguna Google,1,2025-12-31 23:08:37,MENDING HAPUS AJA MIN DARI PLAYSTORE.,0,2.0.6,6,37,2025-12,False,Negatif,2025,0,mending hapus min playstore,"['mending', 'hapus', 'min', 'playstore']"
Pengguna Google,1,2025-03-17 10:49:45,Aplikasi gaguna.,0,2.0.3,2,16,2025-03,False,Negatif,2025,0,aplikasi gaguna,"['aplikasi', 'gaguna']"
Pengguna Google,1,2025-10-29 12:08:23,gak bisa login,0,2.0.6,3,14,2025-10,True,Negatif,2025,0,tidak login,"['tidak', 'login']"
Pengguna Google,1,2024-03-05 16:33:35,gak masuk masuk otp reset paswordnya,0,1.4.0,6,36,2024-03,False,Negatif,2024,0,tidak masuk masuk otp reset paswordnya,"['tidak', 'masuk', 'masuk', 'otp', 'reset', 'paswordnya']"
Pengguna Google,1,2025-03-26 13:24:15,"aplikasi ga jelas, udah kirim kode otp lewat SMS atau email gamasuk2!!! gajelas!",0,2.0.4,13,80,2025-03,False,Negatif,2025,0,aplikasi tidak kirim kode otp sms email gamasuk gajelas,"['aplikasi', 'tidak', 'kirim', 'kode', 'otp', 'sms', 'email', 'gamasuk', 'gajelas']"
Pengguna Google,5,2025-07-22 19:08:06,"keren npwp 15 nik 16, iya aja kalo npwp yang dulu",0,2.0.4,11,49,2025-07,False,Positif,2025,2,keren npwp nik iya kalo npwp,"['keren', 'npwp', 'nik', 'iya', 'kalo', 'npwp']"
Pengguna Google,5,2024-03-22 22:22:47,"Aplikasinya udah bener lagi sekarang, sebelumnya EFIN ga masuk, tapi sekarang udah ada perbaikan",1,1.4.0,14,96,2024-03,False,Positif,2024,2,aplikasi bener efin tidak masuk baik,"['aplikasi', 'bener', 'efin', 'tidak', 'masuk', 'baik']"
Pengguna Google,5,2026-02-08 14:30:31,informatif,0,2.0.6,1,10,2026-02,True,Positif,2026,2,informatif,['informatif']
Wahyudi Darmawan Hardiansyah,5,2024-07-29 20:08:06,"Membantu, utamanya kl mau bayar pajak buat kode online",0,1.3.0,9,54,2024-07,False,Positif,2024,2,bantu utama kl bayar pajak kode online,"['bantu', 'utama', 'kl', 'bayar', 'pajak', 'kode', 'online']"
Pengguna Google,1,2024-04-01 11:10:18,Gak jelas,0,unknown,2,9,2024-04,True,Negatif,2024,0,tidak,['tidak']
Pengguna Google,5,2025-03-26 11:31:49,apk super mantap,0,2.0.3,3,16,2025-03,False,Positif,2025,2,aplikasi super mantap,"['aplikasi', 'super', 'mantap']"
Pengguna Google,1,2026-04-30 22:01:17,"login gagal ,padahal data sudah benar ,Hmm perbaiki lagi ,masa iya aplikasi begini error",0,3.0.9,14,88,2026-04,False,Negatif,2026,0,login gagal data hmm baik iya aplikasi error,"['login', 'gagal', 'data', 'hmm', 'baik', 'iya', 'aplikasi', 'error']"
Pengguna Google,5,2026-03-01 22:38:36,Mempermudah pelaporan SPPT.,0,3.0.6,3,27,2026-03,False,Positif,2026,2,mudah lapor sppt,"['mudah', 'lapor', 'sppt']"
Pengguna Google,5,2024-02-21 19:58:10,Masi blajar sih lapor pke aplikasi... Semoga bisa ya tahun ini🥰,0,1.3.0,11,63,2024-02,False,Positif,2024,2,blajar lapor pakai aplikasi moga,"['blajar', 'lapor', 'pakai', 'aplikasi', 'moga']"
Pengguna Google,5,2026-04-08 11:19:39,cepat dan lengkap,0,3.0.6,3,17,2026-04,False,Positif,2026,2,cepat lengkap,"['cepat', 'lengkap']"
Pengguna Google,5,2024-01-05 14:00:52,Ok,0,1.2.4,1,2,2024-01,True,Positif,2024,2,ok,['ok']
Pengguna Google,5,2025-02-18 20:42:16,Alhamdulillah aplikasi ini sangat membantu bgt tidak sampai 5menit sudah dapet efin,0,2.0.3,12,83,2025-02,False,Positif,2025,2,alhamdulillah aplikasi bantu tidak menit dapet efin,"['alhamdulillah', 'aplikasi', 'bantu', 'tidak', 'menit', 'dapet', 'efin']"
Pengguna Google,5,2024-09-17 16:09:05,"Sangat terbantu mendapatkan EFIN. Gak perlu menunggu lama, langsung dikirimkan ke email.",0,1.4.0,12,88,2024-09,False,Positif,2024,2,bantu efin tidak tunggu langsung kirim email,"['bantu', 'efin', 'tidak', 'tunggu', 'langsung', 'kirim', 'email']"
Pengguna Google,5,2024-07-17 10:48:09,👍🏻👍🏻,0,unknown,1,4,2024-07,False,Positif,2024,2,,[]
Pengguna Google,5,2025-06-11 15:33:20,good,0,1.4.0,1,4,2025-06,True,Positif,2025,2,good,['good']
Pengguna Google,1,2025-05-10 18:53:10,aplikasi ngga bener,0,2.0.4,3,19,2025-05,False,Negatif,2025,0,aplikasi tidak bener,"['aplikasi', 'tidak', 'bener']"
Chaeru Ginanjar,1,2024-01-15 15:27:18,Daftar Ereg udah msuk tahap aktifasi ko akun terblokir??? Ga jelas bnget dih,0,1.2.5,13,76,2024-01,False,Negatif,2024,0,daftar ereg msuk tahap aktifasi ko akun blokir tidak bnget dih,"['daftar', 'ereg', 'msuk', 'tahap', 'aktifasi', 'ko', 'akun', 'blokir', 'tidak', 'bnget', 'dih']"
Pengguna Google,1,2026-02-06 15:45:42,"mau log in aj susah bnget, udh aktifin di coretex ttp aj DJP nya g bs nge link. minta update tiap dibuka. pusing lama2 pke ni apk",2,3.0.2,27,129,2026-02,False,Negatif,2026,0,log in susah bnget aktifin coretex ttp djp nya tidak nge link update buka pusing pakai ni aplikasi,"['log', 'in', 'susah', 'bnget', 'aktifin', 'coretex', 'ttp', 'djp', 'nya', 'tidak', 'nge', 'link', 'update', 'buka', 'pusing', 'pakai', 'ni', 'aplikasi']"
Pengguna Google,1,2024-08-08 21:09:04,aplikasi ga jelas eror muluuuuu ga bisa login samsek dih,0,1.4.0,10,56,2024-08,False,Negatif,2024,0,aplikasi tidak eror muluuuuu tidak login samsek dih,"['aplikasi', 'tidak', 'eror', 'muluuuuu', 'tidak', 'login', 'samsek', 'dih']"
Pengguna Google,1,2024-03-11 18:55:42,"ni aplikasi gblog apa gmna baru install jg katanya ""ada update terbaru"" .ndasmu a !!!",0,1.4.0,15,85,2024-03,False,Negatif,2024,0,ni aplikasi gblog install update baru ndasmu,"['ni', 'aplikasi', 'gblog', 'install', 'update', 'baru', 'ndasmu']"
Pengguna Google,1,2026-02-13 19:33:31,ngabisin pulsa aja aplikasi ga genah,0,unknown,6,36,2026-02,False,Negatif,2026,0,ngabisin pulsa aplikasi tidak genah,"['ngabisin', 'pulsa', 'aplikasi', 'tidak', 'genah']"
Pengguna Google,1,2024-03-20 19:20:37,aplikasi ala kadarnya...,0,1.4.0,3,24,2024-03,False,Negatif,2024,0,aplikasi ala kadar,"['aplikasi', 'ala', 'kadar']"
Pengguna Google,1,2025-07-31 18:19:57,kok prah si kode otp buat hp g muncul trus pas terakhir mau nyelesain pendaftaran udh lama bgt ke refresh ulang lagi asli nyushin,0,2.0.4,24,129,2025-07,False,Negatif,2025,0,prah si kode otp handphone tidak muncul pas nyelesain daftar refresh ulang asli nyushin,"['prah', 'si', 'kode', 'otp', 'handphone', 'tidak', 'muncul', 'pas', 'nyelesain', 'daftar', 'refresh', 'ulang', 'asli', 'nyushin']"
Pengguna Google,5,2025-03-26 08:25:44,sangat baik,0,2.0.3,2,11,2025-03,True,Positif,2025,2,,[]
Pengguna Google,5,2025-04-17 02:04:48,ok,0,unknown,1,2,2025-04,True,Positif,2025,2,ok,['ok']
Pengguna Google,5,2024-04-29 06:49:13,Good,0,1.4.0,1,4,2024-04,True,Positif,2024,2,good,['good']
Pengguna Google,5,2026-02-11 07:24:12,trims,0,2.0.6,1,5,2026-02,False,Positif,2026,2,trims,['trims']
Pengguna Google,1,2025-12-17 13:03:24,"jelekkkkkk sistemnya,ngga semua orng deket sama kantornya! tolonglah permudah dalam pendaftaran secara online!! dri kemarin² nunggu kode otp dari no tlpon ngga dikirim² smpe nungguin 10 menit dicoba lagi ngga bs dicoba lagi ngga bs! nanyain ke layanan juga slow respon bngtt, tolong benahi smpe sekarang sya msh nunggu kode otp krna butuh🙏",0,unknown,53,339,2025-12,False,Negatif,2025,0,jelekkkkkk sistem tidak orang deket kantor tolong mudah daftar online kemarin nunggu kode otp nomor tlpon tidak kirim smpe nungguin menit coba tidak coba tidak nanyain layan slow respon tolong benah smpe sya nunggu kode otp butuh,"['jelekkkkkk', 'sistem', 'tidak', 'orang', 'deket', 'kantor', 'tolong', 'mudah', 'daftar', 'online', 'kemarin', 'nunggu', 'kode', 'otp', 'nomor', 'tlpon', 'tidak', 'kirim', 'smpe', 'nungguin', 'menit', 'coba', 'tidak', 'coba', 'tidak', 'nanyain', 'layan', 'slow', 'respon', 'tolong', 'benah', 'smpe', 'sya', 'nunggu', 'kode', 'otp', 'butuh']"
Pengguna Google,1,2025-11-03 12:39:28,ada yg tlp saya pakai nma djp dan instal apk.a di gogle ap itu bnern orang pajak,0,unknown,17,80,2025-11,False,Negatif,2025,0,tlp pakai nma djp instal aplikasi gogle ap bnern orang pajak,"['tlp', 'pakai', 'nma', 'djp', 'instal', 'aplikasi', 'gogle', 'ap', 'bnern', 'orang', 'pajak']"
Pengguna Google,5,2024-02-06 19:06:57,Sangat bermanfaat & berguna,0,1.2.5,4,27,2024-02,False,Positif,2024,2,manfaat guna,"['manfaat', 'guna']"
Pengguna Google,5,2025-02-04 18:22:42,Top,0,unknown,1,3,2025-02,True,Positif,2025,2,top,['top']
Pengguna Google,5,2026-02-05 10:26:19,Alhamdulillah,0,2.0.6,1,13,2026-02,True,Positif,2026,2,alhamdulillah,['alhamdulillah']
Anti pelakor,1,2025-03-04 18:02:09,"Kocak ga bisa login, error terus baru update padahal.",0,2.0.3,9,53,2025-03,False,Negatif,2025,0,kocak tidak login error update,"['kocak', 'tidak', 'login', 'error', 'update']"
Pengguna Google,1,2025-07-13 00:02:09,Ini sebenernya aplikasi apa yaa??,0,2.0.4,5,33,2025-07,False,Negatif,2025,0,sebenernya aplikasi,"['sebenernya', 'aplikasi']"
Muhammad Al Pandi,1,2024-03-29 06:50:12,"Ga bisa di buka, baru mau bukan udah crash. Ampun dah apps pemerintahan gini amat 🤦‍♂️",1,1.4.0,16,86,2024-03,False,Negatif,2024,0,tidak buka bukan crash ampun dah apps perintah,"['tidak', 'buka', 'bukan', 'crash', 'ampun', 'dah', 'apps', 'perintah']"
Pengguna Google,5,2024-01-27 17:49:26,"Kak, kode verifikasi untuk lupa EFIN kl bisa jangan hanya lewat no hp, bisa di kirim ke Whatsapp atau ke email terdaftar, terima kasih.",8,1.2.5,24,135,2024-01,False,Positif,2024,2,kak kode verifikasi lupa efin kl jangan nomor handphone kirim whatsapp email daftar terima kasih,"['kak', 'kode', 'verifikasi', 'lupa', 'efin', 'kl', 'jangan', 'nomor', 'handphone', 'kirim', 'whatsapp', 'email', 'daftar', 'terima', 'kasih']"
Pengguna Google,5,2025-09-15 17:40:25,ok,0,2.0.5,1,2,2025-09,True,Positif,2025,2,ok,['ok']
Pengguna Google,5,2024-09-19 11:14:08,Semoga berfungsi dengan baik,0,unknown,4,28,2024-09,False,Positif,2024,2,moga fungsi,"['moga', 'fungsi']"
Pengguna Google,1,2024-06-26 15:44:35,"kode verifikasi sudah dikirim, dikirim kemana? ke baghdad?????..saya nunggu kode verifikasi berulang ulang hanya menghabiskan waktu saja, percuma buat aplikasi jika akhirnya tetep disuruu dateng ke kpp....gemblung",0,1.4.0,27,213,2024-06,False,Negatif,2024,0,kode verifikasi kirim kirim mana baghdad nunggu kode verifikasi ulang ulang habis aplikasi tetep disuruu dateng kpp gemblung,"['kode', 'verifikasi', 'kirim', 'kirim', 'mana', 'baghdad', 'nunggu', 'kode', 'verifikasi', 'ulang', 'ulang', 'habis', 'aplikasi', 'tetep', 'disuruu', 'dateng', 'kpp', 'gemblung']"
Pengguna Google,1,2025-01-30 19:14:54,Mau laporan SPT saja susahnya minta ampun,0,2.0.3,7,41,2025-01,False,Negatif,2025,0,lapor spt susah ampun,"['lapor', 'spt', 'susah', 'ampun']"
Pengguna Google,5,2024-02-20 11:16:13,"Beri kenyamanan kepada kami, tks",0,unknown,5,32,2024-02,False,Positif,2024,2,nyaman tks,"['nyaman', 'tks']"
Pengguna Google,1,2026-02-05 09:21:12,udah saya kira dari awal banyak bintang 1. rating itu tidak pernah keliru. tolong di perbaiki ini pak purbaya,0,2.0.6,19,109,2026-02,False,Negatif,2026,0,bintang rating tidak keliru tolong baik purbaya,"['bintang', 'rating', 'tidak', 'keliru', 'tolong', 'baik', 'purbaya']"
Pengguna Google,1,2026-02-05 14:42:58,"hapus aja aplikasi ke gini co, gajelas bgt",0,3.0.1,8,42,2026-02,False,Negatif,2026,0,hapus aplikasi co gajelas,"['hapus', 'aplikasi', 'co', 'gajelas']"
Pengguna Google,1,2024-05-17 14:17:38,Ini aplikasi yg gue instal versi terbaru kan? Tapi kenapa pas dibuka minta update pembaruan jink!?,0,unknown,16,98,2024-05,False,Negatif,2024,0,aplikasi gue instal versi baru pas buka update baru jink,"['aplikasi', 'gue', 'instal', 'versi', 'baru', 'pas', 'buka', 'update', 'baru', 'jink']"
Pengguna Google,5,2025-01-17 19:44:18,Cepat selesai,0,2.0.2,2,13,2025-01,False,Positif,2025,2,cepat selesai,"['cepat', 'selesai']"
Pengguna Google,1,2026-02-07 15:45:18,"aplikasi abal-abal, dikit dikit eror, tutup saja alikasinya",0,3.0.3,8,59,2026-02,False,Negatif,2026,0,aplikasi abal abal dikit dikit eror tutup alikasinya,"['aplikasi', 'abal', 'abal', 'dikit', 'dikit', 'eror', 'tutup', 'alikasinya']"
Pengguna Google,1,2025-10-30 09:30:31,aplikasi ribet,0,2.0.6,2,14,2025-10,True,Negatif,2025,0,aplikasi ribet,"['aplikasi', 'ribet']"
Pengguna Google,5,2025-03-18 10:12:10,sangat membantu dan tidak ribet,0,2.0.3,5,31,2025-03,False,Positif,2025,2,bantu tidak ribet,"['bantu', 'tidak', 'ribet']"
Pengguna Google,5,2026-03-06 18:05:28,Terlalu ribet aplikasi nya,0,3.0.6,4,26,2026-03,False,Positif,2026,2,ribet aplikasi nya,"['ribet', 'aplikasi', 'nya']"
Pengguna Google,1,2024-11-21 00:13:57,Ada oknum pegawai yg tdk bertanggung jawab,0,unknown,7,42,2024-11,False,Negatif,2024,0,oknum pegawai tidak tanggung,"['oknum', 'pegawai', 'tidak', 'tanggung']"
Ahmad Mubarak,1,2024-02-15 12:58:54,ya ampun login aja gabisa udah register dan aktivasi eh npwp sama nik malah salah gajelas,0,1.3.0,16,89,2024-02,False,Negatif,2024,0,ampun login tidak register aktivasi eh npwp nik salah gajelas,"['ampun', 'login', 'tidak', 'register', 'aktivasi', 'eh', 'npwp', 'nik', 'salah', 'gajelas']"
Keira,1,2025-03-15 19:15:09,Aplikasi ga guna. Error terus padahal input udah bener.,0,unknown,9,55,2025-03,False,Negatif,2025,0,aplikasi tidak error input bener,"['aplikasi', 'tidak', 'error', 'input', 'bener']"
Pengguna Google,5,2025-12-15 18:47:52,"PERLU DIEVALUASI KEMBALI APLIKASI INI, UNTUK LOGIN SAJA ERROR TERUS. SENGAJA SAYA KASIH BINTANG 5 BIAR DIBACA!",1,2.0.6,17,110,2025-12,False,Positif,2025,2,evaluasi aplikasi login error sengaja kasih bintang biar baca,"['evaluasi', 'aplikasi', 'login', 'error', 'sengaja', 'kasih', 'bintang', 'biar', 'baca']"
Pengguna Google,5,2024-06-27 06:41:26,Bagus 👍👍👍👍tp kadang error mohon tingkat lagi,0,1.4.0,7,44,2024-06,False,Positif,2024,2,bagus kadang error mohon tingkat,"['bagus', 'kadang', 'error', 'mohon', 'tingkat']"
Pengguna Google,1,2026-04-28 11:47:07,terjadi kesalahan terus,0,3.0.9,3,23,2026-04,False,Negatif,2026,0,salah,['salah']
Pengguna Google,5,2026-02-11 11:51:55,sangat memuaskan,0,2.0.6,2,16,2026-02,False,Positif,2026,2,muas,['muas']
Pengguna Google,1,2026-01-02 07:53:58,ternyata susah bikin npwp online tidak membantu sama sekali,0,2.0.6,9,59,2026-01,False,Negatif,2026,0,susah bikin npwp online tidak bantu,"['susah', 'bikin', 'npwp', 'online', 'tidak', 'bantu']"
Pengguna Google,5,2024-02-09 14:00:51,Sangat membantu,0,unknown,2,15,2024-02,True,Positif,2024,2,bantu,['bantu']
Pengguna Google,5,2026-02-06 13:59:03,Memudahkan para wajib pajak,0,unknown,4,27,2026-02,False,Positif,2026,2,mudah wajib pajak,"['mudah', 'wajib', 'pajak']"
Pengguna Google,5,2025-01-05 16:31:00,👍👍👍,0,1.4.0,1,3,2025-01,True,Positif,2025,2,,[]
Pengguna Google,1,2024-08-03 22:10:41,Apk gak jelas download tuk habisin paket internet doang masuknya tak bisa nomor NPWP sudah benar PASSWORD juga suda benar tapi tetap gagal masuk KACAUU,0,1.4.0,25,151,2024-08,False,Negatif,2024,0,aplikasi tidak download tuk habisin paket internet masuk tak nomor npwp password suda gagal masuk kacauu,"['aplikasi', 'tidak', 'download', 'tuk', 'habisin', 'paket', 'internet', 'masuk', 'tak', 'nomor', 'npwp', 'password', 'suda', 'gagal', 'masuk', 'kacauu']"
Pengguna Google,1,2024-02-20 19:05:24,"Tolong dibantu , saya daftar di eREG , namun formulir belum lengkap karena saat validasi ktp loadingnya terlalu lama, bahkan sampai 4 jam lebih belum tervalidasi, kemudian gagal entah kenapa, kemudian saya daftar kembali , namun nik saya sudah terdaftar, padahal formulir belum lengkap, saya coba hubungi customer servis namun CS selalu sibuk, saya coba daftar dengan mendatangi KPP ternyata harus online, kan seharusnya dipermudah , kami ingin membayar pajak sesuai peraturan , tolong dipermudah,",138,1.3.0,75,497,2024-02,False,Negatif,2024,0,tolong bantu daftar ereg formulir belum lengkap validasi ktp loadingnya jam belum tervalidasi gagal daftar nik daftar formulir belum lengkap coba hubung customer servis cs sibuk coba daftar kpp online mudah bayar pajak sesuai atur tolong mudah,"['tolong', 'bantu', 'daftar', 'ereg', 'formulir', 'belum', 'lengkap', 'validasi', 'ktp', 'loadingnya', 'jam', 'belum', 'tervalidasi', 'gagal', 'daftar', 'nik', 'daftar', 'formulir', 'belum', 'lengkap', 'coba', 'hubung', 'customer', 'servis', 'cs', 'sibuk', 'coba', 'daftar', 'kpp', 'online', 'mudah', 'bayar', 'pajak', 'sesuai', 'atur', 'tolong', 'mudah']"
Sandy Buana,1,2025-03-03 18:59:28,"Normalnya aplikasi diciptakan untuk mempermudah, tapi ini malah sebaliknya",0,2.0.3,9,74,2025-03,False,Negatif,2025,0,normal aplikasi cipta mudah,"['normal', 'aplikasi', 'cipta', 'mudah']"
Pengguna Google,1,2024-03-26 12:11:08,Burik,0,unknown,1,5,2024-03,False,Negatif,2024,0,burik,['burik']
Pengguna Google,1,2025-03-27 11:45:29,aplikasi gak jelas mw log in saja susah verifikasi lewat email...kode gak masuk masuk....,1,2.0.4,14,89,2025-03,False,Negatif,2025,0,aplikasi tidak log in susah verifikasi email kode tidak masuk masuk,"['aplikasi', 'tidak', 'log', 'in', 'susah', 'verifikasi', 'email', 'kode', 'tidak', 'masuk', 'masuk']"
Pengguna Google,5,2024-01-19 11:53:23,Bantu buka ka,0,1.2.5,3,13,2024-01,False,Positif,2024,2,bantu buka ka,"['bantu', 'buka', 'ka']"
Pengguna Google,1,2025-02-24 18:16:50,Aplikasi bodok,0,2.0.3,2,14,2025-02,False,Negatif,2025,0,aplikasi bodok,"['aplikasi', 'bodok']"
Pengguna Google,5,2026-03-30 20:29:22,bagus,0,3.0.6,1,5,2026-03,True,Positif,2026,2,bagus,['bagus']
Pengguna Google,5,2026-03-09 16:47:11,"APLIKASI INI PENIPU 8JT SAYA,SENGAJA KASIH 🌟 5 BIAR KELIATAN",0,3.0.6,10,60,2026-03,False,Positif,2026,2,aplikasi tipu jt sengaja kasih biar liat,"['aplikasi', 'tipu', 'jt', 'sengaja', 'kasih', 'biar', 'liat']"
Pengguna Google,1,2025-02-13 15:42:36,"dari tadi udah masukin verifikasi salah mulu, ini sih akibat kalo mau buka aplikasi pajak harus login dulu. tapi tidak dibarengi dengan konfirmasi jelas dan manajemen buruk",0,unknown,27,172,2025-02,False,Negatif,2025,0,masukin verifikasi salah mulu akibat kalo buka aplikasi pajak login tidak bareng konfirmasi manajemen buruk,"['masukin', 'verifikasi', 'salah', 'mulu', 'akibat', 'kalo', 'buka', 'aplikasi', 'pajak', 'login', 'tidak', 'bareng', 'konfirmasi', 'manajemen', 'buruk']"
Pengguna Google,4,2024-04-11 07:25:19,Bagus,0,unknown,1,5,2024-04,True,Positif,2024,2,bagus,['bagus']
Pengguna Google,1,2025-07-05 07:11:26,aplikasi kocak udah masukin no npwp dan pasword yang bener masih aja salah kocak aplikasi gak kocak,0,2.0.4,17,99,2025-07,False,Negatif,2025,0,aplikasi kocak masukin nomor npwp pasword bener salah kocak aplikasi tidak kocak,"['aplikasi', 'kocak', 'masukin', 'nomor', 'npwp', 'pasword', 'bener', 'salah', 'kocak', 'aplikasi', 'tidak', 'kocak']"
Pengguna Google,5,2025-08-02 07:33:08,ok banget,0,2.0.4,2,9,2025-08,True,Positif,2025,2,ok,['ok']
Pengguna Google,5,2025-02-14 08:33:41,"wah awalnya baca komen jadi ragu sama aplikasinya, tp ttp optimis utk coba, ga sampai 10 menit lgsg dikirim ke email efin nyaa, huhu sgt mmbntuuu😭😭😭🙏🙏",12,2.0.3,26,150,2025-02,False,Positif,2025,2,baca komen ragu aplikasi ttp optimis coba tidak menit lgsg kirim email efin nyaa huhu mmbntuuu,"['baca', 'komen', 'ragu', 'aplikasi', 'ttp', 'optimis', 'coba', 'tidak', 'menit', 'lgsg', 'kirim', 'email', 'efin', 'nyaa', 'huhu', 'mmbntuuu']"
Ryesvo Armopa,1,2026-04-19 18:02:50,cannoy login everytime i try to login,1,3.0.9,7,37,2026-04,False,Negatif,2026,0,cannoy login everytime try to login,"['cannoy', 'login', 'everytime', 'try', 'to', 'login']"
Pengguna Google,1,2025-05-19 13:15:09,"Saya sangat kecewa sekarang, saya mau padankan NPWP dengan NIK lewat online, tetapi sekarang sudah tidak bisa,",0,unknown,17,110,2025-05,False,Negatif,2025,0,kecewa padan npwp nik online tidak,"['kecewa', 'padan', 'npwp', 'nik', 'online', 'tidak']"
Mr. Stark,5,2025-02-19 12:34:53,"Saya kira susah request EFIN seperti aplikasi lainnya, ternyata mudah. Good job 👍",0,2.0.3,13,81,2025-02,False,Positif,2025,2,susah request efin aplikasi mudah good job,"['susah', 'request', 'efin', 'aplikasi', 'mudah', 'good', 'job']"
Pengguna Google,5,2026-03-05 15:34:05,ok,0,3.0.6,1,2,2026-03,True,Positif,2026,2,ok,['ok']
Pengguna Google,1,2025-05-08 22:42:56,aplikasi ini menipu..ini bukan aplikasi pajak tapi aplikasi scam.,0,unknown,9,65,2025-05,False,Negatif,2025,0,aplikasi tipu bukan aplikasi pajak aplikasi scam,"['aplikasi', 'tipu', 'bukan', 'aplikasi', 'pajak', 'aplikasi', 'scam']"
Pengguna Google,5,2024-09-17 14:14:32,Ok,0,1.4.0,1,2,2024-09,True,Positif,2024,2,ok,['ok']
Pengguna Google,1,2025-03-06 10:53:28,Pajak yg sudah membebani harusnya tidak diperparah dg aplikasi yg seperti ini. Niat gak sih,0,2.0.3,15,91,2025-03,False,Negatif,2025,0,pajak beban tidak parah aplikasi niat tidak,"['pajak', 'beban', 'tidak', 'parah', 'aplikasi', 'niat', 'tidak']"
Pengguna Google,5,2024-12-24 07:05:39,Ok,0,unknown,1,2,2024-12,True,Positif,2024,2,ok,['ok']
Pengguna Google,1,2026-03-23 13:17:57,APLIKASI KONXOL - (X adalah K),0,3.0.6,6,30,2026-03,False,Negatif,2026,0,aplikasi konxol,"['aplikasi', 'konxol']"
Pengguna Google,5,2025-05-16 14:30:15,Bismillah Alhamdulillah Masya Alloh laa Quwwata Illaa Billaah Barokalloh fiikum.Segera di upgrade Aplikasinya agar semakin mudah di akses,0,2.0.4,18,137,2025-05,False,Positif,2025,2,bismillah alhamdulillah masya alloh laa quwwata illaa billaah barokalloh fiikum upgrade aplikasi mudah akses,"['bismillah', 'alhamdulillah', 'masya', 'alloh', 'laa', 'quwwata', 'illaa', 'billaah', 'barokalloh', 'fiikum', 'upgrade', 'aplikasi', 'mudah', 'akses']"
Pengguna Google,5,2026-02-12 12:33:38,"masih kurang optimal sih, harus ditingkatkan lagi",24,3.0.6,7,49,2026-02,False,Positif,2026,2,optimal tingkat,"['optimal', 'tingkat']"
Pengguna Google,1,2025-05-07 19:13:05,"Daftar Gabisa Disini, Ga Guna Banget, Daftar Di Web HP Malah Makin Ancur Dan Bikin Pusing",0,unknown,16,89,2025-05,False,Negatif,2025,0,daftar tidak tidak daftar web handphone ancur bikin pusing,"['daftar', 'tidak', 'tidak', 'daftar', 'web', 'handphone', 'ancur', 'bikin', 'pusing']"
Pengguna Google,1,2025-02-13 23:36:59,"Ternyata gak cuma aku yg gak bisa verifikasi sms dan email. Malah disuruh kekantor untuk minta kode efin, enak bener nyuruh kekantor, dulu aku daftarnya online, jadi aku maunya online aja,, katanya telat lapor kena denda, tapi bukan gak mau lapor tapi di persulit. Klok pas daftar aja lancar,, giliran minta kode efin buat laporan malah gak bisa. Kerja yg bagus benahi apk nya.",8,2.0.3,64,377,2025-02,False,Negatif,2025,0,tidak tidak verifikasi sms email suruh kantor kode efin enak bener nyuruh kantor daftar online mau online telat lapor kena denda bukan tidak lapor sulit klok pas daftar lancar gilir kode efin lapor tidak kerja bagus benah aplikasi nya,"['tidak', 'tidak', 'verifikasi', 'sms', 'email', 'suruh', 'kantor', 'kode', 'efin', 'enak', 'bener', 'nyuruh', 'kantor', 'daftar', 'online', 'mau', 'online', 'telat', 'lapor', 'kena', 'denda', 'bukan', 'tidak', 'lapor', 'sulit', 'klok', 'pas', 'daftar', 'lancar', 'gilir', 'kode', 'efin', 'lapor', 'tidak', 'kerja', 'bagus', 'benah', 'aplikasi', 'nya']"
Pengguna Google,1,2025-01-10 06:45:30,Sudah ku duga dari aplikasi pemerintah.. gk guna banyan masalah dan bug nya ... Yg lebih jengkelnya lagi situs nya lelet sekali ..,0,unknown,23,130,2025-01,False,Negatif,2025,0,ku duga aplikasi perintah tidak banyan bug nya jengkel situs nya lelet,"['ku', 'duga', 'aplikasi', 'perintah', 'tidak', 'banyan', 'bug', 'nya', 'jengkel', 'situs', 'nya', 'lelet']"
Pengguna Google,5,2025-02-13 11:42:48,Sangat bagus,0,1.4.0,2,12,2025-02,True,Positif,2025,2,bagus,['bagus']
Pengguna Google,1,2024-01-02 13:22:34,Susah banget mau daftar aja Nomor otp gk dapet2,0,1.2.4,9,47,2024-01,False,Negatif,2024,0,susah daftar nomor otp tidak dapet,"['susah', 'daftar', 'nomor', 'otp', 'tidak', 'dapet']"
Pengguna Google,1,2024-03-21 09:35:55,"Menghabiskan kuota saja,niat mau laporan SPT,setengah hari mantengin hp GX ada guna,bukan nya dipermudah malah menyusahkan,giliran GX laporan didatangi petugas,pajak ini bener bener seperti lintah darat,sya tidak punya hutang,tp kalau telat bayar didenda,kalau mau bikin sistem itu dibenerin dulu otak nya,lebih mudah mobile legen ketimbang aplikasi burik ini,taaaiiiii",1,1.4.0,48,369,2024-03,False,Negatif,2024,0,habis kuota niat lapor spt mantengin handphone tidak bukan nya mudah susah gilir tidak lapor datang tugas pajak bener bener lintah darat sya tidak hutang telat bayar denda bikin sistem dibenerin otak nya mudah mobile legen ketimbang aplikasi burik taaaiiiii,"['habis', 'kuota', 'niat', 'lapor', 'spt', 'mantengin', 'handphone', 'tidak', 'bukan', 'nya', 'mudah', 'susah', 'gilir', 'tidak', 'lapor', 'datang', 'tugas', 'pajak', 'bener', 'bener', 'lintah', 'darat', 'sya', 'tidak', 'hutang', 'telat', 'bayar', 'denda', 'bikin', 'sistem', 'dibenerin', 'otak', 'nya', 'mudah', 'mobile', 'legen', 'ketimbang', 'aplikasi', 'burik', 'taaaiiiii']"
Pengguna Google,1,2026-04-12 19:09:23,MAU LAPOR PAJAK AJA SUSAH BENER JELEK PELAYANAN NYA,0,3.0.9,9,51,2026-04,False,Negatif,2026,0,lapor pajak susah bener jelek layan nya,"['lapor', 'pajak', 'susah', 'bener', 'jelek', 'layan', 'nya']"
Pengguna Google,1,2024-03-16 04:07:21,Aplikasinya Gak mau terbuka di hp saya kok begitu???,0,1.4.0,9,52,2024-03,False,Negatif,2024,0,aplikasi tidak buka handphone,"['aplikasi', 'tidak', 'buka', 'handphone']"
Pengguna Google,5,2024-03-20 18:57:28,Beri bintang lima karena aplikasi nya sangat membantu,0,1.4.0,8,53,2024-03,False,Positif,2024,2,bintang aplikasi nya bantu,"['bintang', 'aplikasi', 'nya', 'bantu']"
Pengguna Google,5,2026-03-11 08:37:44,selalu mudah dalam proses,0,unknown,4,25,2026-03,False,Positif,2026,2,mudah proses,"['mudah', 'proses']"
Pengguna Google,5,2024-07-30 19:05:51,Ok,0,1.4.0,1,2,2024-07,True,Positif,2024,2,ok,['ok']
Pengguna Google,5,2025-07-03 05:47:18,informatif,0,2.0.4,1,10,2025-07,True,Positif,2025,2,informatif,['informatif']
Pengguna Google,1,2024-11-01 15:06:06,"Aplikasi BUSUK, GA GUNA",0,1.4.0,4,23,2024-11,False,Negatif,2024,0,aplikasi busuk tidak,"['aplikasi', 'busuk', 'tidak']"
Pengguna Google,5,2025-01-31 14:46:50,Sangat membantu dan gak ribet,0,2.0.2,5,29,2025-01,False,Positif,2025,2,bantu tidak ribet,"['bantu', 'tidak', 'ribet']"
Pengguna Google,5,2025-07-27 02:15:33,dengan aplikasi m.pajak sangat membantu wajib pajak,0,2.0.4,7,51,2025-07,False,Positif,2025,2,aplikasi pajak bantu wajib pajak,"['aplikasi', 'pajak', 'bantu', 'wajib', 'pajak']"
Pengguna Google,5,2026-03-13 09:21:11,Terimakasih,0,2.0.6,1,11,2026-03,False,Positif,2026,2,terimakasih,['terimakasih']
Pengguna Google,1,2025-02-28 18:35:24,Sampah,0,2.0.3,1,6,2025-02,True,Negatif,2025,0,sampah,['sampah']
Pengguna Google,5,2025-05-03 13:42:48,mantap,0,2.0.4,1,6,2025-05,True,Positif,2025,2,mantap,['mantap']
Pengguna Google,5,2025-03-11 07:38:07,"Terima kasih, terbukti sangat membantu, tidak capek-capek ke kantor pajak🙏",0,2.0.3,10,74,2025-03,False,Positif,2025,2,terima kasih bukti bantu tidak capek capek kantor pajak,"['terima', 'kasih', 'bukti', 'bantu', 'tidak', 'capek', 'capek', 'kantor', 'pajak']"
Pengguna Google,1,2025-02-20 10:16:43,Ora iso mlebu..,0,unknown,3,15,2025-02,False,Negatif,2025,0,ora iso mlebu,"['ora', 'iso', 'mlebu']"
Pengguna Google,4,2025-04-15 19:42:24,sangat membantu,0,unknown,2,15,2025-04,True,Positif,2025,2,bantu,['bantu']
Pengguna Google,4,2024-05-09 15:57:35,Top..aplikasinya,0,1.4.0,1,16,2024-05,False,Positif,2024,2,top aplikasi,"['top', 'aplikasi']"
Pengguna Google,5,2025-05-18 19:39:29,sangat bagus memudahkan,0,unknown,3,23,2025-05,False,Positif,2025,2,bagus mudah,"['bagus', 'mudah']"
Pengguna Google,1,2025-01-30 13:04:38,"Saya maunya lapor pajak, cumaN NPWP nya di.persulit Sudah tinggalnya d kepulauan Giliram urus online Tetap aja suruh ke kantor Ahh Bodo amat lah Bukannya mudah Malah nambah pengeluaran Kl cumam.seratus ribu.ma gpp Ongkosnya Juta ne kl harus ke kantor Mending ogah",0,unknown,42,263,2025-01,False,Negatif,2025,0,mau lapor pajak cuman npwp nya sulit tinggal pulau giliram urus online suruh kantor ahh bodo mudah nambah keluar kl cumam ratus ribu ma gpp ongkos juta ne kl kantor mending ogah,"['mau', 'lapor', 'pajak', 'cuman', 'npwp', 'nya', 'sulit', 'tinggal', 'pulau', 'giliram', 'urus', 'online', 'suruh', 'kantor', 'ahh', 'bodo', 'mudah', 'nambah', 'keluar', 'kl', 'cumam', 'ratus', 'ribu', 'ma', 'gpp', 'ongkos', 'juta', 'ne', 'kl', 'kantor', 'mending', 'ogah']"
Pengguna Google,1,2025-05-28 19:12:14,"tambah garai emosi,payah",0,unknown,3,24,2025-05,False,Negatif,2025,0,garai emosi payah,"['garai', 'emosi', 'payah']"
Pengguna Google,1,2025-05-15 13:23:53,"APLIKASI RUSAK,MAU BUAT NPWP SERVER NYA DIREFRES MALAH BALIK KE AWAL HABISIN PULSA AJA, SERVER RUSAK!",0,2.0.4,16,101,2025-05,False,Negatif,2025,0,aplikasi rusak npwp server nya direfres habisin pulsa server rusak,"['aplikasi', 'rusak', 'npwp', 'server', 'nya', 'direfres', 'habisin', 'pulsa', 'server', 'rusak']"
Gan An,5,2025-03-28 17:05:24,good,0,2.0.3,1,4,2025-03,True,Positif,2025,2,good,['good']
Pengguna Google,1,2024-03-05 11:35:55,aplikasi ga bisa dipakai,0,1.4.0,4,24,2024-03,False,Negatif,2024,0,aplikasi tidak pakai,"['aplikasi', 'tidak', 'pakai']"
Pengguna Google,1,2024-06-14 18:51:56,"Woi... Hati hati bos dgn aplikasi ini, kayaknya ini aplikasi ilegal,mau dft berhari hari gak bisa masuk di ulang ulang terus,salah salah data kita bisa di salah gunakan,DTG lgsung k kantor pjk sj bos kalo mau buat NPWP",0,1.4.0,38,218,2024-06,False,Negatif,2024,0,hati hati bos aplikasi kayak aplikasi ilegal dft hari tidak masuk ulang ulang salah salah data salah lgsung kantor pjk sj bos kalo npwp,"['hati', 'hati', 'bos', 'aplikasi', 'kayak', 'aplikasi', 'ilegal', 'dft', 'hari', 'tidak', 'masuk', 'ulang', 'ulang', 'salah', 'salah', 'data', 'salah', 'lgsung', 'kantor', 'pjk', 'sj', 'bos', 'kalo', 'npwp']"
Pengguna Google,4,2026-04-21 16:00:59,bagus,0,3.0.9,1,5,2026-04,True,Positif,2026,2,bagus,['bagus']
Pengguna Google,5,2025-11-14 08:56:06,okee..,0,unknown,1,6,2025-11,False,Positif,2025,2,okee,['okee']
Kun Alafa,1,2025-04-13 05:18:53,susahnya masuk aja ribet,0,2.0.4,4,24,2025-04,False,Negatif,2025,0,susah masuk ribet,"['susah', 'masuk', 'ribet']"
Pengguna Google,1,2025-01-13 08:32:24,"Aplikasi sampah, kantor pajak kerjanya lambat, kita harus tunggu sampai sore, taiii",2,2.0.2,12,83,2025-01,False,Negatif,2025,0,aplikasi sampah kantor pajak kerja lambat tunggu sore taiii,"['aplikasi', 'sampah', 'kantor', 'pajak', 'kerja', 'lambat', 'tunggu', 'sore', 'taiii']"
Pengguna Google,1,2024-06-08 22:57:55,"Lupa pasword aja dipersulit, serius gak sih bikin aplikasi. Malah nyusahin masyarakat",0,1.4.0,12,85,2024-06,False,Negatif,2024,0,lupa pasword sulit serius tidak bikin aplikasi nyusahin masyarakat,"['lupa', 'pasword', 'sulit', 'serius', 'tidak', 'bikin', 'aplikasi', 'nyusahin', 'masyarakat']"
Pengguna Google,5,2025-07-22 13:31:46,pertama kali saya masuk aplikasi maxim tidak ribet🙏👍,1,2.0.4,8,52,2025-07,False,Positif,2025,2,kali masuk aplikasi maxim tidak ribet,"['kali', 'masuk', 'aplikasi', 'maxim', 'tidak', 'ribet']"
Pengguna Google,5,2025-03-12 16:15:35,Jelek darimananya? Perasaan bagus² aja dan pengiriman kodenya juga cepat.,0,2.0.3,10,73,2025-03,False,Positif,2025,2,jelek darimananya asa bagus kirim kode cepat,"['jelek', 'darimananya', 'asa', 'bagus', 'kirim', 'kode', 'cepat']"
Pengguna Google,5,2025-11-13 10:08:18,sangat membantu sekali,0,unknown,3,22,2025-11,False,Positif,2025,2,bantu,['bantu']
Pengguna Google,1,2024-12-17 09:07:12,"Disuruh ngirim kode pas di masukin malah gak bisa , apk kualitas rendah",7,2.0.0,13,71,2024-12,False,Negatif,2024,0,suruh ngirim kode pas masukin tidak aplikasi kualitas rendah,"['suruh', 'ngirim', 'kode', 'pas', 'masukin', 'tidak', 'aplikasi', 'kualitas', 'rendah']"
Pengguna Google,1,2026-03-31 16:53:30,"aplikasi dan web paling jelek, gaa up to date banget. loading lama, ilang mulu, gaa efektif dan efisien banget. plisa dong apus ajaa web kaya gini, yang niat kalo bikin web, yang proper, masa web sekelas kemenkeu kaya gini",4,3.0.6,39,222,2026-03,False,Negatif,2026,0,aplikasi web jelek gaa up to date loading ilang mulu gaa efektif efisien plisa apus ajaa web kaya niat kalo bikin web proper web kelas kemenkeu kaya,"['aplikasi', 'web', 'jelek', 'gaa', 'up', 'to', 'date', 'loading', 'ilang', 'mulu', 'gaa', 'efektif', 'efisien', 'plisa', 'apus', 'ajaa', 'web', 'kaya', 'niat', 'kalo', 'bikin', 'web', 'proper', 'web', 'kelas', 'kemenkeu', 'kaya']"
Pengguna Google,1,2024-03-24 14:11:37,"Pajak udh dibayar, hasil nya bikin aplikasi cacat begini",0,1.4.0,9,56,2024-03,False,Negatif,2024,0,pajak bayar hasil nya bikin aplikasi cacat,"['pajak', 'bayar', 'hasil', 'nya', 'bikin', 'aplikasi', 'cacat']"
Pengguna Google,5,2024-06-17 21:04:39,Mantap,0,1.4.0,1,6,2024-06,True,Positif,2024,2,mantap,['mantap']
Pengguna Google,4,2026-02-25 17:12:23,sering susah aksesnya,0,2.0.3,3,21,2026-02,False,Positif,2026,2,susah akses,"['susah', 'akses']"
Pengguna Google,1,2026-04-18 00:51:52,daftar tidak bisa by online,0,unknown,5,27,2026-04,False,Negatif,2026,0,daftar tidak by online,"['daftar', 'tidak', 'by', 'online']"
Pengguna Google,1,2024-11-23 22:04:42,Kenapa aplikasi plat merah selalu banyak masalah ya? Padahal saya yakin dukungan anggaran pastinya ga masalah,0,1.4.0,16,109,2024-11,False,Negatif,2024,0,aplikasi plat merah dukung anggar pasti tidak,"['aplikasi', 'plat', 'merah', 'dukung', 'anggar', 'pasti', 'tidak']"
Atim Taufiq,5,2024-03-04 19:55:27,Ok,1,1.3.0,1,2,2024-03,True,Positif,2024,2,ok,['ok']
Pengguna Google,1,2025-03-05 17:17:25,Sudah dapat notif efin sudah dikirim ke email tdk ada email masuk. Aplikasi agak lemot,0,2.0.3,15,86,2025-03,False,Negatif,2025,0,notif efin kirim email tidak email masuk aplikasi lot,"['notif', 'efin', 'kirim', 'email', 'tidak', 'email', 'masuk', 'aplikasi', 'lot']"
Pengguna Google,1,2024-03-21 11:28:28,Ga ada guna ini aplikasi. Selayaknya aplikasi pemerintah pada umumnya. Gw kaga bisa login mon,0,1.4.0,15,93,2024-03,False,Negatif,2024,0,tidak aplikasi layak aplikasi perintah gw tidak login mon,"['tidak', 'aplikasi', 'layak', 'aplikasi', 'perintah', 'gw', 'tidak', 'login', 'mon']"
Pengguna Google,1,2025-03-24 13:32:50,"aplikasi gabisa login padahal nik sm password udh benar, tolong di perbaiki sekelas pajak masak ga bisa perbaikan aplikasi buat pelayanan masyarakat",1,unknown,22,148,2025-03,False,Negatif,2025,0,aplikasi tidak login nik password tolong baik kelas pajak masak tidak baik aplikasi layan masyarakat,"['aplikasi', 'tidak', 'login', 'nik', 'password', 'tolong', 'baik', 'kelas', 'pajak', 'masak', 'tidak', 'baik', 'aplikasi', 'layan', 'masyarakat']"
Pengguna Google,1,2025-02-06 15:00:09,"Lelet, aplikasi apa ini. Kek mana rakyat mau taat lapor pajak, disuruh verifikasi² tapi kode ke email gak masuk² 🇲🇨🇲🇨🇲🇨🇲🇨",2,2.0.3,20,121,2025-02,False,Negatif,2025,0,lelet aplikasi kek rakyat taat lapor pajak suruh verifikasi kode email tidak masuk,"['lelet', 'aplikasi', 'kek', 'rakyat', 'taat', 'lapor', 'pajak', 'suruh', 'verifikasi', 'kode', 'email', 'tidak', 'masuk']"
Pengguna Google,5,2025-03-11 17:00:15,"Minta maaf sebelumnya Kak Admin atas bintangnya. Bagaimana ya? Saya ingin tahu kode Efin saya. Semua prosedur dilakukan dengan benar dan ada pemberitahuan bahwa kode Efin sudah dikirim ke e-mail, tapi saat email dilihat sama sekali tidak ada. Tolong apk diperbaiki lagi. Bintangnya akan saya tambah jika apk nya benar-benar membantu. Terima kasih 🙏 #Edit MasyaAllah. Keluhan saya sepertinya diterima karena email yg ditunggu sudah datang. Jadi sesuai janji, saya beri bintang 5 Terima kasih Admin.",1,2.0.3,76,497,2025-03,False,Positif,2025,2,maaf kak admin bintang kode efin prosedur pemberitahuan kode efin kirim mail email tidak tolong aplikasi baik bintang aplikasi nya bantu terima kasih masyaallah keluh terima email tunggu sesuai janji bintang terima kasih admin,"['maaf', 'kak', 'admin', 'bintang', 'kode', 'efin', 'prosedur', 'pemberitahuan', 'kode', 'efin', 'kirim', 'mail', 'email', 'tidak', 'tolong', 'aplikasi', 'baik', 'bintang', 'aplikasi', 'nya', 'bantu', 'terima', 'kasih', 'masyaallah', 'keluh', 'terima', 'email', 'tunggu', 'sesuai', 'janji', 'bintang', 'terima', 'kasih', 'admin']"
Pengguna Google,1,2026-02-07 18:11:57,"login gagal terus,,padahal semua data sudah benar,,kalau sistem belum bisa optimal jangan di publik dulu,,benerin dulu sistemnya,,nyusahin masyarakat aja",0,unknown,19,153,2026-02,False,Negatif,2026,0,login gagal data sistem belum optimal jangan publik benerin sistem nyusahin masyarakat,"['login', 'gagal', 'data', 'sistem', 'belum', 'optimal', 'jangan', 'publik', 'benerin', 'sistem', 'nyusahin', 'masyarakat']"
Pengguna Google,4,2024-08-21 09:09:58,"Syarat lengkap cepat,,",0,unknown,3,22,2024-08,False,Positif,2024,2,syarat lengkap cepat,"['syarat', 'lengkap', 'cepat']"
Pengguna Google,2,2025-03-12 10:09:03,"Aplikasinya kok tidak sama dengan aplikasi DJP online, lebih bagus pakai aplikasi DJP online dari pada pakai aplikasi m-pajak ini..",0,unknown,20,131,2025-03,False,Negatif,2025,0,aplikasi tidak aplikasi djp online bagus pakai aplikasi djp online pakai aplikasi pajak,"['aplikasi', 'tidak', 'aplikasi', 'djp', 'online', 'bagus', 'pakai', 'aplikasi', 'djp', 'online', 'pakai', 'aplikasi', 'pajak']"
Pengguna Google,5,2024-03-05 17:14:03,Bagus,0,unknown,1,5,2024-03,True,Positif,2024,2,bagus,['bagus']
Pengguna Google,5,2025-02-06 09:10:43,Sangat membantu,0,unknown,2,15,2025-02,True,Positif,2025,2,bantu,['bantu']
Pengguna Google,5,2024-12-21 19:30:13,Berulang kali daftar gagal melulu kenapa,0,unknown,6,40,2024-12,False,Positif,2024,2,ulang kali daftar gagal melulu,"['ulang', 'kali', 'daftar', 'gagal', 'melulu']"
daniel apaaja,1,2025-01-29 22:47:42,Sangat buruk sekali,0,2.0.3,3,19,2025-01,False,Negatif,2025,0,buruk,['buruk']
Pengguna Google,5,2024-07-17 06:54:13,Mantap ...,0,1.2.0,2,10,2024-07,False,Positif,2024,2,mantap,['mantap']
Pengguna Google,5,2026-02-12 07:43:29,sangat membantu sekali dalam pelayanan pajak....,0,3.0.5,6,48,2026-02,False,Positif,2026,2,bantu layan pajak,"['bantu', 'layan', 'pajak']"
Pengguna Google,1,2025-09-19 10:56:52,"apk gajelas, uang pajak kemana aje bikin ribet lu",0,unknown,9,49,2025-09,False,Negatif,2025,0,aplikasi gajelas uang pajak mana aje bikin ribet lu,"['aplikasi', 'gajelas', 'uang', 'pajak', 'mana', 'aje', 'bikin', 'ribet', 'lu']"
Pengguna Google,4,2026-01-29 18:55:34,cobak dulu,0,unknown,2,10,2026-01,False,Positif,2026,2,cobak,['cobak']
Pengguna Google,4,2025-01-16 12:32:42,Good,0,unknown,1,4,2025-01,True,Positif,2025,2,good,['good']
Pengguna Google,1,2024-06-26 22:55:12,Busuk bego tolol koplak,0,1.4.0,4,23,2024-06,False,Negatif,2024,0,busuk bego tolol koplak,"['busuk', 'bego', 'tolol', 'koplak']"
Pengguna Google,4,2025-11-28 07:00:18,Bagus,0,2.0.6,1,5,2025-11,True,Positif,2025,2,bagus,['bagus']
Pengguna Google,5,2024-08-12 11:33:50,Ok,0,1.4.0,1,2,2024-08,True,Positif,2024,2,ok,['ok']
Pengguna Google,2,2025-09-01 10:41:37,"susah bgt login, eror terus",0,2.0.5,5,27,2025-09,False,Negatif,2025,0,susah login eror,"['susah', 'login', 'eror']"
Pengguna Google,5,2024-06-05 06:12:59,Sangat baik.,0,1.4.0,2,12,2024-06,False,Positif,2024,2,,[]
Pengguna Google,5,2025-01-22 20:23:30,Memberi kemudahan dalam masalah layanan perpajakan. Nunggu balasan email utk nanya efin harus saat jam kerja... harus sabar emang,0,2.0.3,19,129,2025-01,False,Positif,2025,2,mudah layan paja nunggu balas email nanya efin jam kerja sabar emang,"['mudah', 'layan', 'paja', 'nunggu', 'balas', 'email', 'nanya', 'efin', 'jam', 'kerja', 'sabar', 'emang']"
Pengguna Google,5,2024-02-07 15:36:46,Bongkar dong mas bro,1,1.2.5,4,20,2024-02,False,Positif,2024,2,bongkar mas bro,"['bongkar', 'mas', 'bro']"
Pengguna Google,5,2024-04-22 18:44:23,Bagus..pelayan cepat dan sangat membantu..memuaskan..good job,0,1.4.0,6,61,2024-04,False,Positif,2024,2,bagus layan cepat bantu muas good job,"['bagus', 'layan', 'cepat', 'bantu', 'muas', 'good', 'job']"
Pengguna Google,1,2025-08-27 18:52:19,"halah, gk web nya, gk app nya sama aja... app yang asal jadi. error semua..",6,2.0.5,15,75,2025-08,False,Negatif,2025,0,halah tidak web nya tidak aplikasi nya aplikasi error,"['halah', 'tidak', 'web', 'nya', 'tidak', 'aplikasi', 'nya', 'aplikasi', 'error']"
Pengguna Google,5,2026-04-21 15:38:42,mantap,0,3.0.9,1,6,2026-04,True,Positif,2026,2,mantap,['mantap']
Pengguna Google,1,2025-09-06 11:23:53,cortex sue asu bikin emosi input panjang panjang null eror,0,unknown,10,58,2025-09,False,Negatif,2025,0,cortex sue asu bikin emosi input null eror,"['cortex', 'sue', 'asu', 'bikin', 'emosi', 'input', 'null', 'eror']"
Pengguna Google,1,2024-06-27 09:47:52,Busuk nya masih minta ampun..parah ni aplikasi iya live chat GK bisa ngasih solusi..w minta efin bilang nya kirim email tp GK ada juga..di tlpon yg ada abisin pulsa terhung kagak..nyusahin rakyat doang..busuk,0,1.4.0,33,208,2024-06,False,Negatif,2024,0,busuk nya ampun parah ni aplikasi iya live chat tidak ngasih solusi efin bilang nya kirim email tidak tlpon abisin pulsa terhung tidak nyusahin rakyat busuk,"['busuk', 'nya', 'ampun', 'parah', 'ni', 'aplikasi', 'iya', 'live', 'chat', 'tidak', 'ngasih', 'solusi', 'efin', 'bilang', 'nya', 'kirim', 'email', 'tidak', 'tlpon', 'abisin', 'pulsa', 'terhung', 'tidak', 'nyusahin', 'rakyat', 'busuk']"
Pengguna Google,5,2024-04-20 11:41:11,TELKOMSEL ROLI,0,unknown,2,14,2024-04,False,Positif,2024,2,telkomsel rol,"['telkomsel', 'rol']"
Pengguna Google,5,2024-02-22 06:22:38,5 bintang,0,1.3.0,2,9,2024-02,False,Positif,2024,2,bintang,['bintang']
Pengguna Google,1,2024-05-18 16:01:45,Lah baru aja selesai bikin. Masa mau login susah amat data tidak ditemukan. Aplikasi dajjal. Ngabisin duit rakyat loh,0,1.4.0,19,117,2024-05,False,Negatif,2024,0,selesai bikin login susah data tidak temu aplikasi dajjal ngabisin duit rakyat,"['selesai', 'bikin', 'login', 'susah', 'data', 'tidak', 'temu', 'aplikasi', 'dajjal', 'ngabisin', 'duit', 'rakyat']"
Pengguna Google,1,2026-03-07 19:35:41,aplikasi pemerintahan masih butuh pulsa aja untuk aktivasi !!! jaman sekarang pulsa itu ngga terlalu dibutuhkan kecuali kouta !! tolong dong upgrade pemahamannya lagi !!!,4,3.0.6,25,170,2026-03,False,Negatif,2026,0,aplikasi perintah butuh pulsa aktivasi jaman pulsa tidak butuh kecuali kouta tolong upgrade paham,"['aplikasi', 'perintah', 'butuh', 'pulsa', 'aktivasi', 'jaman', 'pulsa', 'tidak', 'butuh', 'kecuali', 'kouta', 'tolong', 'upgrade', 'paham']"
Pengguna Google,5,2025-03-26 11:46:52,keren si.... minta EFIN ga harus ke KPP,0,2.0.4,8,39,2025-03,False,Positif,2025,2,keren si efin tidak kpp,"['keren', 'si', 'efin', 'tidak', 'kpp']"
Pengguna Google,1,2026-04-29 05:30:13,terburuklah intinya.,0,3.0.9,2,20,2026-04,False,Negatif,2026,0,buruk inti,"['buruk', 'inti']"
salim mi'raj,5,2024-02-12 07:33:52,Good app,0,1.2.2,2,8,2024-02,True,Positif,2024,2,good aplikasi,"['good', 'aplikasi']"
Pengguna Google,5,2025-03-25 13:12:30,sangat membantu,0,2.0.3,2,15,2025-03,True,Positif,2025,2,bantu,['bantu']
Pengguna Google,5,2024-02-20 00:43:42,Sangat Puas,0,unknown,2,11,2024-02,False,Positif,2024,2,puas,['puas']
Herry,1,2025-02-07 13:08:09,"Error terus, gak berguna. Email terdaftar email pribadi gmail petugas pajaknya. 👎🏻",0,2.0.3,12,82,2025-02,False,Negatif,2025,0,error tidak guna email daftar email pribadi gmail tugas pajak,"['error', 'tidak', 'guna', 'email', 'daftar', 'email', 'pribadi', 'gmail', 'tugas', 'pajak']"
Pengguna Google,5,2025-02-24 20:52:10,Bagus sekali aplikasi ini,0,2.0.2,4,25,2025-02,False,Positif,2025,2,bagus aplikasi,"['bagus', 'aplikasi']"
Pengguna Google,1,2024-06-24 07:22:28,Tidak berfungsi,0,1.4.0,2,15,2024-06,False,Negatif,2024,0,tidak fungsi,"['tidak', 'fungsi']"
Pengguna Google,1,2024-01-26 01:43:47,Konyol. Rakyat Sudah beritikat baik lapor pajak. Pas daftar aktifasi efin harus ke kantor. Apa guna aplikasi. Sampah mempersulit rakyat,2,1.2.5,20,135,2024-01,False,Negatif,2024,0,konyol rakyat beritikat lapor pajak pas daftar aktifasi efin kantor aplikasi sampah sulit rakyat,"['konyol', 'rakyat', 'beritikat', 'lapor', 'pajak', 'pas', 'daftar', 'aktifasi', 'efin', 'kantor', 'aplikasi', 'sampah', 'sulit', 'rakyat']"
Pengguna Google,1,2025-07-04 17:01:48,"jelek banget, tiap mau login gagal terus. gimana mau lapor coba. payah",0,2.0.4,12,70,2025-07,False,Negatif,2025,0,jelek login gagal lapor coba payah,"['jelek', 'login', 'gagal', 'lapor', 'coba', 'payah']"
Pengguna Google,1,2026-02-18 10:05:42,"data udah sesuai semua malah Gagal pembaharuan akun, mau lapor pajak aja susah amat",1,3.0.6,14,83,2026-02,False,Negatif,2026,0,data sesuai gagal baharu akun lapor pajak susah,"['data', 'sesuai', 'gagal', 'baharu', 'akun', 'lapor', 'pajak', 'susah']"
Pengguna Google,1,2026-02-07 23:43:39,ribet,0,2.0.6,1,5,2026-02,True,Negatif,2026,0,ribet,['ribet']
Alfian Aldi,1,2025-03-01 09:45:33,"Verifikasi email udah nunggu 7 jam lebih, pas muncul malah GAGAL MULUUU",1,2.0.3,12,71,2025-03,False,Negatif,2025,0,verifikasi email nunggu jam pas muncul gagal muluuu,"['verifikasi', 'email', 'nunggu', 'jam', 'pas', 'muncul', 'gagal', 'muluuu']"
Pengguna Google,1,2024-12-18 09:55:38,"taekkkk, gari verifikasi otp malah gak iso",0,2.0.0,7,42,2024-12,False,Negatif,2024,0,taekkkk gari verifikasi otp tidak iso,"['taekkkk', 'gari', 'verifikasi', 'otp', 'tidak', 'iso']"
Pengguna Google,5,2025-05-08 10:17:09,mantab,0,2.0.3,1,6,2025-05,True,Positif,2025,2,mantab,['mantab']
Pengguna Google,5,2025-05-13 22:21:39,sangat baik,0,unknown,2,11,2025-05,True,Positif,2025,2,,[]
Pengguna Google,4,2025-08-13 14:34:49,luar biasa sangat membantu,0,unknown,4,26,2025-08,False,Positif,2025,2,bantu,['bantu']
Pengguna Google,1,2025-03-26 17:55:54,bikin NPWP di persulit,0,2.0.4,4,22,2025-03,False,Negatif,2025,0,bikin npwp sulit,"['bikin', 'npwp', 'sulit']"
Pengguna Google,5,2024-05-15 11:16:19,Ini apakah bisa diakomodir jika lupa efin?,0,unknown,7,42,2024-05,False,Positif,2024,2,diakomodir lupa efin,"['diakomodir', 'lupa', 'efin']"
Shendi,1,2026-04-18 13:34:31,1.Login > Error 2.Lupa sandi > Error 3.Aktivasi akun > Error 4.Nyoba registrasi akun > NIK sudah terdaftar Nyusahin emang 👎🏼,0,3.0.9,21,124,2026-04,False,Negatif,2026,0,login error lupa sandi error aktivasi akun error nyoba registrasi akun nik daftar nyusahin emang,"['login', 'error', 'lupa', 'sandi', 'error', 'aktivasi', 'akun', 'error', 'nyoba', 'registrasi', 'akun', 'nik', 'daftar', 'nyusahin', 'emang']"
Pengguna Google,2,2025-02-24 20:06:34,bug nya perbaiki,0,2.0.3,3,16,2025-02,False,Negatif,2025,0,bug nya baik,"['bug', 'nya', 'baik']"
Pengguna Google,5,2025-07-23 20:42:47,"gara-gara APK ini banyak kasus penipuan yang mengatasnamakan dari kantor pajak sampai"" semuanya data di curi dari HP. NIK ktp , no WA di sadap, foto KTP foto kk di curi, minta no rekening. jadi di ingat ya tmn' kalau ada yng nelpon no tidak di kenal trus minta install M pajak jangan ya kalau gak mau saldo rekening ke bobolan. sekali lagi jangan ya 👍👍",219,2.0.4,66,352,2025-07,False,Positif,2025,2,gara gara aplikasi tipu mengatasnamakan kantor pajak data curi handphone nik ktp nomor wa sadap foto ktp foto kk curi nomor rekening tmn nelpon nomor tidak kenal install pajak jangan tidak saldo rekening bobol jangan,"['gara', 'gara', 'aplikasi', 'tipu', 'mengatasnamakan', 'kantor', 'pajak', 'data', 'curi', 'handphone', 'nik', 'ktp', 'nomor', 'wa', 'sadap', 'foto', 'ktp', 'foto', 'kk', 'curi', 'nomor', 'rekening', 'tmn', 'nelpon', 'nomor', 'tidak', 'kenal', 'install', 'pajak', 'jangan', 'tidak', 'saldo', 'rekening', 'bobol', 'jangan']"
Pengguna Google,5,2025-10-12 12:57:27,sangat bagus maksih yh,0,2.0.5,4,22,2025-10,False,Positif,2025,2,bagus maksih yh,"['bagus', 'maksih', 'yh']"
Pengguna Google,1,2026-04-13 10:26:42,banyakan di tilep biaya r&d nya ini aplikasi 🤣 gak usah saya jelasin dah ya kenapa saya tulis begini yang lain udah banyak jelasin di bawah,0,3.0.9,26,139,2026-04,False,Negatif,2026,0,banyak tilep biaya nya aplikasi tidak jelasin dah tulis jelasin,"['banyak', 'tilep', 'biaya', 'nya', 'aplikasi', 'tidak', 'jelasin', 'dah', 'tulis', 'jelasin']"
Pengguna Google,5,2024-12-27 09:00:29,"Sebelumnya punya masalah di aplikasi ini. Per tgl 27 Desember appsnya sudah diperbaharui.. yang sebelumnya punya masalah di verifikasi, skrg sudah bisa. Boleh di coba lagi.",37,2.0.1,26,172,2024-12,False,Positif,2024,2,aplikasi tgl desember appsnya baharu verifikasi coba,"['aplikasi', 'tgl', 'desember', 'appsnya', 'baharu', 'verifikasi', 'coba']"
Pengguna Google,1,2026-01-27 11:36:36,"urusan nya aja sulit di persulit, uangnya di kemanain",0,unknown,9,53,2026-01,False,Negatif,2026,0,urus nya sulit sulit uang kemanain,"['urus', 'nya', 'sulit', 'sulit', 'uang', 'kemanain']"
Pengguna Google,1,2026-03-05 14:40:22,"susah login, dapatin kodeverifikasi aja ribet",0,3.0.6,6,45,2026-03,False,Negatif,2026,0,susah login dapatin kodeverifikasi ribet,"['susah', 'login', 'dapatin', 'kodeverifikasi', 'ribet']"
Pengguna Google,1,2026-03-06 14:44:04,"dikit dikit salah, email sandi no hp udh benar, log in di persulit",1,3.0.6,13,66,2026-03,False,Negatif,2026,0,dikit dikit salah email sandi nomor handphone log in sulit,"['dikit', 'dikit', 'salah', 'email', 'sandi', 'nomor', 'handphone', 'log', 'in', 'sulit']"
Pengguna Google,5,2025-02-04 16:06:00,pelayanan pajak prima dan praktis,0,1.4.0,5,33,2025-02,False,Positif,2025,2,layan pajak prima praktis,"['layan', 'pajak', 'prima', 'praktis']"
Pengguna Google,5,2025-03-25 10:22:03,Mantap Pelayanan Nya,0,unknown,3,20,2025-03,False,Positif,2025,2,mantap layan nya,"['mantap', 'layan', 'nya']"
Pengguna Google,1,2024-01-10 12:10:13,Aplikasi gak jelasss input NIK kok kuarang 1,0,1.2.5,8,44,2024-01,False,Negatif,2024,0,aplikasi tidak jelasss input nik arang,"['aplikasi', 'tidak', 'jelasss', 'input', 'nik', 'arang']"
Odyssey Mirza,1,2024-09-06 19:17:59,Selalu error dan link seringkali tidak berfungsi,0,1.4.0,7,48,2024-09,False,Negatif,2024,0,error link seringkali tidak fungsi,"['error', 'link', 'seringkali', 'tidak', 'fungsi']"
Pengguna Google,1,2025-06-30 09:52:46,gK bisa membantu pelaporan ribet kalo mesti ke kantor pajak gak guna aplikasi ini,0,unknown,14,81,2025-06,False,Negatif,2025,0,tidak bantu lapor ribet kalo mesti kantor pajak tidak aplikasi,"['tidak', 'bantu', 'lapor', 'ribet', 'kalo', 'mesti', 'kantor', 'pajak', 'tidak', 'aplikasi']"
Pengguna Google,5,2025-05-19 10:49:46,ok,0,2.0.3,1,2,2025-05,True,Positif,2025,2,ok,['ok']
Pengguna Google,1,2024-05-19 22:59:27,Pembuat aplikasi nya kurang bagus,0,unknown,5,33,2024-05,False,Negatif,2024,0,buat aplikasi nya bagus,"['buat', 'aplikasi', 'nya', 'bagus']"
Pengguna Google,1,2025-11-25 22:02:48,gagal log in... selalu error,0,2.0.6,5,28,2025-11,False,Negatif,2025,0,gagal log in error,"['gagal', 'log', 'in', 'error']"
Pengguna Google,5,2024-03-20 10:39:28,Ok,0,unknown,1,2,2024-03,True,Positif,2024,2,ok,['ok']
Pengguna Google,5,2025-01-17 11:04:47,"Alhamdulillah sistemnya udah di update, tanya kode ifin langsung patass. Ok tingkatkan lagi untuk mempermudah masyarakat, untuk taat perpajakan",13,2.0.3,19,143,2025-01,False,Positif,2025,2,alhamdulillah sistem update kode ifin langsung patass ok tingkat mudah masyarakat taat paja,"['alhamdulillah', 'sistem', 'update', 'kode', 'ifin', 'langsung', 'patass', 'ok', 'tingkat', 'mudah', 'masyarakat', 'taat', 'paja']"
Pengguna Google,5,2024-01-17 09:03:23,"Min, data alamat kok nggak bisa diganti, padahal sudah pindah alamat 😂😂😂",0,unknown,12,72,2024-01,False,Positif,2024,2,min data alamat tidak ganti pindah alamat,"['min', 'data', 'alamat', 'tidak', 'ganti', 'pindah', 'alamat']"
Pengguna Google,5,2024-03-18 18:36:48,Cukup baguss,0,1.4.0,2,12,2024-03,False,Positif,2024,2,baguss,['baguss']
Pengguna Google,5,2024-02-05 07:42:14,Ok,0,1.2.5,1,2,2024-02,True,Positif,2024,2,ok,['ok']
Pengguna Google,1,2025-05-17 09:43:10,"aplikasi tergak niatt si ini ,baru aja mau mau daftar tp ngga bisa "" ,boro"" login apk.nya klik daftar disininya aja ngga ada,",2,2.0.4,23,125,2025-05,False,Negatif,2025,0,aplikasi tergak niatt si daftar tidak boro login aplikasi nya klik daftar sin tidak,"['aplikasi', 'tergak', 'niatt', 'si', 'daftar', 'tidak', 'boro', 'login', 'aplikasi', 'nya', 'klik', 'daftar', 'sin', 'tidak']"
Pengguna Google,5,2024-11-15 00:28:27,Proses masuk nya suguh sungguh harus paham dan harus mengerti di pelajari yang benar dan teliti Alhamdulillah akhirnya bisa masuk menjadi pengguna baru NPWP terimakasih atas bantuannya para suhu2 yg sudah me ngasih Tao caranya sukses selalu buat kalian yg blum bisa masuk,0,1.4.0,43,271,2024-11,False,Positif,2024,2,proses masuk nya suguh sungguh paham erti ajar teliti alhamdulillah masuk guna npwp terimakasih bantu suhu me ngasih tao sukses belum masuk,"['proses', 'masuk', 'nya', 'suguh', 'sungguh', 'paham', 'erti', 'ajar', 'teliti', 'alhamdulillah', 'masuk', 'guna', 'npwp', 'terimakasih', 'bantu', 'suhu', 'me', 'ngasih', 'tao', 'sukses', 'belum', 'masuk']"
Pengguna Google,5,2025-04-13 15:51:29,tertarik,0,unknown,1,8,2025-04,False,Positif,2025,2,tarik,['tarik']
Pengguna Google,5,2024-01-09 07:01:18,Good,0,unknown,1,4,2024-01,True,Positif,2024,2,good,['good']
Pengguna Google,5,2025-03-06 16:36:27,Yang aku maah blm. Log in.,0,2.0.3,6,26,2025-03,False,Positif,2025,2,maah belum log in,"['maah', 'belum', 'log', 'in']"
Pengguna Google,1,2025-11-20 08:39:20,apk gk jelas,0,2.0.6,3,12,2025-11,False,Negatif,2025,0,aplikasi tidak,"['aplikasi', 'tidak']"
Pengguna Google,1,2025-01-07 19:45:15,Bintang aja yg nilai,0,2.0.2,4,20,2025-01,False,Negatif,2025,0,bintang nilai,"['bintang', 'nilai']"
Muhammad Febrian Adi Saputra,1,2024-02-18 10:20:57,"Registrasi EFIN tidak bisa, sudah ikut prosedur sampai dapat OTP, pas masukin kode lalu klik muncul notif sekilas dan tidak ada kelanjutannya,",0,unknown,22,142,2024-02,False,Negatif,2024,0,registrasi efin tidak prosedur otp pas masukin kode klik muncul notif kilas tidak lanjut,"['registrasi', 'efin', 'tidak', 'prosedur', 'otp', 'pas', 'masukin', 'kode', 'klik', 'muncul', 'notif', 'kilas', 'tidak', 'lanjut']"
Pengguna Google,1,2025-11-13 09:09:34,sangat buruk,0,2.0.6,2,12,2025-11,True,Negatif,2025,0,buruk,['buruk']
Pengguna Google,5,2025-09-18 17:02:41,Ok,0,2.0.6,1,2,2025-09,True,Positif,2025,2,ok,['ok']
Pengguna Google,5,2025-09-12 21:06:59,sangat mudah di akses,0,2.0.6,4,21,2025-09,False,Positif,2025,2,mudah akses,"['mudah', 'akses']"
Pengguna Google,5,2024-12-19 22:37:39,Saya hanya ingin lihat data PPh 21 saya,0,2.0.0,8,39,2024-12,False,Positif,2024,2,lihat data pph,"['lihat', 'data', 'pph']"
Pengguna Google,1,2024-02-07 18:14:37,"Applikasi sama pemerintah juga gak guna. Rakyat aja di pajakin tapi layanan online nya NOLLL. Gak ada yang bermutu, gak ada yang berguna. Gak bisa di akses, minta kode EFIN aja ribetnya kaya apa aja. Gagal² terus di verifikasi padahal data yg di masukan sudah benar.👎👎👎👎👎👎",59,1.3.0,46,272,2024-02,False,Negatif,2024,0,applikasi perintah tidak rakyat pajakin layan online nya nolll tidak mutu tidak guna tidak akses kode efin ribetnya kaya gagal verifikasi data masuk,"['applikasi', 'perintah', 'tidak', 'rakyat', 'pajakin', 'layan', 'online', 'nya', 'nolll', 'tidak', 'mutu', 'tidak', 'guna', 'tidak', 'akses', 'kode', 'efin', 'ribetnya', 'kaya', 'gagal', 'verifikasi', 'data', 'masuk']"
Pengguna Google,5,2024-07-18 11:28:46,Error kalau buat log in...,0,1.4.0,5,26,2024-07,False,Positif,2024,2,error log in,"['error', 'log', 'in']"
Pengguna Google,1,2026-04-28 21:02:50,DISURUH LAPOR PAJAK TAPI DIBIKIN PUSING CARA LAPORNYA... PANTESAN PADA MALES BIKIN SPT...,0,unknown,13,89,2026-04,False,Negatif,2026,0,suruh lapor pajak bikin pusing lapor pantesan males bikin spt,"['suruh', 'lapor', 'pajak', 'bikin', 'pusing', 'lapor', 'pantesan', 'males', 'bikin', 'spt']"
Pengguna Google,1,2026-02-25 11:37:04,aplikasi Zonk lemot sekali,0,3.0.6,4,26,2026-02,False,Negatif,2026,0,aplikasi zonk lot,"['aplikasi', 'zonk', 'lot']"
Pengguna Google,5,2024-03-06 22:12:33,"Membantu banget everybody, donk.",0,1.3.0,4,32,2024-03,False,Positif,2024,2,bantu everybody donk,"['bantu', 'everybody', 'donk']"
Pengguna Google,5,2024-12-03 12:06:07,Lumayan,0,1.4.0,1,7,2024-12,False,Positif,2024,2,lumayan,['lumayan']
Pengguna Google,1,2024-03-28 15:37:22,ribettttt,0,1.4.0,1,9,2024-03,False,Negatif,2024,0,ribettttt,['ribettttt']
Pengguna Google,5,2025-01-18 01:41:06,Oke,0,2.0.1,1,3,2025-01,True,Positif,2025,2,oke,['oke']
Pengguna Google,4,2025-10-08 15:50:02,pelayanan pajak baik,0,2.0.6,3,20,2025-10,False,Positif,2025,2,layan pajak,"['layan', 'pajak']"
Pengguna Google,1,2025-10-01 21:20:39,kalian kalian semua kelak di akhirat akan di minta pertanggungjawaban atas pajak yg kalian terima !,0,2.0.6,16,99,2025-10,False,Negatif,2025,0,kelak akhirat pertanggungjawaban pajak terima,"['kelak', 'akhirat', 'pertanggungjawaban', 'pajak', 'terima']"
Pengguna Google,2,2025-03-01 07:21:56,"Untuk masuk harus nunggu verifikasi email masuk,nah email-nya untuk dapetin nomer verifikasinya hampir 6jam baru email masuk pas di gunakan ya gak berlaku kode kadaluarsa",0,1.2.5,25,170,2025-03,False,Negatif,2025,0,masuk nunggu verifikasi email masuk email nya dapetin nomer verifikasi jam email masuk pas tidak laku kode kadaluarsa,"['masuk', 'nunggu', 'verifikasi', 'email', 'masuk', 'email', 'nya', 'dapetin', 'nomer', 'verifikasi', 'jam', 'email', 'masuk', 'pas', 'tidak', 'laku', 'kode', 'kadaluarsa']"
Pengguna Google,5,2026-04-10 18:51:06,mantap,0,unknown,1,6,2026-04,True,Positif,2026,2,mantap,['mantap']
Pengguna Google,4,2024-06-02 19:03:41,Akalau ngak bagia hapus lagi bos,0,unknown,6,32,2024-06,False,Positif,2024,2,akalau ngak bagia hapus bos,"['akalau', 'ngak', 'bagia', 'hapus', 'bos']"
Pengguna Google,5,2024-02-05 09:18:04,Sangat membantu,0,1.2.5,2,15,2024-02,True,Positif,2024,2,bantu,['bantu']
Pengguna Google,5,2026-02-27 06:59:38,bagus,0,3.0.6,1,5,2026-02,True,Positif,2026,2,bagus,['bagus']
Pengguna Google,5,2026-03-09 09:15:04,good,0,3.0.6,1,4,2026-03,True,Positif,2026,2,good,['good']
Pengguna Google,1,2025-09-19 08:53:58,"susah bener masuk ke aplikasi, email verifikasi nya gak ada, padahal diaplikasi ada notif ""kode verifikasi sudah dikirim ke email"" , bahkan di spam juga gak ada, emang butuh waktu berapa lama ya buat kirim email kode verifikasinya?",19,2.0.6,38,231,2025-09,False,Negatif,2025,0,susah bener masuk aplikasi email verifikasi nya tidak aplikasi notif kode verifikasi kirim email spam tidak emang butuh kirim email kode verifikasi,"['susah', 'bener', 'masuk', 'aplikasi', 'email', 'verifikasi', 'nya', 'tidak', 'aplikasi', 'notif', 'kode', 'verifikasi', 'kirim', 'email', 'spam', 'tidak', 'emang', 'butuh', 'kirim', 'email', 'kode', 'verifikasi']"
Pengguna Google,1,2024-09-02 20:12:30,situs tidak dapat dijangkau 🤣🤣🤣,0,1.4.0,5,31,2024-09,False,Negatif,2024,0,situs tidak jangkau,"['situs', 'tidak', 'jangkau']"
Pengguna Google,5,2024-07-19 15:09:26,"Alhamdulillah NPWP saya sudah terdaftar.... makasih banyak. Awalnya mengalami kesulitan,ulang terus menerus,berkali kali, akhirnya lengkap sudah pengisian saya NPWP per orangan",0,unknown,21,176,2024-07,False,Positif,2024,2,alhamdulillah npwp daftar terima kasih alami sulit ulang terus kali kali lengkap isi npwp orang,"['alhamdulillah', 'npwp', 'daftar', 'terima', 'kasih', 'alami', 'sulit', 'ulang', 'terus', 'kali', 'kali', 'lengkap', 'isi', 'npwp', 'orang']"
Pengguna Google,2,2025-01-15 05:27:31,"Aplikasi tergaberguna asli udah di coba verifikasi email Ampe berhari hari tuh email kaga masuk masuk, sue bnget dah, ujung ujungnya malah harus Dateng ke KPP langsung akhh tolong dong yaa di tingkatkan lagi untuk masyarakat, katanya lebih mudah klo digital ini malah mempersulit, mau login ajh GK bisa bisa , gimana klo lagi keadaan terdesak",0,unknown,56,342,2025-01,False,Negatif,2025,0,aplikasi tergaberguna asli coba verifikasi email ampe hari tuh email tidak masuk masuk sue bnget dah ujung ujung dateng kpp langsung akhh tolong tingkat masyarakat mudah klo digital sulit login ajh tidak klo desak,"['aplikasi', 'tergaberguna', 'asli', 'coba', 'verifikasi', 'email', 'ampe', 'hari', 'tuh', 'email', 'tidak', 'masuk', 'masuk', 'sue', 'bnget', 'dah', 'ujung', 'ujung', 'dateng', 'kpp', 'langsung', 'akhh', 'tolong', 'tingkat', 'masyarakat', 'mudah', 'klo', 'digital', 'sulit', 'login', 'ajh', 'tidak', 'klo', 'desak']"
Pengguna Google,1,2024-06-21 02:24:41,Gak fungsi,0,1.4.0,2,10,2024-06,False,Negatif,2024,0,tidak fungsi,"['tidak', 'fungsi']"
Pengguna Google,5,2025-01-30 17:22:59,Memberikan kemudahan dalam administrasi dan pelaporan pajak tanpa harus datang dan antri secara fisik di kantor pajak,2,2.0.3,17,117,2025-01,False,Positif,2025,2,mudah administrasi lapor pajak tanpa antri fisik kantor pajak,"['mudah', 'administrasi', 'lapor', 'pajak', 'tanpa', 'antri', 'fisik', 'kantor', 'pajak']"
Pengguna Google,1,2025-02-24 16:00:47,"Kenapa pelaporan harus mandiri? Udh aja otomatis pak kendala aplikasinya error mulu tiap pelaporan, mohon sistemnya pelaporan secara otomatis saja karena mempersulit jatuhnya kan tiap bulan pajak ada data toh pastinya yang disimpan sekelas pemerintah ini masa harus ada pelaporan lagi, apalagi ini web dan aplikasi sering error tiap tahun karena penggunaan overload",3,2.0.3,53,365,2025-02,False,Negatif,2025,0,lapor mandiri otomatis kendala aplikasi error mulu lapor mohon sistem lapor otomatis sulit jatuh pajak data pasti simpan kelas perintah lapor web aplikasi error guna overload,"['lapor', 'mandiri', 'otomatis', 'kendala', 'aplikasi', 'error', 'mulu', 'lapor', 'mohon', 'sistem', 'lapor', 'otomatis', 'sulit', 'jatuh', 'pajak', 'data', 'pasti', 'simpan', 'kelas', 'perintah', 'lapor', 'web', 'aplikasi', 'error', 'guna', 'overload']"
Pengguna Google,4,2024-12-12 12:13:17,Tolong tombol verifikasi OTPnya diperbaiki. Selama itu kah memperbaiki bug tersebut?,11,2.0.0,11,84,2024-12,False,Positif,2024,2,tolong tombol verifikasi otpnya baik kah baik bug,"['tolong', 'tombol', 'verifikasi', 'otpnya', 'baik', 'kah', 'baik', 'bug']"
Samy Link,1,2024-06-25 18:37:11,"Brp kali minta request code via SMS, ga pernah masuk smsnya, pulsa padahal ada, kuita internet ada. Di test via email, malah di kirimnya ke email lain, aneh.",0,1.4.0,28,157,2024-06,False,Negatif,2024,0,brp kali request code via sms tidak masuk smsnya pulsa kuita internet test via email kirim email aneh,"['brp', 'kali', 'request', 'code', 'via', 'sms', 'tidak', 'masuk', 'smsnya', 'pulsa', 'kuita', 'internet', 'test', 'via', 'email', 'kirim', 'email', 'aneh']"
Pengguna Google,1,2025-12-27 09:22:11,mau laporan SPT tahunan ga da menu laporannya...,0,2.0.6,8,48,2025-12,False,Negatif,2025,0,lapor spt tahun tidak da menu lapor,"['lapor', 'spt', 'tahun', 'tidak', 'da', 'menu', 'lapor']"
Pengguna Google,2,2024-03-16 12:32:38,mohon di perbaiki aplikasi nya,0,1.4.0,5,30,2024-03,False,Negatif,2024,0,mohon baik aplikasi nya,"['mohon', 'baik', 'aplikasi', 'nya']"
Pengguna Google,5,2026-02-26 23:20:59,Sangat Membantu,0,unknown,2,15,2026-02,True,Positif,2026,2,bantu,['bantu']
Pengguna Google,2,2025-12-30 12:41:55,ayo dong perbaiki lagi ..biar lebih mudah untum daftar npwp nya,0,unknown,11,63,2025-12,False,Negatif,2025,0,ayo baik biar mudah untum daftar npwp nya,"['ayo', 'baik', 'biar', 'mudah', 'untum', 'daftar', 'npwp', 'nya']"
Pengguna Google,5,2024-04-13 05:12:29,mantap 👍,0,1.4.0,2,8,2024-04,True,Positif,2024,2,mantap,['mantap']
Pengguna Google,4,2025-03-28 15:23:53,Semoga bermanfaat bagi orang kecil sepeeri saya dan mudah dipmengerti cara penginputan dan menggunakan bahasa yg mudah dipahami oleh masyarakat kecil baik umkm/usaha kecil minim,31,2.0.4,25,177,2025-03,False,Positif,2025,2,moga manfaat orang sepeeri mudah dipmengerti penginputan bahasa mudah paham masyarakat umkm usaha minim,"['moga', 'manfaat', 'orang', 'sepeeri', 'mudah', 'dipmengerti', 'penginputan', 'bahasa', 'mudah', 'paham', 'masyarakat', 'umkm', 'usaha', 'minim']"
Pengguna Google,1,2025-05-23 13:09:09,"jangan nerima duit setoran pajak aja, perbaiki system web/aplikasinya. jaman digital masih lemot aja. verifikasi data sampai numpuk code otp. alhasil tidak bisa di masukkan.",0,unknown,25,173,2025-05,False,Negatif,2025,0,jangan nerima duit setor pajak baik system web aplikasi jaman digital lot verifikasi data numpuk code otp alhasil tidak masuk,"['jangan', 'nerima', 'duit', 'setor', 'pajak', 'baik', 'system', 'web', 'aplikasi', 'jaman', 'digital', 'lot', 'verifikasi', 'data', 'numpuk', 'code', 'otp', 'alhasil', 'tidak', 'masuk']"
Pengguna Google,5,2024-03-04 15:34:16,Mantap,0,1.3.0,1,6,2024-03,True,Positif,2024,2,mantap,['mantap']
Pengguna Google,1,2024-03-19 14:56:34,Internet cepet buat apa? Lapor pajak aja susah🤦lemot,0,unknown,8,52,2024-03,False,Negatif,2024,0,internet cepet lapor pajak susah lot,"['internet', 'cepet', 'lapor', 'pajak', 'susah', 'lot']"
Pengguna Google,5,2025-09-18 18:21:14,okebaik,0,unknown,1,7,2025-09,False,Positif,2025,2,okebaik,['okebaik']
Pengguna Google,5,2025-08-06 06:51:57,baik,0,2.0.4,1,4,2025-08,True,Positif,2025,2,,[]
Pengguna Google,4,2024-12-27 06:08:39,Masih bagus,0,2.0.1,2,11,2024-12,False,Positif,2024,2,bagus,['bagus']
Pengguna Google,5,2024-03-30 11:24:34,Ok,0,unknown,1,2,2024-03,True,Positif,2024,2,ok,['ok']
Pengguna Google,5,2024-03-25 08:56:03,sangat membantu,0,unknown,2,15,2024-03,True,Positif,2024,2,bantu,['bantu']
Pengguna Google,5,2024-10-03 14:21:55,Sangat bagus,0,1.4.0,2,12,2024-10,True,Positif,2024,2,bagus,['bagus']
Pengguna Google,1,2025-02-21 14:18:01,"Jujur, layanan pajak saat ini semakin susah, web utama coretax menghilangkan beberapa menu ereg dulu, padahal menu cek npwp juga penting tapi coretax belum memfasilitasi, ngurus efin lewat sini juga bingung soalnya nomer npwp aja nggak tau gimana ngurusnya kalau nggak ada menu buat cek nomer npwp nya",0,unknown,48,301,2025-02,False,Negatif,2025,0,jujur layan pajak susah web utama coretax hilang menu ereg menu cek npwp coretax belum fasilitas ngurus efin bingung nomer npwp tidak ngurusnya tidak menu cek nomer npwp nya,"['jujur', 'layan', 'pajak', 'susah', 'web', 'utama', 'coretax', 'hilang', 'menu', 'ereg', 'menu', 'cek', 'npwp', 'coretax', 'belum', 'fasilitas', 'ngurus', 'efin', 'bingung', 'nomer', 'npwp', 'tidak', 'ngurusnya', 'tidak', 'menu', 'cek', 'nomer', 'npwp', 'nya']"
Pengguna Google,1,2026-02-26 12:48:06,"klik spt keterangannya site under construction,gimana mau taat lapor kalau gini trs",0,3.0.6,12,83,2026-02,False,Negatif,2026,0,klik spt terang site under construction taat lapor,"['klik', 'spt', 'terang', 'site', 'under', 'construction', 'taat', 'lapor']"
Pengguna Google,5,2024-07-10 09:23:08,Bagus,0,1.4.0,1,5,2024-07,True,Positif,2024,2,bagus,['bagus']
Pengguna Google,5,2024-10-02 13:57:36,"bagus banget appl nya sampe"" aq ga percaya bahwa applikasi ini ada terimakasih",0,1.4.0,13,78,2024-10,False,Positif,2024,2,bagus appl nya sampe aq tidak percaya applikasi terimakasih,"['bagus', 'appl', 'nya', 'sampe', 'aq', 'tidak', 'percaya', 'applikasi', 'terimakasih']"
Afilla Pratama,1,2024-02-02 15:18:49,Aplikasi sampah,0,1.2.5,2,15,2024-02,True,Negatif,2024,0,aplikasi sampah,"['aplikasi', 'sampah']"
Pengguna Google,5,2025-02-12 08:31:47,Baik,0,2.0.0,1,4,2025-02,True,Positif,2025,2,,[]
Pengguna Google,5,2024-12-03 17:08:11,👍👍👍👍👍,0,unknown,1,5,2024-12,True,Positif,2024,2,,[]
Pengguna Google,5,2025-04-17 06:35:05,saya baru membuka aplikasi ini semoga mempermudah saya utk pengurusan pajak dll trima kasih,0,2.0.4,14,91,2025-04,False,Positif,2025,2,buka aplikasi moga mudah urus pajak dll trima kasih,"['buka', 'aplikasi', 'moga', 'mudah', 'urus', 'pajak', 'dll', 'trima', 'kasih']"
Pengguna Google,1,2024-12-04 12:37:19,"Data saya bocor, tolong di tindak lanjuti",0,unknown,7,41,2024-12,False,Negatif,2024,0,data bocor tolong tindak lanjut,"['data', 'bocor', 'tolong', 'tindak', 'lanjut']"
Pengguna Google,5,2024-09-05 09:41:31,Sangay bermangfaat sekali sangat membantu,0,1.4.0,5,41,2024-09,False,Positif,2024,2,sangay bermangfaat bantu,"['sangay', 'bermangfaat', 'bantu']"
Pengguna Google,1,2024-08-22 09:16:45,Useless,0,1.4.0,1,7,2024-08,True,Negatif,2024,0,useless,['useless']
Pengguna Google,5,2025-01-30 06:53:30,Ok,0,unknown,1,2,2025-01,True,Positif,2025,2,ok,['ok']
Pengguna Google,5,2024-02-07 03:27:28,Ben seneng,0,1.2.5,2,10,2024-02,False,Positif,2024,2,ben neng,"['ben', 'neng']"
Pengguna Google,5,2025-03-06 23:47:54,"Awalnya sempet takut lihat komentar-komentar, tapi ini tadi saya coba pelan2 langsung dapat kode verifikasi dan nomer efin langsung dikirim, intinya memang harus sabar, dan coba deh pas jam malam, soalnya ini saya nyoba sekitar jam setengah 12 malem, ya sapa tau memang bukan jam kerja, bisa cepet, selamat mencoba teman-teman semoga berhasil",0,2.0.3,53,342,2025-03,False,Positif,2025,2,sempet takut lihat komentar komentar coba pelan langsung kode verifikasi nomer efin langsung kirim inti sabar coba pas jam malam nyoba jam malem sapa bukan jam kerja cepet selamat coba teman teman moga hasil,"['sempet', 'takut', 'lihat', 'komentar', 'komentar', 'coba', 'pelan', 'langsung', 'kode', 'verifikasi', 'nomer', 'efin', 'langsung', 'kirim', 'inti', 'sabar', 'coba', 'pas', 'jam', 'malam', 'nyoba', 'jam', 'malem', 'sapa', 'bukan', 'jam', 'kerja', 'cepet', 'selamat', 'coba', 'teman', 'teman', 'moga', 'hasil']"
Pengguna Google,1,2026-03-07 11:19:58,"GUWOBLOK YG BIKIN WEB SAMA APLIKASI GA MEMUDAHKAN MALAH BIKIN SUSAH ORG, GA HERAN KALO BANYAK NARASI STOP BAYAR PAJAK",0,3.0.6,20,117,2026-03,False,Negatif,2026,0,guwoblok bikin web aplikasi tidak mudah bikin susah orang tidak heran kalo narasi stop bayar pajak,"['guwoblok', 'bikin', 'web', 'aplikasi', 'tidak', 'mudah', 'bikin', 'susah', 'orang', 'tidak', 'heran', 'kalo', 'narasi', 'stop', 'bayar', 'pajak']"
Pengguna Google,2,2024-01-16 21:52:38,"Katanya ngisi no NPWP atau Nik, ketika isi NIK tidak bisa karena hanya bisa 15 digit",0,1.2.5,16,84,2024-01,False,Negatif,2024,0,ngisi nomor npwp nik isi nik tidak digit,"['ngisi', 'nomor', 'npwp', 'nik', 'isi', 'nik', 'tidak', 'digit']"
Pengguna Google,5,2025-05-21 12:23:43,Good job! :),0,2.0.4,3,12,2025-05,True,Positif,2025,2,good job,"['good', 'job']"
Pengguna Google,5,2026-03-31 17:25:09,oke,0,unknown,1,3,2026-03,True,Positif,2026,2,oke,['oke']
Pengguna Google,1,2026-04-22 20:36:01,bagus,0,3.0.9,1,5,2026-04,True,Negatif,2026,0,bagus,['bagus']
Pengguna Google,1,2024-01-29 13:00:58,"aplikasi tolol, ubah password langsung dapet email giliran verifikasi gak muncul muncul di email... tolol tolol",3,1.2.5,16,111,2024-01,False,Negatif,2024,0,aplikasi tolol ubah password langsung dapet email gilir verifikasi tidak muncul muncul email tolol tolol,"['aplikasi', 'tolol', 'ubah', 'password', 'langsung', 'dapet', 'email', 'gilir', 'verifikasi', 'tidak', 'muncul', 'muncul', 'email', 'tolol', 'tolol']"
Pengguna Google,1,2026-04-29 09:32:59,"saat validasi kontak muncul 2 pop up, yang satu sukses yang satu gagal wkwkwk,aplikasi pemerintah rata2 selalu bermasalah, birokrasi ruwet, dan makan pulsa. gk heran si",0,3.0.9,26,168,2026-04,False,Negatif,2026,0,validasi kontak muncul pop up sukses gagal wkwkwk aplikasi perintah masalah birokrasi ruwet makan pulsa tidak heran si,"['validasi', 'kontak', 'muncul', 'pop', 'up', 'sukses', 'gagal', 'wkwkwk', 'aplikasi', 'perintah', 'masalah', 'birokrasi', 'ruwet', 'makan', 'pulsa', 'tidak', 'heran', 'si']"
Pengguna Google,5,2025-12-09 14:54:18,good apk,0,2.0.6,2,8,2025-12,False,Positif,2025,2,good aplikasi,"['good', 'aplikasi']"
Pengguna Google,1,2025-01-05 16:24:20,Paling males punya urusan sama negara,0,2.0.2,6,37,2025-01,False,Negatif,2025,0,males urus negara,"['males', 'urus', 'negara']"
Pengguna Google,5,2025-03-23 10:33:23,"tolong di perbaiki coretax untuk berubah email dan pasword, karena tidak ada cetang di daftar kontak kami tidak bisa mendapatkan email. kami mohon segera di tindaklanjuti",1,2.0.3,26,170,2025-03,False,Positif,2025,2,tolong baik coretax ubah email pasword tidak cetang daftar kontak tidak email mohon tindaklanjuti,"['tolong', 'baik', 'coretax', 'ubah', 'email', 'pasword', 'tidak', 'cetang', 'daftar', 'kontak', 'tidak', 'email', 'mohon', 'tindaklanjuti']"
Pengguna Google,5,2025-12-13 09:27:12,sangat membantu bangeet trimakasih,0,2.0.6,4,34,2025-12,False,Positif,2025,2,bantu bangeet trimakasih,"['bantu', 'bangeet', 'trimakasih']"
Pengguna Google,5,2025-02-19 19:04:03,Cepat dan mudah,0,unknown,3,15,2025-02,False,Positif,2025,2,cepat mudah,"['cepat', 'mudah']"
Pengguna Google,1,2024-03-08 14:22:46,Setelah update malah gak bisa login... Parah bangettt dahhhh,1,1.4.0,9,60,2024-03,False,Negatif,2024,0,update tidak login parah bangettt dahhhh,"['update', 'tidak', 'login', 'parah', 'bangettt', 'dahhhh']"
Pengguna Google,5,2025-04-09 11:19:04,ok,0,2.0.4,1,2,2025-04,True,Positif,2025,2,ok,['ok']
Pengguna Google,5,2025-03-02 07:10:30,"Awalnya gue ovt karena rating-nya jelek, tapi pas dicoba langsung bisa, btw gue lupa efin kn, awalnya liat tutor yt, takut gue salah, eh oas dicoba langsung bisa anjay, udh dikirim ini kode efinya",6,2.0.3,34,196,2025-03,False,Positif,2025,2,gue ovt rating nya jelek pas coba langsung btw gue lupa efin kn liat tutor yt takut gue salah eh oas coba langsung anjay kirim kode efinya,"['gue', 'ovt', 'rating', 'nya', 'jelek', 'pas', 'coba', 'langsung', 'btw', 'gue', 'lupa', 'efin', 'kn', 'liat', 'tutor', 'yt', 'takut', 'gue', 'salah', 'eh', 'oas', 'coba', 'langsung', 'anjay', 'kirim', 'kode', 'efinya']"
Pengguna Google,5,2024-10-10 10:38:38,"Kak agak susah dftarnya,pdhal sdh dtulis smua syaratnya",0,1.4.0,8,55,2024-10,False,Positif,2024,2,kak susah dftarnya pdhal dtulis smua syarat,"['kak', 'susah', 'dftarnya', 'pdhal', 'dtulis', 'smua', 'syarat']"
Pengguna Google,1,2025-01-27 13:57:07,"Ko sekarang beda aplikasinya ya???.... Woy gw udah bayar pajak aja masih repot di suruh laporan juga.... Mending kalo laporan nya gampang, malah tambah ribet!!!",2,2.0.3,25,160,2025-01,False,Negatif,2025,0,ko beda aplikasi gw bayar pajak repot suruh lapor mending kalo lapor nya gampang ribet,"['ko', 'beda', 'aplikasi', 'gw', 'bayar', 'pajak', 'repot', 'suruh', 'lapor', 'mending', 'kalo', 'lapor', 'nya', 'gampang', 'ribet']"
Pengguna Google,1,2024-12-12 23:50:43,Kocak kocak aplikasi konyol daftar tapi susah validasi kocak,0,2.0.0,9,60,2024-12,False,Negatif,2024,0,kocak kocak aplikasi konyol daftar susah validasi kocak,"['kocak', 'kocak', 'aplikasi', 'konyol', 'daftar', 'susah', 'validasi', 'kocak']"
Pengguna Google,5,2025-10-09 11:15:53,ok,0,unknown,1,2,2025-10,True,Positif,2025,2,ok,['ok']
Pengguna Google,5,2025-09-29 13:27:20,mantap,0,2.0.5,1,6,2025-09,True,Positif,2025,2,mantap,['mantap']
Pengguna Google,4,2025-09-27 11:59:59,BAGUS,0,unknown,1,5,2025-09,False,Positif,2025,2,bagus,['bagus']
Pengguna Google,5,2025-09-12 17:19:22,sangat bagus,0,2.0.5,2,12,2025-09,True,Positif,2025,2,bagus,['bagus']
Pengguna Google,5,2024-12-23 21:45:25,Sangat membantu kemudahannya,0,2.0.0,3,28,2024-12,False,Positif,2024,2,bantu mudah,"['bantu', 'mudah']"
Pengguna Google,1,2024-07-18 20:50:53,Masak mau login nggk bisa,0,1.4.0,5,25,2024-07,False,Negatif,2024,0,masak login nggk,"['masak', 'login', 'nggk']"
Pengguna Google,1,2025-12-11 13:26:20,tidak bisa login,0,2.0.6,3,16,2025-12,False,Negatif,2025,0,tidak login,"['tidak', 'login']"
Pengguna Google,5,2024-05-30 22:50:17,Good apk,0,1.4.0,2,8,2024-05,True,Positif,2024,2,good aplikasi,"['good', 'aplikasi']"
Pengguna Google,1,2025-08-01 14:01:05,menguras pulsa pendaftaran gagal terus muter muter,0,2.0.4,7,50,2025-08,False,Negatif,2025,0,uras pulsa daftar gagal muter muter,"['uras', 'pulsa', 'daftar', 'gagal', 'muter', 'muter']"
Pengguna Google,5,2025-06-10 02:07:20,Sangat Bagus,0,unknown,2,12,2025-06,True,Positif,2025,2,bagus,['bagus']
Pengguna Google,1,2024-01-19 06:21:54,Masuk di web bisa tapi di aplikasi nggak bisa. Perbaiki lagi fitur login nya masak nggak sinkron sama web nya,15,1.2.5,20,109,2024-01,False,Negatif,2024,0,masuk web aplikasi tidak baik fitur login nya masak tidak sinkron web nya,"['masuk', 'web', 'aplikasi', 'tidak', 'baik', 'fitur', 'login', 'nya', 'masak', 'tidak', 'sinkron', 'web', 'nya']"
Pengguna Google,1,2024-03-08 22:21:59,"Bikin APPS KEK ANAK ANAK PKL , ORANG SURUH ONLINE TAPI KAGAK SIAP DENGAN SISTEM LOL",0,1.4.0,16,83,2024-03,False,Negatif,2024,0,bikin apps kek anak anak pkl orang suruh online tidak sistem lol,"['bikin', 'apps', 'kek', 'anak', 'anak', 'pkl', 'orang', 'suruh', 'online', 'tidak', 'sistem', 'lol']"
Pengguna Google,1,2024-12-06 04:29:48,"Semoga kedepannya aplikasi ini lebih ditingkatkan lagi,sekelas aplikasi negara tapi masih begitu buruk .",0,unknown,14,104,2024-12,False,Negatif,2024,0,moga depan aplikasi tingkat kelas aplikasi negara buruk,"['moga', 'depan', 'aplikasi', 'tingkat', 'kelas', 'aplikasi', 'negara', 'buruk']"
Pengguna Google,5,2024-03-23 08:37:01,Ok,0,1.4.0,1,2,2024-03,True,Positif,2024,2,ok,['ok']
Pengguna Google,5,2026-04-20 19:47:10,ok,0,unknown,1,2,2026-04,True,Positif,2026,2,ok,['ok']
Pengguna Google,1,2024-03-16 16:35:38,Ada apa dengan aplikasi ini mau login aja susah. Tolong lah dibenerin biar bisa diakses,1,1.4.0,15,87,2024-03,False,Negatif,2024,0,aplikasi login susah tolong dibenerin biar akses,"['aplikasi', 'login', 'susah', 'tolong', 'dibenerin', 'biar', 'akses']"
Pengguna Google,5,2024-05-23 01:15:37,Ok dl aja,0,unknown,3,9,2024-05,False,Positif,2024,2,ok dl,"['ok', 'dl']"
Pengguna Google,1,2024-03-23 12:24:07,aplikasi sampah kaya gini buat apa???fitur live chat ga bisa verifikasi stuck ngapain di buat aplikasi kalo ga bisa mempermudah pengguna....urusan pajak kok di sepelak kaya urusan bikin krupuk,0,1.4.0,29,192,2024-03,False,Negatif,2024,0,aplikasi sampah kaya fitur live chat tidak verifikasi stuck ngapain aplikasi kalo tidak mudah guna urus pajak pelak kaya urus bikin krupuk,"['aplikasi', 'sampah', 'kaya', 'fitur', 'live', 'chat', 'tidak', 'verifikasi', 'stuck', 'ngapain', 'aplikasi', 'kalo', 'tidak', 'mudah', 'guna', 'urus', 'pajak', 'pelak', 'kaya', 'urus', 'bikin', 'krupuk']"
Pengguna Google,5,2024-03-04 20:14:00,Lebih mudah menginformasi kan pajak pendapatan,0,1.3.0,6,46,2024-03,False,Positif,2024,2,mudah informasi pajak dapat,"['mudah', 'informasi', 'pajak', 'dapat']"
Pengguna Google,5,2024-12-15 05:15:38,Bagus,0,2.0.0,1,5,2024-12,True,Positif,2024,2,bagus,['bagus']
Pengguna Google,1,2025-09-03 17:34:22,"Inilah contoh bobroknya, aplikasi yang harusnya memudahkan. malah dipersulit proses nya, baru mau login aja udah bikin emosi. Harusnya banyak ulasan jelek ini, langsung diperbaiki. eh, malah dibiarkan. semoga Bu Sri Mulyani baca ulasan2 ini, sebenernya yang ngerepotin dan jadi beban negara itu siapa?😁",3,2.0.5,44,302,2025-09,False,Negatif,2025,0,contoh bobrok aplikasi mudah sulit proses nya login bikin emosi ulas jelek langsung baik eh biar moga bu sri mulyani baca ulas sebenernya ngerepotin beban negara,"['contoh', 'bobrok', 'aplikasi', 'mudah', 'sulit', 'proses', 'nya', 'login', 'bikin', 'emosi', 'ulas', 'jelek', 'langsung', 'baik', 'eh', 'biar', 'moga', 'bu', 'sri', 'mulyani', 'baca', 'ulas', 'sebenernya', 'ngerepotin', 'beban', 'negara']"
Pengguna Google,5,2025-02-08 07:25:25,"Alhamdulillah.. Terimakasih, aplikasi ini sangat membantu saya untuk yang lupa EFIN.. Saya tidak perlu susah2 datang langsung k kantor pajak yg lumayan jauh dr rumah saya.. Sekali klik d aplikasi M-Pajak sudah dapat kembali no EFIN saya 🙏🙏🙏",12,2.0.3,38,240,2025-02,False,Positif,2025,2,alhamdulillah terimakasih aplikasi bantu lupa efin tidak susah langsung kantor pajak lumayan rumah klik aplikasi pajak nomor efin,"['alhamdulillah', 'terimakasih', 'aplikasi', 'bantu', 'lupa', 'efin', 'tidak', 'susah', 'langsung', 'kantor', 'pajak', 'lumayan', 'rumah', 'klik', 'aplikasi', 'pajak', 'nomor', 'efin']"
Calvin Firlansyah,1,2025-03-26 13:26:39,"Typical Indonesian Government's app. Poor Ul, poor usability, all the development money is wasted.",29,2.0.4,14,98,2025-03,False,Negatif,2025,0,typical indonesian government aplikasi poor ul poor usability all the development money is wasted,"['typical', 'indonesian', 'government', 'aplikasi', 'poor', 'ul', 'poor', 'usability', 'all', 'the', 'development', 'money', 'is', 'wasted']"
Pengguna Google,5,2026-04-08 07:16:15,it's the best,0,3.0.6,3,13,2026-04,False,Positif,2026,2,it the best,"['it', 'the', 'best']"
Pengguna Google,5,2024-03-31 14:25:04,Sering kembali ke menu asal padahal sudah mengisi data begitu banyak,0,unknown,11,68,2024-03,False,Positif,2024,2,menu isi data,"['menu', 'isi', 'data']"
Pengguna Google,1,2025-03-16 07:08:16,Menyusahkan Mau cari pengaturan saja susah mau ganti alamat email saja susah,0,2.0.3,12,76,2025-03,False,Negatif,2025,0,susah cari atur susah ganti alamat email susah,"['susah', 'cari', 'atur', 'susah', 'ganti', 'alamat', 'email', 'susah']"
Pengguna Google,5,2024-12-14 09:14:41,"Sangat membatu untuk pembayaran pajak ,tampah datang kekantor ya",9,2.0.0,9,64,2024-12,False,Positif,2024,2,batu bayar pajak tampah kantor,"['batu', 'bayar', 'pajak', 'tampah', 'kantor']"
Pengguna Google,1,2025-01-18 20:26:07,"Error, error, error, error, error, error Capek bet",0,2.0.3,8,50,2025-01,False,Negatif,2025,0,error error error error error error capek bet,"['error', 'error', 'error', 'error', 'error', 'error', 'capek', 'bet']"
Pengguna Google,5,2026-03-19 22:35:43,m pajak semakin di permudah. terimakasih pajak,0,3.0.6,7,46,2026-03,False,Positif,2026,2,pajak mudah terimakasih pajak,"['pajak', 'mudah', 'terimakasih', 'pajak']"
Pengguna Google,1,2026-03-30 12:48:00,"delete Apk , error terus yang dipiara bikin ribet",0,3.0.6,9,49,2026-03,False,Negatif,2026,0,delete aplikasi error piara bikin ribet,"['delete', 'aplikasi', 'error', 'piara', 'bikin', 'ribet']"
Pengguna Google,5,2024-12-23 21:09:47,Aplikasi yang sangat bagus,0,2.0.0,4,26,2024-12,False,Positif,2024,2,aplikasi bagus,"['aplikasi', 'bagus']"
Pengguna Google,5,2024-03-25 11:48:02,Tingkatkan terus,0,unknown,2,16,2024-03,True,Positif,2024,2,tingkat,['tingkat']
Pengguna Google,1,2026-03-02 22:34:26,update terbaru nya gak bisa di hp saya 😂,0,2.0.6,9,40,2026-03,False,Negatif,2026,0,update baru nya tidak handphone,"['update', 'baru', 'nya', 'tidak', 'handphone']"
Pengguna Google,1,2024-06-27 08:28:37,"Aplikasi download sudah terbaru masih disuruh update terus, gws boomer",0,1.4.0,10,70,2024-06,False,Negatif,2024,0,aplikasi download baru suruh update gws boomer,"['aplikasi', 'download', 'baru', 'suruh', 'update', 'gws', 'boomer']"
Pengguna Google,1,2024-06-04 17:01:56,"bolak balik mau pasfoto keluar sendiri trus ini sebenernya aplikasi mau mempermudah atau mempersulit hadeh. ktanya bisa online mau minta efin ajah susahnya minta maaf, harus datang langsung lh ini itulah bukanya semakin mudah mlh semakin syulit",2,1.4.0,37,244,2024-06,False,Negatif,2024,0,bolak pasfoto sebenernya aplikasi mudah sulit hadeh ktanya online efin ajah susah maaf langsung lh buka mudah mlh syulit,"['bolak', 'pasfoto', 'sebenernya', 'aplikasi', 'mudah', 'sulit', 'hadeh', 'ktanya', 'online', 'efin', 'ajah', 'susah', 'maaf', 'langsung', 'lh', 'buka', 'mudah', 'mlh', 'syulit']"
Pengguna Google,5,2025-02-09 19:35:10,Ok,0,2.0.3,1,2,2025-02,True,Positif,2025,2,ok,['ok']
Pengguna Google,1,2025-11-10 15:21:01,aplikasi tak berguna masa tidak ada. menu pelaporan spt,0,2.0.6,9,55,2025-11,False,Negatif,2025,0,aplikasi tak guna tidak menu lapor spt,"['aplikasi', 'tak', 'guna', 'tidak', 'menu', 'lapor', 'spt']"
Adi Wicaksono,5,2024-03-07 10:11:23,lanjutkan,0,1.4.0,1,9,2024-03,False,Positif,2024,2,lanjut,['lanjut']
Pengguna Google,1,2025-02-25 01:47:53,Aplikasi ga guna..,0,2.0.3,3,18,2025-02,False,Negatif,2025,0,aplikasi tidak,"['aplikasi', 'tidak']"
Pengguna Google,1,2025-05-15 13:32:29,aplikasi cacat kenapasih kebanyakan aplikasi publik punya pemerintah banyak error nya mau daftar npwp aja ga bisa bisa,1,2.0.4,18,118,2025-05,False,Negatif,2025,0,aplikasi cacat kenapasih banyak aplikasi publik perintah error nya daftar npwp tidak,"['aplikasi', 'cacat', 'kenapasih', 'banyak', 'aplikasi', 'publik', 'perintah', 'error', 'nya', 'daftar', 'npwp', 'tidak']"
Nathaniel Fuad,5,2024-03-14 10:50:41,"aplikasi sangat bagus dan berguna buat lupa EFIF. Good job, terus kembangkan aplikasinya 👍👍",0,1.4.0,14,91,2024-03,False,Positif,2024,2,aplikasi bagus guna lupa efif good job kembang aplikasi,"['aplikasi', 'bagus', 'guna', 'lupa', 'efif', 'good', 'job', 'kembang', 'aplikasi']"
Pengguna Google,1,2025-02-04 17:21:44,Servernya offline gak ngirim code verifikasi,0,2.0.3,6,44,2025-02,False,Negatif,2025,0,servernya offline tidak ngirim code verifikasi,"['servernya', 'offline', 'tidak', 'ngirim', 'code', 'verifikasi']"
Pengguna Google,1,2025-09-18 18:54:47,gak niat bikin apk ni para pejabat,0,2.0.6,7,34,2025-09,False,Negatif,2025,0,tidak niat bikin aplikasi ni jabat,"['tidak', 'niat', 'bikin', 'aplikasi', 'ni', 'jabat']"
Pengguna Google,5,2024-03-13 14:31:04,U yu n ngolu hi ito ogi do wq ru uui8ii,0,1.2.5,11,39,2024-03,False,Positif,2024,2,yu ngolu hi ito ogi do wq ru uuiii,"['yu', 'ngolu', 'hi', 'ito', 'ogi', 'do', 'wq', 'ru', 'uuiii']"
Pengguna Google,1,2025-10-08 21:48:42,"saya sudah menggunakan aplikasi Ini lama tidak ada kendala dan sangat membantu,tiba2 ada pemberitahuan update aplikasi di BLN Oktober 2025,setelah sy update versi terbaru eror terus ada password salah menu login tidak ada opsi lupa password dll,bikin repot saja heran",24,2.0.6,40,267,2025-10,False,Negatif,2025,0,aplikasi tidak kendala bantu pemberitahuan update aplikasi bln oktober sy update versi baru eror password salah menu login tidak opsi lupa password dll bikin repot heran,"['aplikasi', 'tidak', 'kendala', 'bantu', 'pemberitahuan', 'update', 'aplikasi', 'bln', 'oktober', 'sy', 'update', 'versi', 'baru', 'eror', 'password', 'salah', 'menu', 'login', 'tidak', 'opsi', 'lupa', 'password', 'dll', 'bikin', 'repot', 'heran']"
Pengguna Google,5,2025-02-17 11:06:22,Hemat sangat,0,2.0.3,2,12,2025-02,False,Positif,2025,2,hemat,['hemat']
Pengguna Google,2,2024-05-22 11:15:51,Saya mencoba mendaftar NPWP tapi request otp tidak ada dikirim,0,1.4.0,10,62,2024-05,False,Negatif,2024,0,coba daftar npwp request otp tidak kirim,"['coba', 'daftar', 'npwp', 'request', 'otp', 'tidak', 'kirim']"
Pengguna Google,5,2025-06-18 15:14:00,bagus,0,2.0.3,1,5,2025-06,True,Positif,2025,2,bagus,['bagus']
Pengguna Google,5,2024-11-21 09:17:22,Good,0,1.4.0,1,4,2024-11,True,Positif,2024,2,good,['good']
Pengguna Google,5,2025-11-13 17:22:20,sangat membantu,0,2.0.6,2,15,2025-11,True,Positif,2025,2,bantu,['bantu']
Pengguna Google,1,2026-02-14 22:31:00,aplikasi gaguna!!!!ga berfungsi!!!,0,3.0.6,3,34,2026-02,False,Negatif,2026,0,aplikasi gaguna tidak fungsi,"['aplikasi', 'gaguna', 'tidak', 'fungsi']"
Pengguna Google,5,2024-02-02 15:12:36,Sangat bagus,0,1.2.5,2,12,2024-02,True,Positif,2024,2,bagus,['bagus']
Pengguna Google,5,2025-03-25 20:36:15,Aplikasi yang sangat membantu,0,2.0.4,4,29,2025-03,False,Positif,2025,2,aplikasi bantu,"['aplikasi', 'bantu']"
Pengguna Google,1,2024-03-28 09:55:10,"Appnya ga bisa dibuka, tertulis Fatal Error JS Function segala macem. Disuruh update tapi pas dicek ko ga ada tulisan Update",2,1.4.0,21,124,2024-03,False,Negatif,2024,0,appnya tidak buka tulis fatal error js function macem suruh update pas cek ko tidak tulis update,"['appnya', 'tidak', 'buka', 'tulis', 'fatal', 'error', 'js', 'function', 'macem', 'suruh', 'update', 'pas', 'cek', 'ko', 'tidak', 'tulis', 'update']"
Pengguna Google,1,2025-02-09 11:15:42,Gblok,0,2.0.3,1,5,2025-02,False,Negatif,2025,0,gblok,['gblok']
Yuni Amelia Susanti,1,2025-03-26 11:45:40,"aplikasi ga berguna. belum juga 1 detik login, langsung sesi berakhir katanya. gimana mau lapor pajak coba??",0,2.0.4,17,108,2025-03,False,Negatif,2025,0,aplikasi tidak guna belum detik login langsung sesi lapor pajak coba,"['aplikasi', 'tidak', 'guna', 'belum', 'detik', 'login', 'langsung', 'sesi', 'lapor', 'pajak', 'coba']"
Pengguna Google,1,2025-08-06 11:01:12,tidak sesuai harapan,0,2.0.4,3,20,2025-08,False,Negatif,2025,0,tidak sesuai harap,"['tidak', 'sesuai', 'harap']"
Pengguna Google,1,2025-02-27 11:43:01,VERIVIKASI KODE NYA LAMA & SETELAH MUNCUL KETERANGAN SALAH,0,2.0.3,9,58,2025-02,False,Negatif,2025,0,verivikasi kode nya muncul terang salah,"['verivikasi', 'kode', 'nya', 'muncul', 'terang', 'salah']"
Pengguna Google,5,2025-02-20 02:25:28,Terima kasih,0,unknown,2,12,2025-02,True,Positif,2025,2,terima kasih,"['terima', 'kasih']"
Pengguna Google,5,2026-02-09 09:57:44,baik dan cepat di gunakan,0,3.0.1,5,25,2026-02,False,Positif,2026,2,cepat,['cepat']
Pengguna Google,5,2026-02-04 21:16:24,good,1,2.0.6,1,4,2026-02,True,Positif,2026,2,good,['good']
Pengguna Google,5,2024-03-28 13:38:45,Sangat membantu wajib pajak,0,unknown,4,27,2024-03,False,Positif,2024,2,bantu wajib pajak,"['bantu', 'wajib', 'pajak']"
Pengguna Google,5,2025-12-25 00:21:50,"tolong suruh generasi muda yang mengolah ini aplikasi,,menunya pada ga jelas ya Allah,,padahal tinggal buat yang simpel"" aja",0,unknown,18,124,2025-12,False,Positif,2025,2,tolong suruh generasi muda olah aplikasi menu tidak allah tinggal simpel,"['tolong', 'suruh', 'generasi', 'muda', 'olah', 'aplikasi', 'menu', 'tidak', 'allah', 'tinggal', 'simpel']"
Pengguna Google,5,2026-04-06 10:04:43,ok,0,3.0.6,1,2,2026-04,True,Positif,2026,2,ok,['ok']
Pengguna Google,5,2024-05-07 00:11:17,Ok,0,1.4.0,1,2,2024-05,True,Positif,2024,2,ok,['ok']
Pengguna Google,1,2024-09-12 22:30:41,Cukup rating yang bicara,0,unknown,4,24,2024-09,False,Negatif,2024,0,rating bicara,"['rating', 'bicara']"
Pengguna Google,5,2024-01-31 11:40:12,Oke Mantap,0,unknown,2,10,2024-01,True,Positif,2024,2,oke mantap,"['oke', 'mantap']"
Pengguna Google,4,2024-12-24 11:49:39,"We,z",0,unknown,1,4,2024-12,False,Positif,2024,2,we,['we']
Pengguna Google,5,2024-03-20 20:26:27,TELKOMSEL ROLI 🇮🇩,0,1.4.0,3,17,2024-03,False,Positif,2024,2,telkomsel rol,"['telkomsel', 'rol']"
Pengguna Google,1,2025-02-05 09:17:49,"UDAH WEB GAJELAS, DI APK INI MALAH ANEH.. UANG MAU DI SETOR KE NEGARA AJA DIBUAT SUSAH, LEMBAGA KOCAK",0,2.0.3,19,101,2025-02,False,Negatif,2025,0,web gajelas aplikasi aneh uang setor negara susah lembaga kocak,"['web', 'gajelas', 'aplikasi', 'aneh', 'uang', 'setor', 'negara', 'susah', 'lembaga', 'kocak']"
Pengguna Google,5,2025-01-17 09:56:20,Sangat bagus dan membantu,0,unknown,4,25,2025-01,True,Positif,2025,2,bagus bantu,"['bagus', 'bantu']"
Muhammad Zidane Krismantoro,5,2025-11-21 20:29:21,good,0,unknown,1,4,2025-11,True,Positif,2025,2,good,['good']
Pengguna Google,5,2025-08-01 07:09:01,Mantap,0,2.0.4,1,6,2025-08,True,Positif,2025,2,mantap,['mantap']
Pengguna Google,1,2024-02-06 09:37:28,gagal terus apknya gk jelas,0,1.3.0,5,27,2024-02,False,Negatif,2024,0,gagal apknya tidak,"['gagal', 'apknya', 'tidak']"
Pengguna Google,2,2025-09-13 07:29:14,iya,0,2.0.6,1,3,2025-09,False,Negatif,2025,0,iya,['iya']
Pengguna Google,5,2025-02-01 22:24:51,Ok,0,2.0.2,1,2,2025-02,True,Positif,2025,2,ok,['ok']
Pengguna Google,1,2024-10-28 08:23:39,"DANA UTK PERAWATAN WEB KEMANA???! Pajak di tagih, dari telpon, wa terus²an kyk dep kolektor kebakaran jenggot.. Giliran mau masuk web kok error melulu.. Agak Laen Ku Tengok Orang² Pajak ni!",0,1.4.0,31,189,2024-10,False,Negatif,2024,0,dana awat web mana pajak tagih telpon wa an kyk dep kolektor bakar jenggot gilir masuk web error melulu laen ku tengok orang pajak ni,"['dana', 'awat', 'web', 'mana', 'pajak', 'tagih', 'telpon', 'wa', 'an', 'kyk', 'dep', 'kolektor', 'bakar', 'jenggot', 'gilir', 'masuk', 'web', 'error', 'melulu', 'laen', 'ku', 'tengok', 'orang', 'pajak', 'ni']"
Pengguna Google,5,2026-02-10 12:04:14,bermanfaat untuk pelaporan pajak secara digital,0,unknown,6,47,2026-02,False,Positif,2026,2,manfaat lapor pajak digital,"['manfaat', 'lapor', 'pajak', 'digital']"
Pengguna Google,5,2024-01-20 11:15:14,Ok mantap,0,unknown,2,9,2024-01,True,Positif,2024,2,ok mantap,"['ok', 'mantap']"
Pengguna Google,5,2026-04-29 12:37:49,bagus,0,unknown,1,5,2026-04,True,Positif,2026,2,bagus,['bagus']
Pengguna Google,1,2025-11-25 14:34:24,"katanya udah dibenerin tapi nggak bisa"" login termasuk webnya coretax",0,unknown,10,69,2025-11,False,Negatif,2025,0,dibenerin tidak login webnya coretax,"['dibenerin', 'tidak', 'login', 'webnya', 'coretax']"
Pengguna Google,1,2026-04-12 19:26:56,"fitur-fitur ga guna, nyusahin aja",0,unknown,5,33,2026-04,False,Negatif,2026,0,fitur fitur tidak nyusahin,"['fitur', 'fitur', 'tidak', 'nyusahin']"
Pengguna Google,5,2025-02-07 00:14:19,aplikasi tidak bisa terbuka,0,unknown,4,27,2025-02,False,Positif,2025,2,aplikasi tidak buka,"['aplikasi', 'tidak', 'buka']"
Pengguna Google,5,2025-06-15 07:47:19,sangat baik..,0,2.0.4,2,13,2025-06,False,Positif,2025,2,,[]
Pengguna Google,4,2025-02-15 18:06:33,Makasih Gak perlu lagi minta efin ke kantor pajak karena disinipun bisa dah saya buktikan mgkin yg gk bisa kurang literasi,0,unknown,21,122,2025-02,False,Positif,2025,2,terima kasih tidak efin kantor pajak sin dah bukti mgkin tidak literasi,"['terima', 'kasih', 'tidak', 'efin', 'kantor', 'pajak', 'sin', 'dah', 'bukti', 'mgkin', 'tidak', 'literasi']"
Pengguna Google,4,2026-02-12 08:22:49,ok baik,0,3.0.5,2,7,2026-02,False,Positif,2026,2,ok,['ok']
Pengguna Google,5,2024-03-07 14:44:16,🤳,0,1.4.0,1,1,2024-03,False,Positif,2024,2,,[]
Pengguna Google,5,2025-04-10 13:43:30,saya baru mencoba,0,2.0.3,3,17,2025-04,False,Positif,2025,2,coba,['coba']
Pengguna Google,5,2024-02-24 05:50:49,Sangat bermampaat,0,unknown,2,17,2024-02,False,Positif,2024,2,bermampaat,['bermampaat']
Pengguna Google,5,2025-05-02 16:50:51,mantab,0,2.0.4,1,6,2025-05,True,Positif,2025,2,mantab,['mantab']
Pengguna Google,5,2025-09-14 09:52:18,mantap,0,2.0.6,1,6,2025-09,True,Positif,2025,2,mantap,['mantap']
Pengguna Google,5,2025-03-19 12:17:52,oke,0,2.0.3,1,3,2025-03,True,Positif,2025,2,oke,['oke']
Pengguna Google,1,2026-04-02 08:45:24,diperbaikin dong pelayanannya,0,3.0.6,3,29,2026-04,False,Negatif,2026,0,diperbaikin layan,"['diperbaikin', 'layan']"
Pengguna Google,1,2026-03-31 10:23:19,web idiot pulsa gw abis 20k cuma buat otp dan gabisa lanjut tombolnya,0,unknown,13,69,2026-03,False,Negatif,2026,0,web idiot pulsa gw abis otp tidak tombol,"['web', 'idiot', 'pulsa', 'gw', 'abis', 'otp', 'tidak', 'tombol']"
Pengguna Google,5,2024-02-02 09:12:04,Mudah di pahami,0,1.2.5,3,15,2024-02,False,Positif,2024,2,mudah paham,"['mudah', 'paham']"
Pengguna Google,1,2024-05-18 15:35:47,"Aplikasi ngontol,,,situs nya eror lemot mending situs bokep tolol",0,1.4.0,9,65,2024-05,False,Negatif,2024,0,aplikasi ngontol situs nya eror lot mending situs bokep tolol,"['aplikasi', 'ngontol', 'situs', 'nya', 'eror', 'lot', 'mending', 'situs', 'bokep', 'tolol']"
Pengguna Google,2,2025-03-14 07:43:07,"Nomor NPWP saya 16 angka, tapi dikolom pembuatan EFIN terdiri dari 15 angka. Kurang 1 angka. Solusinya dong",0,2.0.3,18,107,2025-03,False,Negatif,2025,0,nomor npwp angka kolom buat efin angka angka solusi,"['nomor', 'npwp', 'angka', 'kolom', 'buat', 'efin', 'angka', 'angka', 'solusi']"
Pengguna Google,1,2026-03-31 17:24:21,semua situs pemerinrah pasti kayak gini wifi dan data saya bisa buat buka video 4k life stream buat buka aplikasi dan website pemerintah eror terus bawaannya,0,3.0.6,26,157,2026-03,False,Negatif,2026,0,situs pemerinrah kayak wifi data buka video life stream buka aplikasi website perintah eror bawa,"['situs', 'pemerinrah', 'kayak', 'wifi', 'data', 'buka', 'video', 'life', 'stream', 'buka', 'aplikasi', 'website', 'perintah', 'eror', 'bawa']"
Pengguna Google,5,2025-11-01 19:44:36,sangat membantu🙏,0,unknown,2,16,2025-11,False,Positif,2025,2,bantu,['bantu']
Jeffry Kuo,4,2024-03-30 11:30:03,Really helpful to get my EFIN but need to try many times because of the crash so i only gave 4 stars for now. Hope you can fix and improve in the future. Thanks,9,1.4.0,34,160,2024-03,False,Positif,2024,2,really helpful to get my efin but need to try many times because of the crash so only gave stars for now hope you can fix and improve in the future thanks,"['really', 'helpful', 'to', 'get', 'my', 'efin', 'but', 'need', 'to', 'try', 'many', 'times', 'because', 'of', 'the', 'crash', 'so', 'only', 'gave', 'stars', 'for', 'now', 'hope', 'you', 'can', 'fix', 'and', 'improve', 'in', 'the', 'future', 'thanks']"
Pengguna Google,4,2025-07-22 15:16:35,ok,0,2.0.4,1,2,2025-07,True,Positif,2025,2,ok,['ok']
Pengguna Google,1,2024-03-28 11:02:15,"Bobrok sekedar buat aplikasi menggunakan uang anggaran tappi gak bermanfaat, gini mau narik ppn 12% pph 21 sudah membuat masyarakat tercekik bos. Antara kebijakan dan pelaksana wajib pajak tidak di pertimbangkan",0,1.4.0,31,211,2024-03,False,Negatif,2024,0,bobrok dar aplikasi uang anggar tappi tidak manfaat narik ppn pph masyarakat cekik bos bijak laksana wajib pajak tidak timbang,"['bobrok', 'dar', 'aplikasi', 'uang', 'anggar', 'tappi', 'tidak', 'manfaat', 'narik', 'ppn', 'pph', 'masyarakat', 'cekik', 'bos', 'bijak', 'laksana', 'wajib', 'pajak', 'tidak', 'timbang']"
Pengguna Google,5,2026-04-29 13:33:06,oke jos,0,2.0.3,2,7,2026-04,False,Positif,2026,2,oke jos,"['oke', 'jos']"
Pengguna Google,1,2025-09-15 11:31:02,"gak ada gunanya,susah login aktivasi akun. semuanya susah, aplikasi abal abal. banyak korupsinya aja, capek",10,2.0.6,15,107,2025-09,False,Negatif,2025,0,tidak guna susah login aktivasi akun susah aplikasi abal abal korupsi capek,"['tidak', 'guna', 'susah', 'login', 'aktivasi', 'akun', 'susah', 'aplikasi', 'abal', 'abal', 'korupsi', 'capek']"
Baiq Hotnida (Nida Baiq),5,2024-03-19 12:03:12,Good,0,1.4.0,1,4,2024-03,True,Positif,2024,2,good,['good']
Pengguna Google,1,2024-02-07 17:39:04,"Aplikasi tidak membantu, malah lebih parah dari web nya, tidak bisa login kalo pw bener ntar ganti capta salah, gitu mulu, Terimkasih",3,1.3.0,22,133,2024-02,False,Negatif,2024,0,aplikasi tidak bantu parah web nya tidak login kalo pw bener ntar ganti capta salah mulu terimkasih,"['aplikasi', 'tidak', 'bantu', 'parah', 'web', 'nya', 'tidak', 'login', 'kalo', 'pw', 'bener', 'ntar', 'ganti', 'capta', 'salah', 'mulu', 'terimkasih']"
Pengguna Google,5,2026-02-12 14:21:39,rada bingung mau lapor PJK ny,0,unknown,6,29,2026-02,False,Positif,2026,2,rada bingung lapor pjk ny,"['rada', 'bingung', 'lapor', 'pjk', 'ny']"
Pengguna Google,4,2025-02-20 09:24:51,"Sudah bagus ada aplikasi DJP online, tapi sayang tdk bisa untuk laporan SPT Tahunan.",0,2.0.3,14,84,2025-02,False,Positif,2025,2,bagus aplikasi djp online sayang tidak lapor spt tahun,"['bagus', 'aplikasi', 'djp', 'online', 'sayang', 'tidak', 'lapor', 'spt', 'tahun']"
Pengguna Google,1,2025-12-17 10:51:13,kyak gk berguna aplikasi ya benar3 aneh,0,2.0.6,7,39,2025-12,False,Negatif,2025,0,kyak tidak guna aplikasi aneh,"['kyak', 'tidak', 'guna', 'aplikasi', 'aneh']"
Pengguna Google,1,2024-02-15 13:21:02,Ga niat bikin apk. Bnyk bug nya. Masuk keluar lagi keluar lagi.,0,1.3.0,12,63,2024-02,False,Negatif,2024,0,tidak niat bikin aplikasi bug nya masuk,"['tidak', 'niat', 'bikin', 'aplikasi', 'bug', 'nya', 'masuk']"
Pengguna Google,5,2025-06-27 23:38:29,mantap,0,unknown,1,6,2025-06,True,Positif,2025,2,mantap,['mantap']
Pengguna Google,1,2024-06-04 08:13:14,"Saya sudah download dan sudah dihapus lagi, gblk",0,unknown,8,48,2024-06,False,Negatif,2024,0,download hapus gblk,"['download', 'hapus', 'gblk']"
Pengguna Google,5,2026-03-13 10:51:31,Terima kasih,0,3.0.6,2,12,2026-03,True,Positif,2026,2,terima kasih,"['terima', 'kasih']"
Pengguna Google,1,2025-11-22 05:29:39,angel login.e,0,2.0.6,2,13,2025-11,False,Negatif,2025,0,angel login,"['angel', 'login']"
Pengguna Google,5,2026-04-09 22:35:59,mantap,0,unknown,1,6,2026-04,True,Positif,2026,2,mantap,['mantap']
Pengguna Google,5,2024-03-01 03:45:10,Memudahkan dalam lapor pajak,0,1.3.0,4,28,2024-03,False,Positif,2024,2,mudah lapor pajak,"['mudah', 'lapor', 'pajak']"
Pengguna Google,5,2025-01-04 20:33:20,Oke,0,1.4.0,1,3,2025-01,True,Positif,2025,2,oke,['oke']
Pengguna Google,5,2026-03-31 10:39:43,good,0,2.0.6,1,4,2026-03,True,Positif,2026,2,good,['good']
Pengguna Google,1,2024-06-09 14:47:31,"Aplikasi SAMPAH!!!! ANJ bener bener bikin orang buang buang waktu, dimana mana orang pake apkikasi biar memudahkan ini malah bikin tambah susah, mau web mau aplikasi bener bener sampah, produk gagal, untuk daftar diminta kode efin, suruh donlot aplikasi udah di donlot daftar ini itu dan udah selesai seenaknya data error, suruh lagi ulang dari awal padahal udah bner semua, gini doang gk bisa! gimana mau maju Indonesia dasar apk sampah!",48,1.4.0,71,438,2024-06,False,Negatif,2024,0,aplikasi sampah anj bener bener bikin orang buang buang mana orang pakai apkikasi biar mudah bikin susah web aplikasi bener bener sampah produk gagal daftar kode efin suruh donlot aplikasi donlot daftar selesai data error suruh ulang tidak maju indonesia dasar aplikasi sampah,"['aplikasi', 'sampah', 'anj', 'bener', 'bener', 'bikin', 'orang', 'buang', 'buang', 'mana', 'orang', 'pakai', 'apkikasi', 'biar', 'mudah', 'bikin', 'susah', 'web', 'aplikasi', 'bener', 'bener', 'sampah', 'produk', 'gagal', 'daftar', 'kode', 'efin', 'suruh', 'donlot', 'aplikasi', 'donlot', 'daftar', 'selesai', 'data', 'error', 'suruh', 'ulang', 'tidak', 'maju', 'indonesia', 'dasar', 'aplikasi', 'sampah']"
Pengguna Google,1,2024-07-13 10:34:11,Ko ga bisa dibuka aplikasinya,0,1.4.0,5,29,2024-07,False,Negatif,2024,0,ko tidak buka aplikasi,"['ko', 'tidak', 'buka', 'aplikasi']"
Pengguna Google,1,2026-02-26 19:01:01,Aplikasi penting kayak gini sering error niat buka apk gak sihh? bukannya buat mudah malah buat susahh jncox,1,3.0.6,18,108,2026-02,False,Negatif,2026,0,aplikasi kayak error niat buka aplikasi tidak sihh mudah susahh jncox,"['aplikasi', 'kayak', 'error', 'niat', 'buka', 'aplikasi', 'tidak', 'sihh', 'mudah', 'susahh', 'jncox']"
Pengguna Google,5,2024-03-15 07:34:05,sangat membantu,0,1.4.0,2,15,2024-03,True,Positif,2024,2,bantu,['bantu']
Pengguna Google,1,2025-02-19 21:58:30,19 Februari 2025 server down !!!,0,2.0.3,6,32,2025-02,False,Negatif,2025,0,februari server down,"['februari', 'server', 'down']"
Pengguna Google,1,2025-02-05 14:27:53,Eror terus jadi horor,0,2.0.3,4,21,2025-02,False,Negatif,2025,0,eror horor,"['eror', 'horor']"
Pengguna Google,4,2025-05-15 17:05:05,tolong di perbaiki aplikasi nya soalnya no npwp saya 16 digit tapi yg di sediakan di kolom npwp hanya 15 digit 🙏🙏,0,2.0.4,22,113,2025-05,False,Positif,2025,2,tolong baik aplikasi nya nomor npwp digit sedia kolom npwp digit,"['tolong', 'baik', 'aplikasi', 'nya', 'nomor', 'npwp', 'digit', 'sedia', 'kolom', 'npwp', 'digit']"
Pengguna Google,5,2025-10-01 13:33:50,mudah mudahan saat digunakan selalu lancar dan tidak ada kendala sedikitpun...,1,2.0.4,11,78,2025-10,False,Positif,2025,2,mudah mudah lancar tidak kendala sedikit,"['mudah', 'mudah', 'lancar', 'tidak', 'kendala', 'sedikit']"
Pengguna Google,5,2026-02-20 19:14:21,mantap tidak ribet,0,2.0.6,3,18,2026-02,False,Positif,2026,2,mantap tidak ribet,"['mantap', 'tidak', 'ribet']"
Pengguna Google,1,2024-06-02 21:49:49,Mengapa saat kita mengisi form untuk alamat email hilang terus dan huruf menjadi besar,0,1.4.0,14,86,2024-06,False,Negatif,2024,0,isi form alamat email hilang huruf,"['isi', 'form', 'alamat', 'email', 'hilang', 'huruf']"
Pengguna Google,5,2025-10-13 11:10:06,pelayanan djp Cengkareng ramah,0,2.0.6,4,30,2025-10,False,Positif,2025,2,layan djp cengkareng ramah,"['layan', 'djp', 'cengkareng', 'ramah']"
Kotak Nai,1,2026-01-05 20:20:35,"duh, ga di website ga di aplikasi sama aja. udh login sesuai NIK dan password tapi ga masuk masuk",0,unknown,19,97,2026-01,False,Negatif,2026,0,duh tidak website tidak aplikasi login sesuai nik password tidak masuk masuk,"['duh', 'tidak', 'website', 'tidak', 'aplikasi', 'login', 'sesuai', 'nik', 'password', 'tidak', 'masuk', 'masuk']"
Pengguna Google,5,2024-04-01 10:37:43,"Harus sabar, banyak banyak lihat tutorial, alhamdulillah selesai juga pembuatan via online. ""Nikmat Tuhan yg manakah yg kau dustakan""",0,1.4.0,19,133,2024-04,False,Positif,2024,2,sabar lihat tutorial alhamdulillah selesai buat via online nikmat tuhan mana kau dusta,"['sabar', 'lihat', 'tutorial', 'alhamdulillah', 'selesai', 'buat', 'via', 'online', 'nikmat', 'tuhan', 'mana', 'kau', 'dusta']"
Pengguna Google,1,2025-03-18 14:53:19,"Chat ke admin lama PAKE BANGET Masalah bayar pajak tepat waktu diburu buru kalau ngga denda 100.000, tapi masalah pelayanan masyarakat DI KORUPSI",0,2.0.3,23,145,2025-03,False,Negatif,2025,0,chat admin pakai bayar pajak buru buru tidak denda layan masyarakat korupsi,"['chat', 'admin', 'pakai', 'bayar', 'pajak', 'buru', 'buru', 'tidak', 'denda', 'layan', 'masyarakat', 'korupsi']"
Pengguna Google,1,2025-03-04 02:18:19,Lama banget kirim kode verifikasinya ke email,0,2.0.3,7,45,2025-03,False,Negatif,2025,0,kirim kode verifikasi email,"['kirim', 'kode', 'verifikasi', 'email']"
Pengguna Google,1,2026-03-14 09:23:33,MAU LAPOR SPT AJA SUSAH GILIRAN GA LAPOR DI DENDA APLIKASI SAMPAH.. DANA MAHAL-MAHAL HASIL KAYA GINI,0,3.0.6,17,100,2026-03,False,Negatif,2026,0,lapor spt susah gilir tidak lapor denda aplikasi sampah dana mahal mahal hasil kaya,"['lapor', 'spt', 'susah', 'gilir', 'tidak', 'lapor', 'denda', 'aplikasi', 'sampah', 'dana', 'mahal', 'mahal', 'hasil', 'kaya']"
Pengguna Google,1,2024-09-19 09:24:03,"Sumpah ni apl bener² mempersulit bgt, gak sesuai harapan",0,unknown,9,56,2024-09,False,Negatif,2024,0,sumpah ni aplikasi bener sulit tidak sesuai harap,"['sumpah', 'ni', 'aplikasi', 'bener', 'sulit', 'tidak', 'sesuai', 'harap']"
Pengguna Google,1,2026-03-23 05:13:24,biar bintng yang berbicara,0,3.0.6,4,26,2026-03,False,Negatif,2026,0,biar bintng bicara,"['biar', 'bintng', 'bicara']"
Pengguna Google,1,2026-01-21 12:28:01,"pak Pur liat ni aplikasi gak berguna. buat pajangan ajahhh, gak mempermudah pengguna",0,2.0.6,13,84,2026-01,False,Negatif,2026,0,pur liat ni aplikasi tidak guna pajang ajahhh tidak mudah guna,"['pur', 'liat', 'ni', 'aplikasi', 'tidak', 'guna', 'pajang', 'ajahhh', 'tidak', 'mudah', 'guna']"
Pengguna Google,5,2025-08-14 14:20:11,mantab,0,1.4.0,1,6,2025-08,True,Positif,2025,2,mantab,['mantab']
Pengguna Google,5,2025-03-21 21:34:22,bagus sekali bisa membantu pekerjaan meskipun tidak bawa laptop,0,2.0.3,9,63,2025-03,False,Positif,2025,2,bagus bantu kerja tidak bawa laptop,"['bagus', 'bantu', 'kerja', 'tidak', 'bawa', 'laptop']"
Pengguna Google,5,2025-05-25 00:33:06,bagus,0,2.0.4,1,5,2025-05,True,Positif,2025,2,bagus,['bagus']
Pengguna Google,1,2026-02-05 09:23:32,Ini aplikasi apa ya? Login aja gak bisa🤣🤣🤣,0,unknown,8,42,2026-02,False,Negatif,2026,0,aplikasi login tidak,"['aplikasi', 'login', 'tidak']"
Pengguna Google,1,2026-04-25 07:13:52,halah tataian,0,3.0.9,2,13,2026-04,False,Negatif,2026,0,halah tatai,"['halah', 'tatai']"
Pengguna Google,1,2025-07-05 15:56:19,webnya + aplikasinya ga bisa bantu sama sekali,0,2.0.4,8,46,2025-07,False,Negatif,2025,0,webnya aplikasi tidak bantu,"['webnya', 'aplikasi', 'tidak', 'bantu']"
Pengguna Google,5,2024-09-23 19:42:48,Bagus,0,unknown,1,5,2024-09,True,Positif,2024,2,bagus,['bagus']
Pengguna Google,1,2025-03-13 21:32:45,busuk,0,2.0.3,1,5,2025-03,False,Negatif,2025,0,busuk,['busuk']
Pengguna Google,4,2024-06-20 10:53:51,Saya coba dlu bintang 🌟🌟🌟🌟 yh min klau bagus selanjutnya saya akan tambahkan lagi bintang,0,1.4.0,15,89,2024-06,False,Positif,2024,2,coba dlu bintang yh min klau bagus tambah bintang,"['coba', 'dlu', 'bintang', 'yh', 'min', 'klau', 'bagus', 'tambah', 'bintang']"
Pengguna Google,1,2025-08-25 00:29:28,gara2 akun pajak Ni saya kenak tipu,0,unknown,7,35,2025-08,False,Negatif,2025,0,gara akun pajak ni nak tipu,"['gara', 'akun', 'pajak', 'ni', 'nak', 'tipu']"
Pengguna Google,5,2024-04-02 12:54:38,Ok,0,1.4.0,1,2,2024-04,True,Positif,2024,2,ok,['ok']
Pengguna Google,1,2024-06-06 02:00:07,aplikasinya super eror,0,1.4.0,3,22,2024-06,False,Negatif,2024,0,aplikasi super eror,"['aplikasi', 'super', 'eror']"
Pengguna Google,1,2025-02-26 09:37:14,"saya download apk ini krna mau memadankan nik, tapi pas buka harus login dlu, sdgkn sya blum punya akun, dan cara punya akunnya hrs ada no efin, cara punya no efinnya dr apk ini, tpi apk ini gda fitur buat akun, cuma ada log in, ini yg bikin siapa hah punya hati tdk? orang mau memadankan nik doang di lempar sana lempar sini ktanya bisa online😡 hapus ajalh gk bsa dpake.",2,2.0.3,71,371,2025-02,False,Negatif,2025,0,download aplikasi padan nik pas buka login dlu sdgkn sya belum akun akun nomor efin nomor efinnya aplikasi aplikasi gda fitur akun log in bikin hah hati tidak orang padan nik lempar lempar ktanya online hapus ajalh tidak dpake,"['download', 'aplikasi', 'padan', 'nik', 'pas', 'buka', 'login', 'dlu', 'sdgkn', 'sya', 'belum', 'akun', 'akun', 'nomor', 'efin', 'nomor', 'efinnya', 'aplikasi', 'aplikasi', 'gda', 'fitur', 'akun', 'log', 'in', 'bikin', 'hah', 'hati', 'tidak', 'orang', 'padan', 'nik', 'lempar', 'lempar', 'ktanya', 'online', 'hapus', 'ajalh', 'tidak', 'dpake']"
Pengguna Google,1,2025-12-20 22:53:48,apk ampas,0,unknown,2,9,2025-12,False,Negatif,2025,0,aplikasi ampas,"['aplikasi', 'ampas']"
Pengguna Google,2,2024-03-28 14:30:46,Aplikasi sering error mau di permudah tapi di persulit,0,1.4.0,9,54,2024-03,False,Negatif,2024,0,aplikasi error mudah sulit,"['aplikasi', 'error', 'mudah', 'sulit']"
Pengguna Google,1,2026-02-11 11:03:59,"ini apk belum siap ya,,masa setelah keluar,mau masuk lagi ga ada kolom log in,,gimana sih,gimana mau tertib pajak,apk nya aja ga siap",4,3.0.5,22,133,2026-02,False,Negatif,2026,0,aplikasi belum masuk tidak kolom log in tertib pajak aplikasi nya tidak,"['aplikasi', 'belum', 'masuk', 'tidak', 'kolom', 'log', 'in', 'tertib', 'pajak', 'aplikasi', 'nya', 'tidak']"
Pengguna Google,5,2026-03-30 06:36:41,ok,0,2.0.4,1,2,2026-03,True,Positif,2026,2,ok,['ok']
Pengguna Google,5,2025-06-09 11:18:07,tambahkan fitur download npwp dalam bentuk pdf dan jpg,0,2.0.4,9,54,2025-06,False,Positif,2025,2,tambah fitur download npwp bentuk pdf jpg,"['tambah', 'fitur', 'download', 'npwp', 'bentuk', 'pdf', 'jpg']"
Pengguna Google,5,2025-04-17 20:52:18,terbaik,0,2.0.3,1,7,2025-04,True,Positif,2025,2,baik,['baik']
Pengguna Google,5,2025-11-26 15:30:06,oke,0,2.0.6,1,3,2025-11,True,Positif,2025,2,oke,['oke']
Pengguna Google,1,2025-02-04 02:26:04,"Coretaxnya gajelas cok, mau bayar pajak aja sulit.",1,2.0.3,8,50,2025-02,False,Negatif,2025,0,coretaxnya gajelas cok bayar pajak sulit,"['coretaxnya', 'gajelas', 'cok', 'bayar', 'pajak', 'sulit']"
Pengguna Google,5,2024-03-09 07:41:35,Mantap betul penjelasannya,0,1.4.0,3,26,2024-03,False,Positif,2024,2,mantap jelas,"['mantap', 'jelas']"
Pranadipta Kurniawan,4,2024-03-09 07:02:16,Kenapa tidak sekalian dimasukkan fitur pelaporan spt tahunan,0,1.4.0,8,60,2024-03,False,Positif,2024,2,tidak masuk fitur lapor spt tahun,"['tidak', 'masuk', 'fitur', 'lapor', 'spt', 'tahun']"
Pengguna Google,1,2026-01-19 15:52:33,untuk apa aplikasi ini dibuat klo gabisa daftar dan aktivasi pajak secara online. hmm.. ntah apa2 punn,0,unknown,17,102,2026-01,False,Negatif,2026,0,aplikasi klo tidak daftar aktivasi pajak online hmm ntah punn,"['aplikasi', 'klo', 'tidak', 'daftar', 'aktivasi', 'pajak', 'online', 'hmm', 'ntah', 'punn']"
Ellang,1,2024-03-27 11:58:40,"Menu EFIN gabisa di akses, udah isi data lengkap dan sesuai tapi respon gagal terus",1,1.4.0,15,83,2024-03,False,Negatif,2024,0,menu efin tidak akses isi data lengkap sesuai respon gagal,"['menu', 'efin', 'tidak', 'akses', 'isi', 'data', 'lengkap', 'sesuai', 'respon', 'gagal']"
Pengguna Google,1,2024-03-28 09:36:16,Aplikasi gakbisa dibuka,0,1.4.0,3,23,2024-03,False,Negatif,2024,0,aplikasi gakbisa buka,"['aplikasi', 'gakbisa', 'buka']"
Pengguna Google,5,2025-03-20 19:34:34,bagus,0,2.0.3,1,5,2025-03,True,Positif,2025,2,bagus,['bagus']
Pengguna Google,5,2026-03-04 12:40:13,karyawannya baik hati dan sangat membantu jika ada yg tidak bisa dibuat sendiri,0,3.0.6,13,79,2026-03,False,Positif,2026,2,karyawannya hati bantu tidak,"['karyawannya', 'hati', 'bantu', 'tidak']"
Pengguna Google,1,2025-02-17 13:55:28,Lemot,0,2.0.3,1,5,2025-02,True,Negatif,2025,0,lot,['lot']
Pengguna Google,2,2025-01-13 20:21:21,"Makin sulit ,apliksiNya sering troble GK seperti yg dulu sangat di sayangKan",1,2.0.2,12,76,2025-01,False,Negatif,2025,0,sulit apliksinya troble tidak sayang,"['sulit', 'apliksinya', 'troble', 'tidak', 'sayang']"
Pengguna Google,1,2024-12-11 00:23:00,stressss lama lama di kasi layanan yg sangat buruk!!! woyy perkara mau login aja kenapa harus erorrr teruss gua bayar pajak bukan buat lu ngasi layanan yg burukkk woyyyyyy,0,unknown,29,171,2024-12,False,Negatif,2024,0,stressss kasi layan buruk woyy perkara login erorrr teruss gua bayar pajak bukan lu ngasi layan burukkk woyyyyyy,"['stressss', 'kasi', 'layan', 'buruk', 'woyy', 'perkara', 'login', 'erorrr', 'teruss', 'gua', 'bayar', 'pajak', 'bukan', 'lu', 'ngasi', 'layan', 'burukkk', 'woyyyyyy']"
Pengguna Google,1,2024-04-23 12:03:20,"Pengiriman kode otp ketika melakukan pengajuan pupa e-fin sangat lama baik melalui sms maupun e-mail, padahal pengiriman otp melalui sms dikenakan tarif.",1,1.4.0,22,153,2024-04,False,Negatif,2024,0,kirim kode otp aju pupa fin sms mail kirim otp sms kena tarif,"['kirim', 'kode', 'otp', 'aju', 'pupa', 'fin', 'sms', 'mail', 'kirim', 'otp', 'sms', 'kena', 'tarif']"
Pengguna Google,1,2025-05-19 16:59:42,cuma mau ngasih tau ini aplikasi nya bukan aplikasi resmi hati-hati karna bisa retas hp kalian,0,unknown,16,94,2025-05,False,Negatif,2025,0,ngasih aplikasi nya bukan aplikasi resmi hati hati retas handphone,"['ngasih', 'aplikasi', 'nya', 'bukan', 'aplikasi', 'resmi', 'hati', 'hati', 'retas', 'handphone']"
Pengguna Google,1,2025-03-08 22:07:14,"kenapa kalau aplikasi milik negara ada aja masalahnya, apa karna buat aplikasi ini anggarannya di korup juga ?",0,2.0.3,18,110,2025-03,False,Negatif,2025,0,aplikasi milik negara aplikasi anggar korup,"['aplikasi', 'milik', 'negara', 'aplikasi', 'anggar', 'korup']"
Pengguna Google,4,2024-01-31 00:35:34,Situs Sama Aplikasi Bikin Kesal Aja Low Respon Jadi Gagal Verifikasi & Di Blokir Apaan Gitu Oon Banget Daftar Aja Sudah Bener 🥱🥱,0,1.2.5,23,128,2024-01,False,Positif,2024,2,situs aplikasi bikin kesal low respon gagal verifikasi blokir oon daftar bener,"['situs', 'aplikasi', 'bikin', 'kesal', 'low', 'respon', 'gagal', 'verifikasi', 'blokir', 'oon', 'daftar', 'bener']"
Pengguna Google,5,2024-07-17 13:18:27,Mantap,0,1.4.0,1,6,2024-07,True,Positif,2024,2,mantap,['mantap']
Pengguna Google,1,2024-03-06 20:37:36,"Devloper guwoblok, kode verifikasinya di kirim kemana cox",0,unknown,8,57,2024-03,False,Negatif,2024,0,devloper guwoblok kode verifikasi kirim mana cox,"['devloper', 'guwoblok', 'kode', 'verifikasi', 'kirim', 'mana', 'cox']"
Pengguna Google,1,2025-07-17 12:18:42,"repot, login gabisa, pas telat bayar kena denda, aplikasi ga jls",2,2.0.4,11,64,2025-07,False,Negatif,2025,0,repot login tidak pas telat bayar kena denda aplikasi tidak jls,"['repot', 'login', 'tidak', 'pas', 'telat', 'bayar', 'kena', 'denda', 'aplikasi', 'tidak', 'jls']"
Pengguna Google,1,2026-03-29 07:05:56,susah bgt di pake ni apk nya😭,0,unknown,7,29,2026-03,False,Negatif,2026,0,susah pakai ni aplikasi nya,"['susah', 'pakai', 'ni', 'aplikasi', 'nya']"
Pengguna Google,5,2026-03-10 11:08:30,bagus,0,2.0.4,1,5,2026-03,True,Positif,2026,2,bagus,['bagus']
Pengguna Google,5,2025-05-27 12:42:18,Kadang orng tidak paham memakai apk ini,0,2.0.4,7,39,2025-05,False,Positif,2025,2,kadang orang tidak paham pakai aplikasi,"['kadang', 'orang', 'tidak', 'paham', 'pakai', 'aplikasi']"
Pengguna Google,5,2024-04-01 00:43:30,tidak lama louding,0,unknown,3,18,2024-04,False,Positif,2024,2,tidak louding,"['tidak', 'louding']"
Pengguna Google,1,2026-03-08 18:36:51,aplikasi nya sumpah payah bgt. diperbaiki lah min pajak bkn dikit loh masak aplikasi kayak anak tk,1,3.0.6,17,98,2026-03,False,Negatif,2026,0,aplikasi nya sumpah payah baik min pajak bukan dikit masak aplikasi kayak anak tk,"['aplikasi', 'nya', 'sumpah', 'payah', 'baik', 'min', 'pajak', 'bukan', 'dikit', 'masak', 'aplikasi', 'kayak', 'anak', 'tk']"
Pengguna Google,5,2026-02-11 08:24:36,gooood,0,3.0.4,1,6,2026-02,False,Positif,2026,2,gooood,['gooood']
Hendra Property,1,2025-05-09 07:10:09,aplikasi busuk,0,2.0.4,2,14,2025-05,True,Negatif,2025,0,aplikasi busuk,"['aplikasi', 'busuk']"
Pengguna Google,1,2024-03-28 14:10:38,nggak guna banget punya aplikasi,0,1.4.0,5,32,2024-03,False,Negatif,2024,0,tidak aplikasi,"['tidak', 'aplikasi']"
Pengguna Google,5,2025-12-29 23:32:43,ok,0,2.0.6,1,2,2025-12,True,Positif,2025,2,ok,['ok']
Pengguna Google,1,2026-05-01 15:32:48,pajak ga guna. giliran aplikasi yg pembayaran atau pengecekan pembayaran gampang. ini aplikasi mau cek npwp aj ga ada yg jelas,0,unknown,21,126,2026-05,False,Negatif,2026,0,pajak tidak gilir aplikasi bayar kece bayar gampang aplikasi cek npwp tidak,"['pajak', 'tidak', 'gilir', 'aplikasi', 'bayar', 'kece', 'bayar', 'gampang', 'aplikasi', 'cek', 'npwp', 'tidak']"
Pengguna Google,2,2025-06-16 03:13:11,"daftar online, masa hapus npwp harus datang ke tempatnya mana jauh , tolong adakan hapus npwp via online juga",0,unknown,19,109,2025-06,False,Negatif,2025,0,daftar online hapus npwp tempat tolong adakan hapus npwp via online,"['daftar', 'online', 'hapus', 'npwp', 'tempat', 'tolong', 'adakan', 'hapus', 'npwp', 'via', 'online']"
Pengguna Google,1,2025-12-29 21:46:59,"kok susah banget, saya orang awam jadi males kayak ginian",0,unknown,10,57,2025-12,False,Negatif,2025,0,susah orang awam males kayak ginian,"['susah', 'orang', 'awam', 'males', 'kayak', 'ginian']"
Pengguna Google,1,2024-01-28 10:57:31,Kalo udah input NIK sama NPWP gak harus isi ulang data lagi dong!!!!!! Aplikasi SAMPAH!!!!!,1,1.2.5,15,91,2024-01,False,Negatif,2024,0,kalo input nik npwp tidak isi ulang data aplikasi sampah,"['kalo', 'input', 'nik', 'npwp', 'tidak', 'isi', 'ulang', 'data', 'aplikasi', 'sampah']"
Pengguna Google,1,2024-11-07 00:25:32,Aplikasi tdk berguna nyusah in,0,1.4.0,5,30,2024-11,False,Negatif,2024,0,aplikasi tidak guna nyusah in,"['aplikasi', 'tidak', 'guna', 'nyusah', 'in']"
Pengguna Google,5,2026-02-18 14:23:53,keren dan bagus,0,2.0.6,3,15,2026-02,False,Positif,2026,2,keren bagus,"['keren', 'bagus']"
Pengguna Google,5,2026-02-11 12:15:20,lebih baik dari sebelumnya,0,unknown,4,26,2026-02,False,Positif,2026,2,,[]
Pengguna Google,1,2024-07-10 11:34:57,"Sistem pendaftarannya payah terlalu di persulit kirim otp perlu berkali-kali padahal yang di masukkan sudah benar tapi di anggap salah oleh sistem waktu pendaftaran NPWP juga sulit, kata sandi selalu di anggap salah padahal yang di masukkan sudah benar, apa kata sandi yang kumasukkan terlalu sulit? Sampai sistem lupa dengan kata sandiku. Setalah ganti sandi pas mau daftar ulang malah linknya tidak bisa di akses aneh TIDAK BISA BUAT APLIKASI MENDING HAPUS SAJA, DAFTARNYA JUGA DI WEB BUKAN DISINI.",55,1.4.0,79,500,2024-07,False,Negatif,2024,0,sistem daftar payah sulit kirim otp kali kali masuk anggap salah sistem daftar npwp sulit sandi anggap salah masuk sandi masuk sulit sistem lupa sandi seta ganti sandi pas daftar ulang linknya tidak akses aneh tidak aplikasi mending hapus daftar web bukan,"['sistem', 'daftar', 'payah', 'sulit', 'kirim', 'otp', 'kali', 'kali', 'masuk', 'anggap', 'salah', 'sistem', 'daftar', 'npwp', 'sulit', 'sandi', 'anggap', 'salah', 'masuk', 'sandi', 'masuk', 'sulit', 'sistem', 'lupa', 'sandi', 'seta', 'ganti', 'sandi', 'pas', 'daftar', 'ulang', 'linknya', 'tidak', 'akses', 'aneh', 'tidak', 'aplikasi', 'mending', 'hapus', 'daftar', 'web', 'bukan']"
Pengguna Google,5,2024-12-24 17:42:03,ok,0,1.2.5,1,2,2024-12,True,Positif,2024,2,ok,['ok']
Pengguna Google,5,2024-03-06 15:21:41,Sangat bagus,0,1.3.0,2,12,2024-03,True,Positif,2024,2,bagus,['bagus']
Pengguna Google,5,2025-09-09 15:28:53,mantap,0,2.0.5,1,6,2025-09,True,Positif,2025,2,mantap,['mantap']
Pengguna Google,4,2024-02-16 12:48:45,Mengingat kan akan wajib pajak bagi setiap warga negara,0,1.3.0,9,55,2024-02,False,Positif,2024,2,wajib pajak warga negara,"['wajib', 'pajak', 'warga', 'negara']"
Pengguna Google,4,2026-03-09 18:23:45,okesiap,0,3.0.3,1,7,2026-03,False,Positif,2026,2,okesiap,['okesiap']
Pengguna Google,1,2024-02-17 14:23:54,Aplikasi tidak berguna mempersulit penguna untuk melapor,0,1.3.0,7,56,2024-02,False,Negatif,2024,0,aplikasi tidak guna sulit penguna lapor,"['aplikasi', 'tidak', 'guna', 'sulit', 'penguna', 'lapor']"
Pengguna Google,1,2026-03-29 21:06:34,repot sangat tidak membantu,0,3.0.6,4,27,2026-03,False,Negatif,2026,0,repot tidak bantu,"['repot', 'tidak', 'bantu']"
Pengguna Google,1,2024-02-08 06:02:51,Di web atau aplikasi sama² lemot,0,1.3.0,6,32,2024-02,False,Negatif,2024,0,web aplikasi lot,"['web', 'aplikasi', 'lot']"
Dubertho christnoval,1,2025-03-14 14:33:19,"Jadi aplikasi ini dikebangkan dengan uang yg kita kasi, tapi terlihata tidak ada perkembangan, baru mau bayar",0,2.0.3,17,109,2025-03,False,Negatif,2025,0,aplikasi bang uang kasi terlihata tidak kembang bayar,"['aplikasi', 'bang', 'uang', 'kasi', 'terlihata', 'tidak', 'kembang', 'bayar']"
Pengguna Google,5,2024-12-06 15:03:05,Sangat bagus,0,unknown,2,12,2024-12,True,Positif,2024,2,bagus,['bagus']
Pengguna Google,5,2024-12-12 08:51:44,Sangat membantu,0,unknown,2,15,2024-12,True,Positif,2024,2,bantu,['bantu']
Pengguna Google,5,2025-05-11 23:13:55,kurang tanggap terhadap keluhan tapi maklum harus menunggu perhitungan tahunan.,0,2.0.4,10,79,2025-05,False,Positif,2025,2,tanggap keluh maklum tunggu hitung tahun,"['tanggap', 'keluh', 'maklum', 'tunggu', 'hitung', 'tahun']"
Pengguna Google,5,2025-12-24 02:55:20,sukses selalu.,0,2.0.6,2,14,2025-12,False,Positif,2025,2,sukses,['sukses']
Pengguna Google,1,2024-02-19 12:35:25,Ribet g bisa bisa,0,1.3.0,4,17,2024-02,False,Negatif,2024,0,ribet tidak,"['ribet', 'tidak']"
aris ataya,5,2025-12-30 07:31:44,oke,0,2.0.6,1,3,2025-12,True,Positif,2025,2,oke,['oke']
Pengguna Google,5,2025-09-15 01:29:23,bintang 5 buat korupsii,0,2.0.6,4,23,2025-09,False,Positif,2025,2,bintang korupsi,"['bintang', 'korupsi']"
Pengguna Google,1,2026-03-14 09:37:19,apk ngk guna error mulu abisin angaran aja lu.kita yg bayar pajak kita yg bikin laporan pajak harusnya kita yg bayar pemerintah yg bikinin laporan pembayaran kita dengan nik ktp semua aset kita udah bisa diketahui sama pemerintah eh kita pula yg harus lapor mulu tiap tahun pakai error mulu lagi msk cortexnya,0,unknown,53,309,2026-03,False,Negatif,2026,0,aplikasi ngk error mulu abisin angaran lu bayar pajak bikin lapor pajak bayar perintah bikinin lapor bayar nik ktp aset perintah eh lapor mulu pakai error mulu msk cortexnya,"['aplikasi', 'ngk', 'error', 'mulu', 'abisin', 'angaran', 'lu', 'bayar', 'pajak', 'bikin', 'lapor', 'pajak', 'bayar', 'perintah', 'bikinin', 'lapor', 'bayar', 'nik', 'ktp', 'aset', 'perintah', 'eh', 'lapor', 'mulu', 'pakai', 'error', 'mulu', 'msk', 'cortexnya']"
Pengguna Google,5,2025-10-02 09:08:47,ok,0,2.0.6,1,2,2025-10,True,Positif,2025,2,ok,['ok']
Pengguna Google,1,2026-04-30 19:06:51,banyak bug jadi lemot & eror,0,3.0.9,6,28,2026-04,False,Negatif,2026,0,bug lot eror,"['bug', 'lot', 'eror']"
Pengguna Google,1,2025-02-03 12:42:16,Ga bisa login padahal sudah aktivasi,1,2.0.3,6,36,2025-02,False,Negatif,2025,0,tidak login aktivasi,"['tidak', 'login', 'aktivasi']"
Pengguna Google,1,2024-12-12 12:03:05,Please fix bug verifikasi,1,2.0.0,4,25,2024-12,False,Negatif,2024,0,tolong fix bug verifikasi,"['tolong', 'fix', 'bug', 'verifikasi']"
Pengguna Google,1,2025-05-24 20:24:29,pelayanan jeles sekali ga bisa kasih solusi,0,2.0.4,7,43,2025-05,False,Negatif,2025,0,layan jeles tidak kasih solusi,"['layan', 'jeles', 'tidak', 'kasih', 'solusi']"
Pengguna Google,1,2024-03-15 14:28:01,Aplikasi tidak berguna,0,1.4.0,3,22,2024-03,True,Negatif,2024,0,aplikasi tidak guna,"['aplikasi', 'tidak', 'guna']"
Pengguna Google,1,2026-01-26 23:27:24,engga ada menu untuk daftar,0,unknown,5,27,2026-01,False,Negatif,2026,0,tidak menu daftar,"['tidak', 'menu', 'daftar']"
Pengguna Google,5,2024-01-09 15:29:10,Terima kasih atas aplikasi M-Pajak ini karena sangat membantu dam mempermudah dalam membayar pajak,0,1.2.5,14,98,2024-01,False,Positif,2024,2,terima kasih aplikasi pajak bantu dam mudah bayar pajak,"['terima', 'kasih', 'aplikasi', 'pajak', 'bantu', 'dam', 'mudah', 'bayar', 'pajak']"
Pengguna Google,1,2024-11-02 18:06:59,"Susah login via website atau aplikasi, padahal username dan sandi sudah benar, reset password juga tidak terpengaruh",0,1.4.0,17,116,2024-11,False,Negatif,2024,0,susah login via website aplikasi username sandi reset password tidak pengaruh,"['susah', 'login', 'via', 'website', 'aplikasi', 'username', 'sandi', 'reset', 'password', 'tidak', 'pengaruh']"
Pengguna Google,5,2025-09-03 06:30:24,okok,0,unknown,1,4,2025-09,False,Positif,2025,2,okok,['okok']
Pengguna Google,1,2025-09-22 18:46:44,"aplikasi sampah !! Daftar online susah nya pake banget otp email kaga masuk otp no hp kaga masuk sistem jaman purba kaga di ganti abis pulsa gw ngeladenin aplikasi sampah website pemerintah burik parah tahun demi tahun gw coba coba terus kaga bisa Mulu, ayolah inovasi nya mana giliran aplikasi bokep mah cepet mau daftar GE padahal mau bayar pajak yaelah",0,unknown,61,355,2025-09,False,Negatif,2025,0,aplikasi sampah daftar online susah nya pakai otp email tidak masuk otp nomor handphone tidak masuk sistem jaman purba tidak ganti abis pulsa gw ngeladenin aplikasi sampah website perintah burik parah gw coba coba tidak mulu ayo inovasi nya gilir aplikasi bokep mah cepet daftar ge bayar pajak yaelah,"['aplikasi', 'sampah', 'daftar', 'online', 'susah', 'nya', 'pakai', 'otp', 'email', 'tidak', 'masuk', 'otp', 'nomor', 'handphone', 'tidak', 'masuk', 'sistem', 'jaman', 'purba', 'tidak', 'ganti', 'abis', 'pulsa', 'gw', 'ngeladenin', 'aplikasi', 'sampah', 'website', 'perintah', 'burik', 'parah', 'gw', 'coba', 'coba', 'tidak', 'mulu', 'ayo', 'inovasi', 'nya', 'gilir', 'aplikasi', 'bokep', 'mah', 'cepet', 'daftar', 'ge', 'bayar', 'pajak', 'yaelah']"
Pengguna Google,1,2024-03-26 09:04:11,"Percuma bikin aplikasi, kalo apa apa harus ke kantor djp",0,1.4.0,10,56,2024-03,False,Negatif,2024,0,bikin aplikasi kalo kantor djp,"['bikin', 'aplikasi', 'kalo', 'kantor', 'djp']"
Pengguna Google,5,2025-02-26 12:49:17,Ok... Sip,0,unknown,2,9,2025-02,False,Positif,2025,2,ok sip,"['ok', 'sip']"
Pengguna Google,5,2024-08-06 13:42:43,Sangat lengkap infonya,0,1.4.0,3,22,2024-08,False,Positif,2024,2,lengkap info,"['lengkap', 'info']"
Pengguna Google,5,2025-08-02 15:59:52,mantap,0,unknown,1,6,2025-08,True,Positif,2025,2,mantap,['mantap']
Pengguna Google,5,2024-03-19 12:22:34,Sya harus bisa daftar NPWP,0,unknown,5,26,2024-03,False,Positif,2024,2,sya daftar npwp,"['sya', 'daftar', 'npwp']"
Pengguna Google,5,2024-03-15 07:13:54,Good,0,unknown,1,4,2024-03,True,Positif,2024,2,good,['good']
Pengguna Google,5,2025-03-27 21:43:14,bagus sangat membantu,0,2.0.3,3,21,2025-03,False,Positif,2025,2,bagus bantu,"['bagus', 'bantu']"
bagus pamung,1,2025-09-23 19:11:53,"aplikasi CACAT TOTAL, panggunaan anggaran pajak rakyat untuk produk CACAT... para pegawai PAJAK BAJINGAN pantas masuk neraka",2,2.0.6,17,124,2025-09,False,Negatif,2025,0,aplikasi cacat total panggunaan anggar pajak rakyat produk cacat pegawai pajak bajing masuk neraka,"['aplikasi', 'cacat', 'total', 'panggunaan', 'anggar', 'pajak', 'rakyat', 'produk', 'cacat', 'pegawai', 'pajak', 'bajing', 'masuk', 'neraka']"
Pengguna Google,5,2024-08-19 06:45:14,Bulan Juni kalau nggak Juli kemarin aku unduh apk ini karna lupa efin. Mudah tapi untuk nunggu email buat Nerima kode nya laaaamaaaaaaa bangtt gak ada masuk malah.. berkali² dicoba dihari² brikutnya masih sama.. pilih dikirim pakai nomor juga gak bisa.. trus pasrah.. hapus apk.. trus sekarang iseng² lagi eh bisaa.. cepet lagi nggak kaya yang bulan² kemarin.. lancar sampai bisa lihat kartu NPWP online ku.. terimakasih sudah di update untuk pelayanannya.. SAYAA SANGAATTT TERBANTUUU TERIMAKASIH 🙏,51,unknown,77,498,2024-08,False,Positif,2024,2,juni tidak juli kemarin unduh aplikasi lupa efin mudah nunggu email nerima kode nya laaaamaaaaaaa bangtt tidak masuk kali coba hari brikutnya pilih kirim pakai nomor tidak pasrah hapus aplikasi iseng eh bisaa cepet tidak kaya kemarin lancar lihat kartu npwp online ku terimakasih update layan sayaa sangaattt terbantuuu terimakasih,"['juni', 'tidak', 'juli', 'kemarin', 'unduh', 'aplikasi', 'lupa', 'efin', 'mudah', 'nunggu', 'email', 'nerima', 'kode', 'nya', 'laaaamaaaaaaa', 'bangtt', 'tidak', 'masuk', 'kali', 'coba', 'hari', 'brikutnya', 'pilih', 'kirim', 'pakai', 'nomor', 'tidak', 'pasrah', 'hapus', 'aplikasi', 'iseng', 'eh', 'bisaa', 'cepet', 'tidak', 'kaya', 'kemarin', 'lancar', 'lihat', 'kartu', 'npwp', 'online', 'ku', 'terimakasih', 'update', 'layan', 'sayaa', 'sangaattt', 'terbantuuu', 'terimakasih']"
IdENR,1,2024-11-01 15:19:26,Sulit,0,unknown,1,5,2024-11,False,Negatif,2024,0,sulit,['sulit']
Pengguna Google,5,2025-04-24 23:47:39,sangat membantu,0,2.0.4,2,15,2025-04,True,Positif,2025,2,bantu,['bantu']
Pengguna Google,1,2026-03-31 22:05:44,masih sangat baik sih saya kasih bintang 1. aplikasi ga guna nyusahin yang kaya gini sekelas pemerintahan aplikasinya?? kurang modal apa? verifikasi susah bener dah menyerah ga usah lapor kalau bgini ngabisin waktu,0,3.0.6,33,214,2026-03,False,Negatif,2026,0,kasih bintang aplikasi tidak nyusahin kaya kelas perintah aplikasi modal verifikasi susah bener dah serah tidak lapor bgini ngabisin,"['kasih', 'bintang', 'aplikasi', 'tidak', 'nyusahin', 'kaya', 'kelas', 'perintah', 'aplikasi', 'modal', 'verifikasi', 'susah', 'bener', 'dah', 'serah', 'tidak', 'lapor', 'bgini', 'ngabisin']"
Pengguna Google,5,2025-03-24 05:30:11,cukup,0,unknown,1,5,2025-03,False,Positif,2025,2,,[]
Pengguna Google,1,2025-04-10 07:38:59,"masuk susah, gak ada menu lupa password",0,2.0.4,7,39,2025-04,False,Negatif,2025,0,masuk susah tidak menu lupa password,"['masuk', 'susah', 'tidak', 'menu', 'lupa', 'password']"
Pengguna Google,5,2024-01-11 10:54:18,Sangat membantu 🙏,0,unknown,3,17,2024-01,False,Positif,2024,2,bantu,['bantu']
Pengguna Google,1,2024-03-24 13:27:08,Capek buat npwn online kek ribet banged kadang kode otpnya g sesuai pass mau di validasi kadang juga pass minta kode verifikasi lama banged mana lagi udh pake pulsa malah ke sedot capek buat online,0,1.4.0,35,197,2024-03,False,Negatif,2024,0,capek npwn online kek ribet banged kadang kode otpnya tidak sesuai pass validasi kadang pass kode verifikasi banged pakai pulsa sedot capek online,"['capek', 'npwn', 'online', 'kek', 'ribet', 'banged', 'kadang', 'kode', 'otpnya', 'tidak', 'sesuai', 'pass', 'validasi', 'kadang', 'pass', 'kode', 'verifikasi', 'banged', 'pakai', 'pulsa', 'sedot', 'capek', 'online']"
Pengguna Google,5,2026-02-11 07:19:29,aplikasi yang bagus mudah diakses,2,3.0.4,5,33,2026-02,False,Positif,2026,2,aplikasi bagus mudah akses,"['aplikasi', 'bagus', 'mudah', 'akses']"
Pengguna Google,2,2024-01-08 16:54:13,"Di web bisa login di aplikasi tidak bisa,tolong diperbaiki. Padahal sudah saya update",1,1.2.5,13,85,2024-01,False,Negatif,2024,0,web login aplikasi tidak tolong baik update,"['web', 'login', 'aplikasi', 'tidak', 'tolong', 'baik', 'update']"
Pengguna Google,5,2026-02-20 18:44:23,apk apa ini orang mau buat verifikasi tk bisa memalukan,0,3.0.6,10,55,2026-02,False,Positif,2026,2,aplikasi orang verifikasi tk malu,"['aplikasi', 'orang', 'verifikasi', 'tk', 'malu']"
Pengguna Google,5,2026-01-14 02:17:04,sangat baik,0,2.0.6,2,11,2026-01,True,Positif,2026,2,,[]
Pengguna Google,1,2025-02-06 12:51:09,"Banyak bug error, ribet, dikira bakal memudahkan ternyata engga.",4,2.0.3,9,64,2025-02,False,Negatif,2025,0,bug error ribet mudah tidak,"['bug', 'error', 'ribet', 'mudah', 'tidak']"
Pengguna Google,1,2024-06-20 11:34:50,Tlp. G di angkat angkat Dah abis 100rebu pulsa Cs Kantor pajak ganti pake cs bank,0,1.4.0,16,81,2024-06,False,Negatif,2024,0,tlp tidak angkat angkat dah abis rebu pulsa cs kantor pajak ganti pakai cs bank,"['tlp', 'tidak', 'angkat', 'angkat', 'dah', 'abis', 'rebu', 'pulsa', 'cs', 'kantor', 'pajak', 'ganti', 'pakai', 'cs', 'bank']"
Pengguna Google,1,2024-01-25 13:07:35,"ANGGARAN NEGARA + GAJI PEGAWAI NYA AJA GEDE , TAPI PELAYANAN 0 BESAR MAU LAPOR AJA SUSAH NYARI EFIN.",0,1.2.5,19,100,2024-01,False,Negatif,2024,0,anggar negara gaji pegawai nya gede layan lapor susah nyari efin,"['anggar', 'negara', 'gaji', 'pegawai', 'nya', 'gede', 'layan', 'lapor', 'susah', 'nyari', 'efin']"
Pengguna Google,5,2024-05-28 21:32:31,M-pajak sangat bgus aplikasinya TDK rumit,0,1.4.0,6,41,2024-05,False,Positif,2024,2,pajak bagus aplikasi tidak rumit,"['pajak', 'bagus', 'aplikasi', 'tidak', 'rumit']"
Pengguna Google,1,2024-03-07 05:09:23,Aplikasi apaan sumpah demi alloh jangan download gak berguna mau daftar juga gak bisa bisa mau tanya masalah npwp asli gak bisa masuk masuk...aplikasi sangaaat Buruk...,5,1.4.0,26,168,2024-03,False,Negatif,2024,0,aplikasi sumpah alloh jangan download tidak guna daftar tidak npwp asli tidak masuk masuk aplikasi sangaaat buruk,"['aplikasi', 'sumpah', 'alloh', 'jangan', 'download', 'tidak', 'guna', 'daftar', 'tidak', 'npwp', 'asli', 'tidak', 'masuk', 'masuk', 'aplikasi', 'sangaaat', 'buruk']"
Pengguna Google,5,2026-02-20 12:09:06,bagus,0,3.0.6,1,5,2026-02,True,Positif,2026,2,bagus,['bagus']
Pengguna Google,1,2025-05-19 13:02:00,"aplikasi jmbt, kebanyakan dikrp",0,unknown,4,31,2025-05,False,Negatif,2025,0,aplikasi jmbt banyak dikrp,"['aplikasi', 'jmbt', 'banyak', 'dikrp']"
Pengguna Google,5,2024-01-28 10:51:46,Ok,0,unknown,1,2,2024-01,True,Positif,2024,2,ok,['ok']
Pengguna Google,5,2025-05-09 22:19:32,mantap,0,2.0.4,1,6,2025-05,True,Positif,2025,2,mantap,['mantap']
Ivan Kristanto,1,2026-01-15 22:00:21,"login nya susah bin ribet! Harus buka email buat cek kode OTP nya...setelah kode dimasukkan selalu salah & ulang kembali ke halaman login lagi, jadi tidka bisa masuk ke aplikasinya!",1,2.0.6,30,181,2026-01,False,Negatif,2026,0,login nya susah bin ribet buka email cek kode otp nya kode masuk salah ulang halaman login tidka masuk aplikasi,"['login', 'nya', 'susah', 'bin', 'ribet', 'buka', 'email', 'cek', 'kode', 'otp', 'nya', 'kode', 'masuk', 'salah', 'ulang', 'halaman', 'login', 'tidka', 'masuk', 'aplikasi']"
Pengguna Google,1,2024-12-18 19:46:37,Dasar konoha akses gini aja sulit dan ga full service.. parah,1,2.0.0,11,61,2024-12,False,Negatif,2024,0,dasar konoha akses sulit tidak full service parah,"['dasar', 'konoha', 'akses', 'sulit', 'tidak', 'full', 'service', 'parah']"
Pengguna Google,5,2024-02-06 10:57:20,PERBAIKI LAGI APLIKASI KARENA MASIH SERING KELUAR SENDIRI SAAT DIPAKAI,0,1.3.0,10,70,2024-02,False,Positif,2024,2,baik aplikasi pakai,"['baik', 'aplikasi', 'pakai']"
Pengguna Google,5,2024-05-21 11:04:32,"Gue ulang berkali kali tutorial masih aja eror gak guna emang ini apk dan situsnya pada eror gak niat bantu masyarakat, miris sekali dinegeri wakanda ini ,situs pemerintah pada down tapi situs slot aman2 aja tuh lancar jaya😂",1,1.4.0,38,224,2024-05,False,Positif,2024,2,gue ulang kali kali tutorial eror tidak emang aplikasi situs eror tidak niat bantu masyarakat miris negeri wakanda situs perintah down situs slot aman tuh lancar jaya,"['gue', 'ulang', 'kali', 'kali', 'tutorial', 'eror', 'tidak', 'emang', 'aplikasi', 'situs', 'eror', 'tidak', 'niat', 'bantu', 'masyarakat', 'miris', 'negeri', 'wakanda', 'situs', 'perintah', 'down', 'situs', 'slot', 'aman', 'tuh', 'lancar', 'jaya']"
Pengguna Google,1,2025-12-22 21:49:29,kaga jelas,0,2.0.6,2,10,2025-12,True,Negatif,2025,0,tidak,['tidak']
Pengguna Google,1,2026-03-20 11:24:45,aplikasi buruk mau login aja susah .,0,3.0.6,7,36,2026-03,False,Negatif,2026,0,aplikasi buruk login susah,"['aplikasi', 'buruk', 'login', 'susah']"
Pengguna Google,5,2026-02-18 21:10:45,kepstuhan regulasi,0,3.0.6,2,18,2026-02,False,Positif,2026,2,kepstuhan regulasi,"['kepstuhan', 'regulasi']"
Pengguna Google,1,2025-04-14 21:59:32,cuman di indon mau bayar pajak dipersulit,0,unknown,7,41,2025-04,False,Negatif,2025,0,cuman indon bayar pajak sulit,"['cuman', 'indon', 'bayar', 'pajak', 'sulit']"
Pengguna Google,5,2026-03-08 06:13:09,ada nya aplikasi ini jadi semuanya lebih mudah,0,2.0.6,8,46,2026-03,False,Positif,2026,2,nya aplikasi mudah,"['nya', 'aplikasi', 'mudah']"
Pengguna Google,4,2025-06-25 19:22:15,ribet ngisi spt,0,unknown,3,15,2025-06,False,Positif,2025,2,ribet ngisi spt,"['ribet', 'ngisi', 'spt']"
Pengguna Google,5,2026-04-28 01:30:24,terbaik,0,unknown,1,7,2026-04,True,Positif,2026,2,baik,['baik']
Pengguna Google,1,2025-01-11 13:34:35,sampah,0,2.0.2,1,6,2025-01,True,Negatif,2025,0,sampah,['sampah']
Pengguna Google,5,2024-02-06 11:53:08,Keren,0,unknown,1,5,2024-02,True,Positif,2024,2,keren,['keren']
Pengguna Google,1,2025-08-18 18:19:05,apk penipuan,0,unknown,2,12,2025-08,False,Negatif,2025,0,aplikasi tipu,"['aplikasi', 'tipu']"
Pengguna Google,4,2025-03-07 14:19:12,"Alhamdulillah sistem udah diperbaiki. Kemarin terkendala buat login masalah pengiriman otp sekarang sudah lancar, untung aja sebelum ke kantor kpp aku coba cek aplikasinya dan ternyata udah lancar",0,unknown,28,196,2025-03,False,Positif,2025,2,alhamdulillah sistem baik kemarin kendala login kirim otp lancar untung kantor kpp coba cek aplikasi lancar,"['alhamdulillah', 'sistem', 'baik', 'kemarin', 'kendala', 'login', 'kirim', 'otp', 'lancar', 'untung', 'kantor', 'kpp', 'coba', 'cek', 'aplikasi', 'lancar']"
Pengguna Google,1,2026-03-29 16:32:05,ampas banget login aja susah,0,3.0.6,5,28,2026-03,False,Negatif,2026,0,ampas login susah,"['ampas', 'login', 'susah']"
Pengguna Google,1,2026-03-16 15:52:33,kenapa selalu diminta logout terus? aku ga bisa lapor spt. tiap tahun sudah rutin lapor pajak online. baru sekarang ga bisa. ruwet. ternyata site under construction. kapan jadinya?,1,3.0.6,28,180,2026-03,False,Negatif,2026,0,logout tidak lapor spt rutin lapor pajak online tidak ruwet site under construction,"['logout', 'tidak', 'lapor', 'spt', 'rutin', 'lapor', 'pajak', 'online', 'tidak', 'ruwet', 'site', 'under', 'construction']"
Pengguna Google,5,2024-05-18 14:37:14,mantap,0,1.4.0,1,6,2024-05,True,Positif,2024,2,mantap,['mantap']
Pengguna Google,5,2026-01-15 17:00:46,"KODE HANDPHONE BUAT VERIFIKASI NYA G MUNCUL"" HERAN DARI JAM 11 SAMPE JAM 17 DI TUNGGUIN UDAH BRP KALI COBA G MUNCUL"" #HERAN PADAHAL HARI JAM KERJA",0,2.0.6,27,146,2026-01,False,Positif,2026,2,kode handphone verifikasi nya tidak muncul heran jam sampe jam tungguin brp kali coba tidak muncul jam kerja,"['kode', 'handphone', 'verifikasi', 'nya', 'tidak', 'muncul', 'heran', 'jam', 'sampe', 'jam', 'tungguin', 'brp', 'kali', 'coba', 'tidak', 'muncul', 'jam', 'kerja']"
Pengguna Google,5,2025-05-26 16:20:29,sangat membantu sekali.,0,unknown,3,23,2025-05,False,Positif,2025,2,bantu,['bantu']
Pengguna Google,5,2026-02-10 07:43:07,memudahkan laporan pajak,0,3.0.4,3,24,2026-02,False,Positif,2026,2,mudah lapor pajak,"['mudah', 'lapor', 'pajak']"
Pengguna Google,5,2025-04-14 17:39:32,mantap,0,unknown,1,6,2025-04,True,Positif,2025,2,mantap,['mantap']
Pengguna Google,5,2026-03-09 09:42:11,aplikasih ini sangat bagus dan membantu dengan keperluan saya yang menyakut dengan pajak,0,2.0.6,13,88,2026-03,False,Positif,2026,2,aplikasih bagus bantu perlu menyakut pajak,"['aplikasih', 'bagus', 'bantu', 'perlu', 'menyakut', 'pajak']"
Pengguna Google,5,2024-05-26 12:36:50,Sgat bantu,0,1.4.0,2,10,2024-05,False,Positif,2024,2,sgat bantu,"['sgat', 'bantu']"
Pengguna Google,5,2026-03-04 10:40:04,gk bisa di klik spnya,0,3.0.6,5,21,2026-03,False,Positif,2026,2,tidak klik spnya,"['tidak', 'klik', 'spnya']"
