user_name,rating,date,review_text,likes,app_version,word_count,char_count,year_month,is_duplicate,sentiment,sentiment_encoded,review_clean,review_tokens
Pengguna Google,5,2023-03-31 23:31:47,Sippp,0,1.2.1,1,5,2023-03,True,Positif,2,sippp,['sippp']
Pengguna Google,5,2023-08-04 12:59:57,Terima kasih M-Pajak,0,1.2.3,3,20,2023-08,False,Positif,2,terima kasih pajak,"['terima', 'kasih', 'pajak']"
Pengguna Google,3,2021-12-18 16:41:47,Nunggu kode verifikasi ga msk2 pdh udh dicoba berkali2 tp ga da emai yg msk udh d cek d folder laen ga da jg.....,0,1.0,24,113,2021-12,False,Netral,1,nunggu kode verifikasi tidak msk pdh dicoba berkali tapi tidak da emai msk cek folder laen tidak da,"['nunggu', 'kode', 'verifikasi', 'tidak', 'msk', 'pdh', 'dicoba', 'berkali', 'tapi', 'tidak', 'da', 'emai', 'msk', 'cek', 'folder', 'laen', 'tidak', 'da']"
Pengguna Google,3,2024-10-07 16:42:59,Mau daftar tapi tidak bisa,0,1.4.0,5,26,2024-10,False,Netral,1,mau daftar tapi tidak,"['mau', 'daftar', 'tapi', 'tidak']"
Pengguna Google,1,2024-08-05 21:06:48,Aplikasinya bikin bingung gak satset. Log in salah terus padahal udah sesuai.,1,1.4.0,12,77,2024-08,False,Negatif,0,aplikasinya bikin bingung tidak satset log in salah terus padahal sesuai,"['aplikasinya', 'bikin', 'bingung', 'tidak', 'satset', 'log', 'in', 'salah', 'terus', 'padahal', 'sesuai']"
Pengguna Google,5,2022-04-08 19:18:28,Keren,0,1.0,1,5,2022-04,True,Positif,2,keren,['keren']
Pengguna Google,1,2024-07-21 17:53:35,"Apk sampah, web sampah.. bubar",0,1.4.0,5,30,2024-07,False,Negatif,0,aplikasi sampah web sampah bubar,"['aplikasi', 'sampah', 'web', 'sampah', 'bubar']"
Pengguna Google,1,2024-03-02 16:13:38,Aplikasi gak berguna mending langsung pakai web.aplikasi sampah,0,1.3.0,8,63,2024-03,False,Negatif,0,aplikasi tidak berguna mending langsung pakai web aplikasi sampah,"['aplikasi', 'tidak', 'berguna', 'mending', 'langsung', 'pakai', 'web', 'aplikasi', 'sampah']"
Pengguna Google,3,2025-02-08 12:26:04,Alangkah baiknya lapor SPT bisa diaplikasi ini juga,1,2.0.3,8,51,2025-02,False,Netral,1,alangkah baiknya lapor spt diaplikasi,"['alangkah', 'baiknya', 'lapor', 'spt', 'diaplikasi']"
Ananda Prathama,2,2026-02-09 21:49:34,Can't do photo verification.,4,3.0.4,4,28,2026-02,False,Negatif,0,can do photo verification,"['can', 'do', 'photo', 'verification']"
Pengguna Google,1,2026-03-02 19:16:46,lambat,0,3.0.6,1,6,2026-03,True,Negatif,0,lambat,['lambat']
Pengguna Google,5,2023-02-09 18:42:39,⭐⭐⭐⭐⭐,0,1.1.0,1,5,2023-02,False,Positif,2,,[]
Jedediah Fanuel,3,2023-12-31 20:36:00,I think the feature is still incomplete compared to the web version,4,1.2.3,12,67,2023-12,False,Netral,1,think the feature is still incomplete compared to the web version,"['think', 'the', 'feature', 'is', 'still', 'incomplete', 'compared', 'to', 'the', 'web', 'version']"
Pengguna Google,3,2025-02-07 21:48:57,"Untuk M-Pajak belum support npwp 16 digit ya? Saya mau buat efin harus isi npwp 15 digit😔,kalo sudah beres saya kasih bintang 5 dah. Tolong dibenerin ya mas mbak",0,2.0.3,29,161,2025-02,False,Netral,1,pajak belum support npwp digit mau efin harus isi npwp digit kalo beres kasih bintang dah tolong dibenerin mas mbak,"['pajak', 'belum', 'support', 'npwp', 'digit', 'mau', 'efin', 'harus', 'isi', 'npwp', 'digit', 'kalo', 'beres', 'kasih', 'bintang', 'dah', 'tolong', 'dibenerin', 'mas', 'mbak']"
Pengguna Google,5,2025-03-14 09:24:56,Jos mantab,0,unknown,2,10,2025-03,False,Positif,2,jos mantab,"['jos', 'mantab']"
Pengguna Google,1,2023-11-21 16:02:23,"Aplikasi pemerintah,,nasib nasib",0,unknown,3,32,2023-11,False,Negatif,0,aplikasi pemerintah nasib nasib,"['aplikasi', 'pemerintah', 'nasib', 'nasib']"
Pengguna Google,5,2023-03-12 17:19:41,suka,0,unknown,1,4,2023-03,False,Positif,2,suka,['suka']
Pengguna Google,5,2024-07-17 10:48:09,👍🏻👍🏻,0,unknown,1,4,2024-07,False,Positif,2,,[]
Pengguna Google,1,2024-10-25 16:21:31,Korup anggaran mulu ya gini,0,unknown,5,27,2024-10,False,Negatif,0,korup anggaran mulu begini,"['korup', 'anggaran', 'mulu', 'begini']"
Pengguna Google,1,2025-12-30 09:29:21,"bukti gagalnya pemerintahan indo, bikin aplikasi saja ga becus, dana benar hasil sampah. saya registrasi nik saya sudah benar namun keterangannya ""nik sudah terdaftar."" namun saya coba login ""data tidak ditemukan."" muak!",39,2.0.6,32,220,2025-12,False,Negatif,0,bukti gagalnya pemerintahan indo bikin aplikasi saja tidak becus dana benar hasil sampah registrasi nik benar namun keterangannya nik terdaftar namun coba login data tidak ditemukan muak,"['bukti', 'gagalnya', 'pemerintahan', 'indo', 'bikin', 'aplikasi', 'saja', 'tidak', 'becus', 'dana', 'benar', 'hasil', 'sampah', 'registrasi', 'nik', 'benar', 'namun', 'keterangannya', 'nik', 'terdaftar', 'namun', 'coba', 'login', 'data', 'tidak', 'ditemukan', 'muak']"
Pengguna Google,5,2026-02-09 14:55:35,Bagus,0,3.0.3,1,5,2026-02,True,Positif,2,bagus,['bagus']
Pengguna Google,3,2026-03-30 07:54:43,pdhl udh swapfoto ko ellor ya saya sampe ngulang 3×pdhl udh mengikuti arahan,0,3.0.6,13,76,2026-03,False,Netral,1,pdhl swapfoto ko ellor sampe ngulang pdhl mengikuti arahan,"['pdhl', 'swapfoto', 'ko', 'ellor', 'sampe', 'ngulang', 'pdhl', 'mengikuti', 'arahan']"
Pengguna Google,5,2026-03-05 08:00:11,baik,0,2.0.6,1,4,2026-03,True,Positif,2,baik,['baik']
Pengguna Google,1,2024-03-31 03:08:18,"Aplikasi sekelas punya pemerintah tpi mau lapor pajak tdk bisa,, pilihan menu nya tidak jelasss,,e mengherankan",0,1.4.0,16,111,2024-03,False,Negatif,0,aplikasi sekelas punya pemerintah tapi mau lapor pajak tidak pilihan menu tidak jelasss mengherankan,"['aplikasi', 'sekelas', 'punya', 'pemerintah', 'tapi', 'mau', 'lapor', 'pajak', 'tidak', 'pilihan', 'menu', 'tidak', 'jelasss', 'mengherankan']"
Pengguna Google,1,2024-12-04 18:38:32,Aplikasi gak membantu sama sekali,0,unknown,5,33,2024-12,False,Negatif,0,aplikasi tidak membantu sama sekali,"['aplikasi', 'tidak', 'membantu', 'sama', 'sekali']"
Pengguna Google,4,2022-03-18 13:46:32,bagus,0,1.0,1,5,2022-03,True,Positif,2,bagus,['bagus']
Yogi Pradnya,1,2026-04-07 07:42:36,"gak bisa di pakai sama sekali, gimana mau lapor pajaknya",0,3.0.9,10,56,2026-04,False,Negatif,0,tidak pakai sama sekali bagaimana mau lapor pajaknya,"['tidak', 'pakai', 'sama', 'sekali', 'bagaimana', 'mau', 'lapor', 'pajaknya']"
Setyo Suhartanto,3,2023-12-15 15:40:59,"Data is different with DJP web. Here, NPWP card is not printed with NIK while in DJP web site, it's already integrated. The address also different. Looks like DJP has several servers that not synced.",20,1.2.4,35,199,2023-12,False,Netral,1,data is different with djp web here npwp card is not printed with nik while in djp web site it already integrated the address also different looks like djp has several servers that not synced,"['data', 'is', 'different', 'with', 'djp', 'web', 'here', 'npwp', 'card', 'is', 'not', 'printed', 'with', 'nik', 'while', 'in', 'djp', 'web', 'site', 'it', 'already', 'integrated', 'the', 'address', 'also', 'different', 'looks', 'like', 'djp', 'has', 'several', 'servers', 'that', 'not', 'synced']"
Pengguna Google,5,2025-03-04 11:33:35,Mudah di akses,0,2.0.3,3,14,2025-03,False,Positif,2,mudah akses,"['mudah', 'akses']"
Pengguna Google,1,2024-03-30 13:02:36,Gajelas,0,1.4.0,1,7,2024-03,True,Negatif,0,gajelas,['gajelas']
Pengguna Google,2,2025-02-24 20:06:34,bug nya perbaiki,0,2.0.3,3,16,2025-02,False,Negatif,0,bug perbaiki,"['bug', 'perbaiki']"
Pengguna Google,1,2026-04-01 14:30:40,Aplikasi bapuk login susah,0,3.0.6,4,26,2026-04,False,Negatif,0,aplikasi bapuk login susah,"['aplikasi', 'bapuk', 'login', 'susah']"
Pengguna Google,5,2022-02-16 10:03:22,Mantap..lebih memudahkan masyarakat Indonesia dalam urusan pajak.,0,1.1.0,7,65,2022-02,False,Positif,2,mantap memudahkan masyarakat indonesia dalam urusan pajak,"['mantap', 'memudahkan', 'masyarakat', 'indonesia', 'dalam', 'urusan', 'pajak']"
Pengguna Google,3,2023-04-29 18:12:52,Semoga bisa ditambahkan fitur e-SPT PPh 23. Agar ga pindah pindah aplikasi. Satu aplikasi untuk akses semuanya.,0,1.2.2,17,111,2023-04,False,Netral,1,semoga ditambahkan fitur spt pph agar tidak pindah pindah aplikasi satu aplikasi akses semuanya,"['semoga', 'ditambahkan', 'fitur', 'spt', 'pph', 'agar', 'tidak', 'pindah', 'pindah', 'aplikasi', 'satu', 'aplikasi', 'akses', 'semuanya']"
Pengguna Google,1,2023-11-02 16:24:15,"02/11/2023 tumbang server ga bisa akses , server negara",0,1.2.3,9,55,2023-11,False,Negatif,0,tumbang server tidak akses server negara,"['tumbang', 'server', 'tidak', 'akses', 'server', 'negara']"
Pengguna Google,3,2021-12-13 21:07:49,Kenapa ya stiap saya masuk ke akun ga bs2 apa lg eror..,0,unknown,12,55,2021-12,False,Netral,1,kenapa stiap masuk akun tidak apa lagi eror,"['kenapa', 'stiap', 'masuk', 'akun', 'tidak', 'apa', 'lagi', 'eror']"
Pengguna Google,3,2024-03-27 21:07:26,Bisa minta updaten terbaru untuk samsungA33 ndak?,0,1.4.0,7,49,2024-03,False,Netral,1,minta updaten terbaru samsunga ndak,"['minta', 'updaten', 'terbaru', 'samsunga', 'ndak']"
Pengguna Google,1,2025-03-07 22:07:22,Ribet,0,unknown,1,5,2025-03,True,Negatif,0,ribet,['ribet']
Pengguna Google,4,2021-11-11 21:52:44,Lupa username dan password,0,unknown,4,26,2021-11,False,Positif,2,lupa username password,"['lupa', 'username', 'password']"
Pengguna Google,1,2026-02-13 13:14:20,aplikasi sampah jangan ada yg install cuma bikin ribet doang periv berkli kli udh bener bngt masih juga ngga bisa to*ol,2,3.0.6,21,119,2026-02,False,Negatif,0,aplikasi sampah jangan install cuma bikin ribet saja periv berkli kli bener sangat masih tidak to ol,"['aplikasi', 'sampah', 'jangan', 'install', 'cuma', 'bikin', 'ribet', 'saja', 'periv', 'berkli', 'kli', 'bener', 'sangat', 'masih', 'tidak', 'to', 'ol']"
Pengguna Google,3,2025-08-26 14:01:23,"aplikasi nya bagus, cuma perlu perbaharui lagi, agar bisa buat npwp dengan aplikasi ini, saat saya coba di website terjadi error.",5,2.0.5,21,129,2025-08,False,Netral,1,aplikasi bagus cuma perlu perbaharui lagi agar npwp aplikasi saat coba website terjadi error,"['aplikasi', 'bagus', 'cuma', 'perlu', 'perbaharui', 'lagi', 'agar', 'npwp', 'aplikasi', 'saat', 'coba', 'website', 'terjadi', 'error']"
Pengguna Google,1,2025-06-02 11:51:28,Tdk berfungsi dgn baik.,0,2.0.4,4,23,2025-06,False,Negatif,0,tidak berfungsi baik,"['tidak', 'berfungsi', 'baik']"
Pengguna Google,1,2025-03-04 10:46:36,"Semakin parah aplikasi djp, buat dari websitepun tetap sama aja. Kode verifikasi tidak pernah masuk ke email. Semakin sloww respon tidak seperti sebelumnya, sebelumnya cepat sekali kode verifikasinya masuk.",33,2.0.3,29,206,2025-03,False,Negatif,0,semakin parah aplikasi djp websitepun tetap sama saja kode verifikasi tidak pernah masuk email semakin sloww respon tidak seperti sebelumnya sebelumnya cepat sekali kode verifikasinya masuk,"['semakin', 'parah', 'aplikasi', 'djp', 'websitepun', 'tetap', 'sama', 'saja', 'kode', 'verifikasi', 'tidak', 'pernah', 'masuk', 'email', 'semakin', 'sloww', 'respon', 'tidak', 'seperti', 'sebelumnya', 'sebelumnya', 'cepat', 'sekali', 'kode', 'verifikasinya', 'masuk']"
Sabar Sauntara,5,2023-03-15 08:55:47,Sudah ada menu EFIN. Terima kasih sangat membantu,0,unknown,8,49,2023-03,False,Positif,2,menu efin terima kasih sangat membantu,"['menu', 'efin', 'terima', 'kasih', 'sangat', 'membantu']"
Pengguna Google,3,2026-04-30 13:47:48,"seharusnya dengan app ini, proses pelaporan jadi lebih mudah. Sangat disayangkan, belum bisa dioperasikan sebagaimana mestinya. Mohon diperbaiki 🙏",0,3.0.9,19,146,2026-04,False,Netral,1,seharusnya aplikasi proses pelaporan jadi mudah sangat disayangkan belum dioperasikan sebagaimana mestinya mohon diperbaiki,"['seharusnya', 'aplikasi', 'proses', 'pelaporan', 'jadi', 'mudah', 'sangat', 'disayangkan', 'belum', 'dioperasikan', 'sebagaimana', 'mestinya', 'mohon', 'diperbaiki']"
Pengguna Google,1,2026-04-18 05:09:11,ngak berfungsi dengan baik,0,3.0.6,4,26,2026-04,False,Negatif,0,ngak berfungsi baik,"['ngak', 'berfungsi', 'baik']"
Pengguna Google,1,2024-04-07 03:12:30,Ksh rating 1 ajj Pelayanan pemerintah kok gni,0,unknown,8,45,2024-04,False,Negatif,0,kasih rating ajj pelayanan pemerintah kok gni,"['kasih', 'rating', 'ajj', 'pelayanan', 'pemerintah', 'kok', 'gni']"
Pendy Prasetyo,1,2025-02-18 16:09:24,"Just a rubish app from dirjen pajak, useless for anything related to tax. Wasted of citizen money.",16,unknown,17,98,2025-02,False,Negatif,0,just rubish aplikasi from dirjen pajak useless for anything related to tax wasted of citizen money,"['just', 'rubish', 'aplikasi', 'from', 'dirjen', 'pajak', 'useless', 'for', 'anything', 'related', 'to', 'tax', 'wasted', 'of', 'citizen', 'money']"
Pengguna Google,5,2024-08-19 09:32:53,Ok,0,1.4.0,1,2,2024-08,True,Positif,2,ok,['ok']
Pengguna Google,4,2023-04-21 07:30:31,", SD a ay ccxxxx by vgax",0,1.2.2,7,24,2023-04,False,Positif,2,sd ay ccxxxx by vgax,"['sd', 'ay', 'ccxxxx', 'by', 'vgax']"
catatan agoes,5,2022-01-11 19:16:31,Terima Kasih....,0,unknown,2,16,2022-01,False,Positif,2,terima kasih,"['terima', 'kasih']"
Pengguna Google,5,2024-01-28 10:51:46,Ok,0,unknown,1,2,2024-01,True,Positif,2,ok,['ok']
Pengguna Google,1,2025-03-05 06:22:43,"Aplikasi kurang membantu , udah ku cek username sama sandinya bener kok , masih aja ada pemberitahuan salah terus ,,",0,2.0.3,20,116,2025-03,False,Negatif,0,aplikasi kurang membantu ku cek username sama sandinya bener kok masih saja pemberitahuan salah terus,"['aplikasi', 'kurang', 'membantu', 'ku', 'cek', 'username', 'sama', 'sandinya', 'bener', 'kok', 'masih', 'saja', 'pemberitahuan', 'salah', 'terus']"
Pengguna Google,3,2023-11-09 09:29:27,"Sangat mengecewakan,terlalu banyak persyaratan,untuk mendapatkan Efin saja sangat sulit.",0,1.2.3,9,88,2023-11,False,Netral,1,sangat mengecewakan terlalu banyak persyaratan mendapatkan efin saja sangat sulit,"['sangat', 'mengecewakan', 'terlalu', 'banyak', 'persyaratan', 'mendapatkan', 'efin', 'saja', 'sangat', 'sulit']"
Ilham Abdillah Alhamdi,1,2024-12-06 09:30:12,OTP Verification Sucks,9,2.0.0,3,22,2024-12,False,Negatif,0,otp verification sucks,"['otp', 'verification', 'sucks']"
Winda Nurmalita,1,2025-04-16 13:15:55,"aplikasi tolol, ga bisa forgot password buat ganti password. mau lapor pajak butuh efin, harus dateng ke kantor terdekat. ribet. kenapa ribet bgt lu pajak. benerin dulu sistemnya kalo mau masyarakat tertib lapor pajak.",1,unknown,34,218,2025-04,False,Negatif,0,aplikasi tolol tidak forgot password ganti password mau lapor pajak butuh efin harus dateng kantor terdekat ribet kenapa ribet sangat lu pajak benerin dulu sistemnya kalo mau masyarakat tertib lapor pajak,"['aplikasi', 'tolol', 'tidak', 'forgot', 'password', 'ganti', 'password', 'mau', 'lapor', 'pajak', 'butuh', 'efin', 'harus', 'dateng', 'kantor', 'terdekat', 'ribet', 'kenapa', 'ribet', 'sangat', 'lu', 'pajak', 'benerin', 'dulu', 'sistemnya', 'kalo', 'mau', 'masyarakat', 'tertib', 'lapor', 'pajak']"
Pengguna Google,5,2024-11-29 18:50:52,Aplikasinya bagus banget bisa memudahkan penggunanya,0,1.4.0,6,52,2024-11,False,Positif,2,aplikasinya bagus sangat memudahkan penggunanya,"['aplikasinya', 'bagus', 'sangat', 'memudahkan', 'penggunanya']"
Pengguna Google,1,2025-03-11 22:35:27,Mau cek npwp yg hilang aja susah muter muter sangat tidak membantu,0,2.0.3,12,66,2025-03,False,Negatif,0,mau cek npwp hilang saja susah muter muter sangat tidak membantu,"['mau', 'cek', 'npwp', 'hilang', 'saja', 'susah', 'muter', 'muter', 'sangat', 'tidak', 'membantu']"
Pengguna Google,5,2026-02-12 07:43:29,sangat membantu sekali dalam pelayanan pajak....,0,3.0.5,6,48,2026-02,False,Positif,2,sangat membantu sekali dalam pelayanan pajak,"['sangat', 'membantu', 'sekali', 'dalam', 'pelayanan', 'pajak']"
Pengguna Google,1,2024-09-19 08:03:59,Ini duit anggaran pajak yang begitu banyak dari rakyat ga sanggup buat bayar IT yang ahli dalam bikin web dan aplikasi?,0,1.4.0,21,119,2024-09,False,Negatif,0,duit anggaran pajak begitu banyak rakyat tidak sanggup bayar it ahli dalam bikin web aplikasi,"['duit', 'anggaran', 'pajak', 'begitu', 'banyak', 'rakyat', 'tidak', 'sanggup', 'bayar', 'it', 'ahli', 'dalam', 'bikin', 'web', 'aplikasi']"
Pengguna Google,3,2024-03-21 03:54:47,Saya gagal mendapatkan kode verifikasi lupa efin karena kode tidak dikirim ke email maupun sms.,0,1.4.0,15,95,2024-03,False,Netral,1,gagal mendapatkan kode verifikasi lupa efin karena kode tidak dikirim email maupun sms,"['gagal', 'mendapatkan', 'kode', 'verifikasi', 'lupa', 'efin', 'karena', 'kode', 'tidak', 'dikirim', 'email', 'maupun', 'sms']"
Pengguna Google,5,2022-10-07 12:22:49,Bagus..,0,1.1.0,1,7,2022-10,False,Positif,2,bagus,['bagus']
Pengguna Google,1,2023-11-14 12:07:47,Saat minta kode billong malah gak bisa di ketik kolom setelah nama,0,1.2.4,12,66,2023-11,False,Negatif,0,saat minta kode billong malah tidak ketik kolom setelah nama,"['saat', 'minta', 'kode', 'billong', 'malah', 'tidak', 'ketik', 'kolom', 'setelah', 'nama']"
Pengguna Google,5,2022-02-02 15:37:34,Mantap,0,1.0,1,6,2022-02,True,Positif,2,mantap,['mantap']
Pengguna Google,5,2024-12-11 06:06:56,Bagus banget memudahkan,0,unknown,3,23,2024-12,False,Positif,2,bagus sangat memudahkan,"['bagus', 'sangat', 'memudahkan']"
Pengguna Google,3,2021-09-10 17:50:43,"Di browser bisa login,kenapa di aplikasi tidak bisa ya?",0,1.0,9,55,2021-09,False,Netral,1,browser login kenapa aplikasi tidak,"['browser', 'login', 'kenapa', 'aplikasi', 'tidak']"
Pengguna Google,3,2023-12-05 06:28:33,"dua bulan ini ""tombol buat kode billing"" ndak aktif, mau buat kode billing ndak bisa, sebelumnya lancar",1,1.2.4,17,103,2023-12,False,Netral,1,dua bulan tombol kode billing ndak aktif mau kode billing ndak sebelumnya lancar,"['dua', 'bulan', 'tombol', 'kode', 'billing', 'ndak', 'aktif', 'mau', 'kode', 'billing', 'ndak', 'sebelumnya', 'lancar']"
Pengguna Google,5,2022-07-11 20:52:55,Mantap,0,unknown,1,6,2022-07,True,Positif,2,mantap,['mantap']
Pengguna Google,1,2024-02-29 09:07:40,"Ribet, lama, nyusahin, dicoba berkali kali minta kode efin kgak bisa2",0,1.3.0,11,69,2024-02,False,Negatif,0,ribet lama nyusahin dicoba berkali kali minta kode efin kgak,"['ribet', 'lama', 'nyusahin', 'dicoba', 'berkali', 'kali', 'minta', 'kode', 'efin', 'kgak']"
Pengguna Google,3,2026-02-11 04:42:13,"daftar online lwt coretak alamat domisili sdh benar tp gagal trs, cm ngurangin pulsa sm kuota doank.",2,3.0.5,17,100,2026-02,False,Netral,1,daftar online lwt coretak alamat domisili benar tapi gagal terus cm ngurangin pulsa sama kuota saja,"['daftar', 'online', 'lwt', 'coretak', 'alamat', 'domisili', 'benar', 'tapi', 'gagal', 'terus', 'cm', 'ngurangin', 'pulsa', 'sama', 'kuota', 'saja']"
Pengguna Google,4,2026-02-12 08:22:49,ok baik,0,3.0.5,2,7,2026-02,False,Positif,2,ok baik,"['ok', 'baik']"
Pengguna Google,3,2023-07-02 17:34:49,3 dlu,0,unknown,2,5,2023-07,False,Netral,1,dlu,['dlu']
Pengguna Google,3,2023-01-26 20:01:31,"Selesai verifikasi, mau login kenapa username dan password salah. Padahal udah cek berkali kali tetap aja salah juga. Solusi nya tolong terimakasih.",3,1.1.0,22,148,2023-01,False,Netral,1,selesai verifikasi mau login kenapa username password salah padahal cek berkali kali tetap saja salah solusi tolong terimakasih,"['selesai', 'verifikasi', 'mau', 'login', 'kenapa', 'username', 'password', 'salah', 'padahal', 'cek', 'berkali', 'kali', 'tetap', 'saja', 'salah', 'solusi', 'tolong', 'terimakasih']"
Danil Nurmansyah,5,2021-06-06 08:50:37,Sangat membantu Wajib Pajak yang tidak ada waktu datang ke kpp untuk dibuatkan kode billing,1,1.0,15,91,2021-06,False,Positif,2,sangat membantu wajib pajak tidak waktu datang kpp dibuatkan kode billing,"['sangat', 'membantu', 'wajib', 'pajak', 'tidak', 'waktu', 'datang', 'kpp', 'dibuatkan', 'kode', 'billing']"
Pengguna Google,3,2025-11-26 18:59:41,"ini gimana masuknya, saya lupa kata sandi.",0,2.0.6,7,42,2025-11,False,Netral,1,bagaimana masuknya lupa kata sandi,"['bagaimana', 'masuknya', 'lupa', 'kata', 'sandi']"
Pengguna Google,5,2022-09-01 10:55:28,Gemana kalau ada dua npwp,0,1.1.0,5,25,2022-09,False,Positif,2,gemana dua npwp,"['gemana', 'dua', 'npwp']"
Pengguna Google,3,2025-12-30 17:08:49,aplikasi gaje,0,2.0.6,2,13,2025-12,False,Netral,1,aplikasi gaje,"['aplikasi', 'gaje']"
Pengguna Google,3,2022-06-03 13:44:15,"Mantap malah lebih bagus app dari pada pake web, makasi banyak ya djp",0,1.1.0,13,69,2022-06,False,Netral,1,mantap malah bagus aplikasi pakai web makasi banyak djp,"['mantap', 'malah', 'bagus', 'aplikasi', 'pakai', 'web', 'makasi', 'banyak', 'djp']"
Pengguna Google,1,2024-11-20 00:18:55,"Aplikasi sampah,masak kalah jauh sama aplikasi luar negro,ayo saingi shopee dan lazada bosss 🦦",0,1.4.0,14,94,2024-11,False,Negatif,0,aplikasi sampah masak kalah jauh sama aplikasi luar negro ayo saingi shopee lazada bosss,"['aplikasi', 'sampah', 'masak', 'kalah', 'jauh', 'sama', 'aplikasi', 'luar', 'negro', 'ayo', 'saingi', 'shopee', 'lazada', 'bosss']"
Pengguna Google,3,2025-01-26 06:44:47,"Sekelas Pemerintah, Sistemnya seburik ini 🗿🗿🗿",0,2.0.3,6,45,2025-01,False,Netral,1,sekelas pemerintah sistemnya seburik,"['sekelas', 'pemerintah', 'sistemnya', 'seburik']"
Pengguna Google,4,2023-08-09 08:07:06,Semoga bisa,0,1.2.3,2,11,2023-08,False,Positif,2,semoga,['semoga']
adel aten,3,2025-01-03 11:01:25,"Stuck Di ""Selanjutnya""",0,2.0.2,3,22,2025-01,False,Netral,1,stuck selanjutnya,"['stuck', 'selanjutnya']"
Jermias Darondo,1,2025-01-09 12:19:32,Proyek perubahan yg tidak diupdate,1,2.0.2,5,34,2025-01,False,Negatif,0,proyek perubahan tidak diupdate,"['proyek', 'perubahan', 'tidak', 'diupdate']"
Pengguna Google,4,2025-06-25 19:22:15,ribet ngisi spt,0,unknown,3,15,2025-06,False,Positif,2,ribet ngisi spt,"['ribet', 'ngisi', 'spt']"
Pengguna Google,5,2021-09-23 14:23:37,Good aplilasi,0,unknown,2,13,2021-09,False,Positif,2,good aplilasi,"['good', 'aplilasi']"
Pengguna Google,3,2024-08-05 18:33:14,"Yang anehnya aplikasi ini.. sudah masuk aplikasi trus keluar mau masuk dengan kata sandi yang benar dan no npwp benar,, tapi bilangnya EROR",0,unknown,23,139,2024-08,False,Netral,1,anehnya aplikasi masuk aplikasi terus keluar mau masuk kata sandi benar nomor npwp benar tapi bilangnya eror,"['anehnya', 'aplikasi', 'masuk', 'aplikasi', 'terus', 'keluar', 'mau', 'masuk', 'kata', 'sandi', 'benar', 'nomor', 'npwp', 'benar', 'tapi', 'bilangnya', 'eror']"
Fachmi Dwiputra,5,2021-06-06 09:41:37,Sangat membantu,1,1.0,2,15,2021-06,True,Positif,2,sangat membantu,"['sangat', 'membantu']"
Pengguna Google,3,2022-03-27 22:37:17,Ujung2nya lapor online via web. 😄,0,unknown,6,33,2022-03,False,Netral,1,ujungnya lapor online via web,"['ujungnya', 'lapor', 'online', 'via', 'web']"
Pengguna Google,1,2024-03-18 13:34:37,Aplikasi yang buruk jangan di pakai ga bisa dapat kode otp nya,0,1.4.0,12,62,2024-03,False,Negatif,0,aplikasi buruk jangan pakai tidak dapat kode otp,"['aplikasi', 'buruk', 'jangan', 'pakai', 'tidak', 'dapat', 'kode', 'otp']"
Pengguna Google,1,2024-10-23 14:41:20,YAELAH APK GINI AJA GA BENER BENER. CARI VENDOR YANG BAGUS APA BIAR BIKIN APK BAGUS,0,1.4.0,16,83,2024-10,False,Negatif,0,yaelah aplikasi begini saja tidak bener bener cari vendor bagus apa biar bikin aplikasi bagus,"['yaelah', 'aplikasi', 'begini', 'saja', 'tidak', 'bener', 'bener', 'cari', 'vendor', 'bagus', 'apa', 'biar', 'bikin', 'aplikasi', 'bagus']"
Pengguna Google,3,2022-11-25 15:40:11,kalau membantu saya tambahin,0,1.1.0,4,28,2022-11,False,Netral,1,membantu tambahin,"['membantu', 'tambahin']"
Pengguna Google,1,2024-11-28 08:09:37,"ini aplikasi cuman nyampah diplaystore.nggak ada gunanya,nggak ada fungsinya",0,1.4.0,9,76,2024-11,False,Negatif,0,aplikasi cuman nyampah diplaystore tidak gunanya tidak fungsinya,"['aplikasi', 'cuman', 'nyampah', 'diplaystore', 'tidak', 'gunanya', 'tidak', 'fungsinya']"
Pengguna Google,1,2024-03-24 02:32:41,Aplikasi apaini. slalu update tapi gk pernah bner. gk kebuka yg benar dulu kalian bikin aplikasi ini bah. memuakkan kali aplikasi kalian ini,0,1.4.0,23,140,2024-03,False,Negatif,0,aplikasi apaini selalu update tapi tidak pernah benar tidak kebuka benar dulu kalian bikin aplikasi bah memuakkan kali aplikasi kalian,"['aplikasi', 'apaini', 'selalu', 'update', 'tapi', 'tidak', 'pernah', 'benar', 'tidak', 'kebuka', 'benar', 'dulu', 'kalian', 'bikin', 'aplikasi', 'bah', 'memuakkan', 'kali', 'aplikasi', 'kalian']"
Pengguna Google,1,2025-05-19 13:15:09,"Saya sangat kecewa sekarang, saya mau padankan NPWP dengan NIK lewat online, tetapi sekarang sudah tidak bisa,",0,unknown,17,110,2025-05,False,Negatif,0,sangat kecewa sekarang mau padankan npwp nik lewat online tetapi sekarang tidak,"['sangat', 'kecewa', 'sekarang', 'mau', 'padankan', 'npwp', 'nik', 'lewat', 'online', 'tetapi', 'sekarang', 'tidak']"
SuperJerry,1,2025-01-31 14:09:01,"aplikasi selalu crash saat ingin dibuka, server pake pc 2001 ya?",0,unknown,11,64,2025-01,False,Negatif,0,aplikasi selalu crash saat ingin dibuka server pakai pc,"['aplikasi', 'selalu', 'crash', 'saat', 'ingin', 'dibuka', 'server', 'pakai', 'pc']"
Pengguna Google,3,2024-11-20 17:36:18,Saya kasih bintang 3 dlu,0,1.4.0,5,24,2024-11,False,Netral,1,kasih bintang dlu,"['kasih', 'bintang', 'dlu']"
Pengguna Google,1,2024-06-07 19:16:52,"Ini aplikasi apa sih ini, ga ada solusi dan kemudahan sama sekali. Ntar di bilang kita yang berbelit belit.",0,unknown,19,107,2024-06,False,Negatif,0,aplikasi apa tidak solusi kemudahan sama sekali ntar bilang berbelit belit,"['aplikasi', 'apa', 'tidak', 'solusi', 'kemudahan', 'sama', 'sekali', 'ntar', 'bilang', 'berbelit', 'belit']"
Pengguna Google,5,2022-10-19 12:32:38,Now easy login and editing profile,0,1.1.0,6,34,2022-10,False,Positif,2,now easy login and editing profile,"['now', 'easy', 'login', 'and', 'editing', 'profile']"
Pengguna Google,3,2025-01-07 14:29:53,Kok ga ada fitur efin nya yaa,0,2.0.2,7,29,2025-01,False,Netral,1,kok tidak fitur efin,"['kok', 'tidak', 'fitur', 'efin']"
Pengguna Google,5,2026-03-12 19:26:55,sangat membantu utk pelaporan pajak dan sebagainya,0,2.0.6,7,50,2026-03,False,Positif,2,sangat membantu pelaporan pajak sebagainya,"['sangat', 'membantu', 'pelaporan', 'pajak', 'sebagainya']"
Pengguna Google,1,2025-03-27 21:47:07,buruk sekali sangat buruk aplikasi nya jgn mau instal,0,unknown,9,53,2025-03,False,Negatif,0,buruk sekali sangat buruk aplikasi jgn mau instal,"['buruk', 'sekali', 'sangat', 'buruk', 'aplikasi', 'jgn', 'mau', 'instal']"
Pengguna Google,5,2022-02-11 11:24:19,Ok,0,1.0,1,2,2022-02,True,Positif,2,ok,['ok']
Pengguna Google,1,2026-03-08 10:37:24,mau masuk malah halaman tidak berfungsi. bikin bingung apkikasi ini,1,3.0.6,10,67,2026-03,False,Negatif,0,mau masuk malah halaman tidak berfungsi bikin bingung apkikasi,"['mau', 'masuk', 'malah', 'halaman', 'tidak', 'berfungsi', 'bikin', 'bingung', 'apkikasi']"
John Dante,5,2022-01-05 19:27:54,Nice and helpful application,6,1.0,4,28,2022-01,False,Positif,2,nice and helpful application,"['nice', 'and', 'helpful', 'application']"
Pengguna Google,5,2026-02-28 14:24:20,tolong tingkatkan kemudahan dalam mendapatkan kode Verifikasi bisa melalui whatsapp atau email yang sudah terdaftar karena sangat repot sekali jika hanya melalui SMS yang mana di Indonesia masih banyak daerah yang sulit signalnya.,17,3.0.6,33,230,2026-02,False,Positif,2,tolong tingkatkan kemudahan dalam mendapatkan kode verifikasi melalui whatsapp email terdaftar karena sangat repot sekali jika hanya melalui sms mana indonesia masih banyak daerah sulit signalnya,"['tolong', 'tingkatkan', 'kemudahan', 'dalam', 'mendapatkan', 'kode', 'verifikasi', 'melalui', 'whatsapp', 'email', 'terdaftar', 'karena', 'sangat', 'repot', 'sekali', 'jika', 'hanya', 'melalui', 'sms', 'mana', 'indonesia', 'masih', 'banyak', 'daerah', 'sulit', 'signalnya']"
Pengguna Google,1,2025-03-27 22:30:58,website rusak tidak membantu sama sekali,0,unknown,6,40,2025-03,False,Negatif,0,website rusak tidak membantu sama sekali,"['website', 'rusak', 'tidak', 'membantu', 'sama', 'sekali']"
Pengguna Google,3,2023-02-27 21:34:16,Kenapa ga bisa login di apk maupun di DJP onlin selalu error jadi gabisa lapor spt,0,1.1.0,16,82,2023-02,False,Netral,1,kenapa tidak login aplikasi maupun djp onlin selalu error jadi tidak lapor spt,"['kenapa', 'tidak', 'login', 'aplikasi', 'maupun', 'djp', 'onlin', 'selalu', 'error', 'jadi', 'tidak', 'lapor', 'spt']"
Pengguna Google,1,2025-12-29 05:41:57,aplikasinya gak bisa di buka cui..,0,2.0.6,6,34,2025-12,False,Negatif,0,aplikasinya tidak buka cui,"['aplikasinya', 'tidak', 'buka', 'cui']"
Andika Putra,1,2023-03-22 23:07:24,Jangan bayar pajak cman bikin kaya pejabatnya aja...pdahal pajak dari orang miskin,0,unknown,12,82,2023-03,False,Negatif,0,jangan bayar pajak cman bikin kaya pejabatnya saja pdahal pajak orang miskin,"['jangan', 'bayar', 'pajak', 'cman', 'bikin', 'kaya', 'pejabatnya', 'saja', 'pdahal', 'pajak', 'orang', 'miskin']"
Pengguna Google,3,2023-03-28 15:45:01,"tak kira dengan adanya online, malah mudah, yg ada mumet otak rek, pusing pusing gusti 🤦‍♀️🤦‍♀️🤦‍♀️",0,1.2.0,16,99,2023-03,False,Netral,1,tak kira adanya online malah mudah mumet otak rek pusing pusing gusti,"['tak', 'kira', 'adanya', 'online', 'malah', 'mudah', 'mumet', 'otak', 'rek', 'pusing', 'pusing', 'gusti']"
Pengguna Google,3,2021-10-13 23:11:55,"Dear Admin Developer, kenapa nama jalan & dusun di E-NPWP beda dengan NPWP yg didapatkan dari print di KPP Pratama ya?",0,1.0,21,118,2021-10,False,Netral,1,dear admin developer kenapa nama jalan dusun npwp beda npwp didapatkan print kpp pratama,"['dear', 'admin', 'developer', 'kenapa', 'nama', 'jalan', 'dusun', 'npwp', 'beda', 'npwp', 'didapatkan', 'print', 'kpp', 'pratama']"
Pengguna Google,5,2025-02-03 20:00:14,"Proses cepat, thanks",0,2.0.3,3,20,2025-02,False,Positif,2,proses cepat thanks,"['proses', 'cepat', 'thanks']"
Pengguna Google,1,2026-03-06 00:40:29,banyak error nya,0,unknown,3,16,2026-03,False,Negatif,0,banyak error,"['banyak', 'error']"
Pengguna Google,1,2024-03-05 16:33:35,gak masuk masuk otp reset paswordnya,0,1.4.0,6,36,2024-03,False,Negatif,0,tidak masuk masuk otp reset paswordnya,"['tidak', 'masuk', 'masuk', 'otp', 'reset', 'paswordnya']"
Pengguna Google,1,2026-03-05 09:41:59,gak bisa di unduh,0,unknown,4,17,2026-03,False,Negatif,0,tidak unduh,"['tidak', 'unduh']"
Pengguna Google,5,2024-01-31 11:40:12,Oke Mantap,0,unknown,2,10,2024-01,True,Positif,2,oke mantap,"['oke', 'mantap']"
Pengguna Google,5,2025-05-09 22:19:32,mantap,0,2.0.4,1,6,2025-05,True,Positif,2,mantap,['mantap']
Pengguna Google,5,2022-01-07 00:32:56,Sangat membantu,0,1.0,2,15,2022-01,True,Positif,2,sangat membantu,"['sangat', 'membantu']"
Pengguna Google,5,2024-03-19 12:22:34,Sya harus bisa daftar NPWP,0,unknown,5,26,2024-03,False,Positif,2,sya harus daftar npwp,"['sya', 'harus', 'daftar', 'npwp']"
Pengguna Google,5,2025-04-06 10:10:53,semoga kedepannya lebih baik lagi,0,2.0.3,5,33,2025-04,False,Positif,2,semoga kedepannya baik lagi,"['semoga', 'kedepannya', 'baik', 'lagi']"
Pengguna Google,3,2022-03-31 11:22:46,Mayan,0,1.1.0,1,5,2022-03,False,Netral,1,mayan,['mayan']
Pengguna Google,1,2022-04-06 05:09:09,bikin npwp loading validasi nya lama,0,1.1.0,6,36,2022-04,False,Negatif,0,bikin npwp loading validasi lama,"['bikin', 'npwp', 'loading', 'validasi', 'lama']"
Abdul Arief Bogie,1,2024-01-18 12:24:44,Login aja ga bisa. Di web bisa. Tipikal aplikasi pemerintah,1,1.2.5,10,59,2024-01,False,Negatif,0,login saja tidak web tipikal aplikasi pemerintah,"['login', 'saja', 'tidak', 'web', 'tipikal', 'aplikasi', 'pemerintah']"
Pengguna Google,5,2022-06-24 05:48:16,Kagak bisa login ya.,0,unknown,4,20,2022-06,False,Positif,2,tidak login,"['tidak', 'login']"
Pengguna Google,3,2022-11-11 02:05:49,Saya suka,0,1.1.0,2,9,2022-11,True,Netral,1,suka,['suka']
Pengguna Google,3,2022-01-18 19:47:07,Akan lebih bagus lagi apabila bisa untuk lapor SPT tahunan,1,1.1.0,10,58,2022-01,False,Netral,1,bagus lagi apabila lapor spt tahunan,"['bagus', 'lagi', 'apabila', 'lapor', 'spt', 'tahunan']"
Pengguna Google,1,2026-03-31 19:12:54,"kita mau bayar pajak, kita keluar uang kita yang repot dan ribet. kalo aplikasinya mudah dan lancar sih mending ya. lah ini apaan dah sampah banget",0,unknown,26,147,2026-03,False,Negatif,0,mau bayar pajak keluar uang repot ribet kalo aplikasinya mudah lancar mending apaan dah sampah sangat,"['mau', 'bayar', 'pajak', 'keluar', 'uang', 'repot', 'ribet', 'kalo', 'aplikasinya', 'mudah', 'lancar', 'mending', 'apaan', 'dah', 'sampah', 'sangat']"
Erick Yap,3,2022-03-15 07:52:31,Tidak ada cara panduan membayar atau pelaporan. Untuk pembayar pajak pemula tidak membantu.,0,1.1.0,13,91,2022-03,False,Netral,1,tidak cara panduan membayar pelaporan pembayar pajak pemula tidak membantu,"['tidak', 'cara', 'panduan', 'membayar', 'pelaporan', 'pembayar', 'pajak', 'pemula', 'tidak', 'membantu']"
Pengguna Google,3,2024-12-21 19:46:02,Kita coba aja la dulu ni apk.,0,2.0.0,7,29,2024-12,False,Netral,1,coba saja la dulu ni aplikasi,"['coba', 'saja', 'la', 'dulu', 'ni', 'aplikasi']"
Boyz Ismail,1,2025-08-11 11:37:00,Gak ada menu untuk daftar pengguna baru. Yang ada hanya menu untuk login. Gimana mau login kalo belum daftar. 👎👎👎👎👎,0,unknown,20,115,2025-08,False,Negatif,0,tidak menu daftar pengguna baru hanya menu login bagaimana mau login kalo belum daftar,"['tidak', 'menu', 'daftar', 'pengguna', 'baru', 'hanya', 'menu', 'login', 'bagaimana', 'mau', 'login', 'kalo', 'belum', 'daftar']"
Pengguna Google,3,2025-01-26 15:45:54,Saya ingin mendaptar mpwp kok sulit. Caranya,0,2.0.3,7,44,2025-01,False,Netral,1,ingin mendaptar mpwp kok sulit caranya,"['ingin', 'mendaptar', 'mpwp', 'kok', 'sulit', 'caranya']"
Pengguna Google,5,2022-03-31 17:03:01,Ok,0,unknown,1,2,2022-03,True,Positif,2,ok,['ok']
Pengguna Google,5,2022-04-06 08:56:55,Nice,0,1.1.0,1,4,2022-04,True,Positif,2,nice,['nice']
Pengguna Google,3,2024-01-09 22:35:31,Bagus,0,unknown,1,5,2024-01,True,Netral,1,bagus,['bagus']
Pengguna Google,5,2024-01-11 08:43:53,Memudahkan dalam pelaporan SPT tahunan,0,1.2.5,5,38,2024-01,False,Positif,2,memudahkan dalam pelaporan spt tahunan,"['memudahkan', 'dalam', 'pelaporan', 'spt', 'tahunan']"
Pengguna Google,1,2025-02-01 18:23:27,"semakin membingungkan, setiap tahun susah login malah harus ke kantor pajak dilu",4,2.0.3,12,80,2025-02,False,Negatif,0,semakin membingungkan setiap tahun susah login malah harus kantor pajak dilu,"['semakin', 'membingungkan', 'setiap', 'tahun', 'susah', 'login', 'malah', 'harus', 'kantor', 'pajak', 'dilu']"
Pengguna Google,3,2025-01-31 11:12:23,"Di aplikasi saya, kenapa tombol efin nya tidak ada, yg muncul hanya tombol beranda dan bayar, mohon petunjuknya 🙏",1,2.0.3,19,113,2025-01,False,Netral,1,aplikasi kenapa tombol efin tidak muncul hanya tombol beranda bayar mohon petunjuknya,"['aplikasi', 'kenapa', 'tombol', 'efin', 'tidak', 'muncul', 'hanya', 'tombol', 'beranda', 'bayar', 'mohon', 'petunjuknya']"
Pengguna Google,1,2025-02-28 00:05:02,"apknya jelek bangett, nunggu kode verifikasi bagaikan menunggu hari kiamat.",0,unknown,10,75,2025-02,False,Negatif,0,apknya jelek bangett nunggu kode verifikasi bagaikan menunggu hari kiamat,"['apknya', 'jelek', 'bangett', 'nunggu', 'kode', 'verifikasi', 'bagaikan', 'menunggu', 'hari', 'kiamat']"
share gideon panduwinata,3,2023-12-31 21:00:25,NIK atau NPWP tapi cuma bisa ngisi 15 digit doang... 🥲,0,1.2.4,11,54,2023-12,False,Netral,1,nik npwp tapi cuma ngisi digit saja,"['nik', 'npwp', 'tapi', 'cuma', 'ngisi', 'digit', 'saja']"
Pengguna Google,3,2022-06-14 13:56:20,Kalau bisa di tambah fitur download kartu npwp nya,1,1.1.0,9,50,2022-06,False,Netral,1,tambah fitur download kartu npwp,"['tambah', 'fitur', 'download', 'kartu', 'npwp']"
Pengguna Google,3,2023-12-05 15:35:03,Kira kira lah bikin aplikasi tadi vaild..buka lagi engk valid...,0,1.2.4,10,64,2023-12,False,Netral,1,kira kira bikin aplikasi tadi vaild buka lagi engk valid,"['kira', 'kira', 'bikin', 'aplikasi', 'tadi', 'vaild', 'buka', 'lagi', 'engk', 'valid']"
Pengguna Google,1,2025-11-22 08:48:05,"Udaa mah daftar di website dipersulit ehh pas mau masuk apk gabisa, kenapa sih mo website/apk pemerintah tuh bermasalah Mulu.",3,2.0.6,20,125,2025-11,False,Negatif,0,udaa mah daftar website dipersulit ehh pas mau masuk aplikasi tidak kenapa mau website aplikasi pemerintah tuh bermasalah mulu,"['udaa', 'mah', 'daftar', 'website', 'dipersulit', 'ehh', 'pas', 'mau', 'masuk', 'aplikasi', 'tidak', 'kenapa', 'mau', 'website', 'aplikasi', 'pemerintah', 'tuh', 'bermasalah', 'mulu']"
Pengguna Google,1,2025-02-17 13:06:36,Aplikasi yang sangat tidak membantu. Tolong ditingkatkan lagi demi kemudahan dalam mengakses.,0,unknown,12,93,2025-02,False,Negatif,0,aplikasi sangat tidak membantu tolong ditingkatkan lagi demi kemudahan dalam mengakses,"['aplikasi', 'sangat', 'tidak', 'membantu', 'tolong', 'ditingkatkan', 'lagi', 'demi', 'kemudahan', 'dalam', 'mengakses']"
Pengguna Google,5,2023-04-01 21:28:03,Pelayanan WP semakin transparan 👍,4,1.2.0,5,33,2023-04,False,Positif,2,pelayanan wp semakin transparan,"['pelayanan', 'wp', 'semakin', 'transparan']"
Pengguna Google,1,2025-04-07 15:21:31,trus gmn klo lupa password dan nomor HP nya ganti yg lm udah ilang,0,2.0.4,14,66,2025-04,False,Negatif,0,terus bagaimana klo lupa password nomor handphone ganti lama ilang,"['terus', 'bagaimana', 'klo', 'lupa', 'password', 'nomor', 'handphone', 'ganti', 'lama', 'ilang']"
Pengguna Google,1,2025-11-27 21:51:13,susah login,0,2.0.6,2,11,2025-11,True,Negatif,0,susah login,"['susah', 'login']"
Pengguna Google,5,2023-05-13 08:02:25,Ok,0,unknown,1,2,2023-05,True,Positif,2,ok,['ok']
Pengguna Google,1,2024-10-03 18:17:19,Ga guna. Buang buang anggaran saja. #indonesia,0,unknown,7,46,2024-10,False,Negatif,0,tidak guna buang buang anggaran saja,"['tidak', 'guna', 'buang', 'buang', 'anggaran', 'saja']"
Pengguna Google,1,2025-12-22 08:48:41,jelek sekali,0,unknown,2,12,2025-12,True,Negatif,0,jelek sekali,"['jelek', 'sekali']"
Pengguna Google,3,2026-04-06 10:13:53,saya kasi tiga dulu karena blom tau aplikaainya ini mempermudah atau mempersulit,0,3.0.6,12,80,2026-04,False,Netral,1,kasi tiga dulu karena belum tahu aplikaainya mempermudah mempersulit,"['kasi', 'tiga', 'dulu', 'karena', 'belum', 'tahu', 'aplikaainya', 'mempermudah', 'mempersulit']"
Pengguna Google,1,2025-06-20 10:43:08,"lupa password tidak bisa di reset ulang ,kacau",0,2.0.4,8,46,2025-06,False,Negatif,0,lupa password tidak reset ulang kacau,"['lupa', 'password', 'tidak', 'reset', 'ulang', 'kacau']"
azmi ami,3,2023-06-16 15:05:06,Selalu force stop,0,1.2.3,3,17,2023-06,False,Netral,1,selalu force stop,"['selalu', 'force', 'stop']"
Pengguna Google,3,2025-01-28 11:26:22,Pelayanan CS via WA udah gak ada respon.,0,1.1.0,8,40,2025-01,False,Netral,1,pelayanan cs via wa tidak respon,"['pelayanan', 'cs', 'via', 'wa', 'tidak', 'respon']"
Pengguna Google,1,2025-09-01 17:20:22,perbaikan apk nya...daftar EFIN aja susah banget.. masalah di nomor telpon tidak ditemukan...form input nya aja ga ada input nomor telpon,7,2.0.5,21,137,2025-09,False,Negatif,0,perbaikan aplikasi daftar efin saja susah sangat masalah nomor telpon tidak ditemukan form input saja tidak input nomor telpon,"['perbaikan', 'aplikasi', 'daftar', 'efin', 'saja', 'susah', 'sangat', 'masalah', 'nomor', 'telpon', 'tidak', 'ditemukan', 'form', 'input', 'saja', 'tidak', 'input', 'nomor', 'telpon']"
Pengguna Google,1,2024-12-24 14:13:00,"INI DANA BUAT SERVER YANG BAIKNYA SUDAH DIKORUPSI DULUAN INI, SERVER LELET BUANG2 WAKTU AJA DISINI, LAPOR PAK PRABOWO",1,2.0.1,19,117,2024-12,False,Negatif,0,dana server baiknya dikorupsi duluan server lelet buang waktu saja disini lapor pak prabowo,"['dana', 'server', 'baiknya', 'dikorupsi', 'duluan', 'server', 'lelet', 'buang', 'waktu', 'saja', 'disini', 'lapor', 'pak', 'prabowo']"
AKA ROMERO,3,2025-03-05 00:22:24,Pengitiman OTP lama. Sampai batas waktu kode habis. Bisa berjam-jam,0,2.0.3,10,67,2025-03,False,Netral,1,pengitiman otp lama sampai batas waktu kode habis berjam jam,"['pengitiman', 'otp', 'lama', 'sampai', 'batas', 'waktu', 'kode', 'habis', 'berjam', 'jam']"
Pengguna Google,1,2026-02-05 10:41:18,dri pagi login gagal mulu gk jelas mau aktivasi aja susah tolong di permudah donk min,0,3.0.1,16,85,2026-02,False,Negatif,0,pagi login gagal mulu tidak jelas mau aktivasi saja susah tolong permudah donk min,"['pagi', 'login', 'gagal', 'mulu', 'tidak', 'jelas', 'mau', 'aktivasi', 'saja', 'susah', 'tolong', 'permudah', 'donk', 'min']"
Pengguna Google,5,2024-05-08 10:14:17,Sesuai data,0,1.4.0,2,11,2024-05,False,Positif,2,sesuai data,"['sesuai', 'data']"
Pengguna Google,5,2022-09-25 00:06:19,"Sengaja bikin ulasan buat maki2 aja ,daftar cuma muter2 aja trus g ada kejelasan aplikasi g guna ..pegawai pemerintah tolol makan gaji buta kerja g becus",0,1.1.0,26,153,2022-09,False,Positif,2,sengaja bikin ulasan maki saja daftar cuma muter saja terus tidak kejelasan aplikasi tidak guna pegawai pemerintah tolol makan gaji buta kerja tidak becus,"['sengaja', 'bikin', 'ulasan', 'maki', 'saja', 'daftar', 'cuma', 'muter', 'saja', 'terus', 'tidak', 'kejelasan', 'aplikasi', 'tidak', 'guna', 'pegawai', 'pemerintah', 'tolol', 'makan', 'gaji', 'buta', 'kerja', 'tidak', 'becus']"
Pengguna Google,3,2025-02-16 09:34:51,"Maaf Min, ini kenapa tahunnya jadi mundur. Saya bikin kode billing dengan tahun 2025 tidak bisa. Lalu saya coba 2024, kode billing bisa muncul. Mau saya bayar pajaknya, tapi saya ragu. Padahal ini sudah tahun 2025. Untuk aplikasi, ini mudah dan simpel untuk digunakan, lalu kode billing bisa disalin. Tidak seperti di website. Yah intinya sudah bagus.",4,2.0.3,57,351,2025-02,False,Netral,1,maaf min kenapa tahunnya jadi mundur bikin kode billing tahun tidak lalu coba kode billing muncul mau bayar pajaknya tapi ragu padahal tahun aplikasi mudah simpel digunakan lalu kode billing disalin tidak seperti website intinya bagus,"['maaf', 'min', 'kenapa', 'tahunnya', 'jadi', 'mundur', 'bikin', 'kode', 'billing', 'tahun', 'tidak', 'lalu', 'coba', 'kode', 'billing', 'muncul', 'mau', 'bayar', 'pajaknya', 'tapi', 'ragu', 'padahal', 'tahun', 'aplikasi', 'mudah', 'simpel', 'digunakan', 'lalu', 'kode', 'billing', 'disalin', 'tidak', 'seperti', 'website', 'intinya', 'bagus']"
Pengguna Google,5,2022-09-12 09:04:13,Ok,0,1.1.0,1,2,2022-09,True,Positif,2,ok,['ok']
Pengguna Google,1,2025-01-14 14:05:08,"Tidak ada menu ""Lapor"" SPT tahunaan ASN 1770s, kalau buka melaui broser baru ada.",2,2.0.2,14,81,2025-01,False,Negatif,0,tidak menu lapor spt tahunaan asn buka melaui broser baru,"['tidak', 'menu', 'lapor', 'spt', 'tahunaan', 'asn', 'buka', 'melaui', 'broser', 'baru']"
Pengguna Google,3,2025-03-05 12:01:50,Ini kenapa kirim code otp lama banget masuk ke Email,0,unknown,10,52,2025-03,False,Netral,1,kenapa kirim code otp lama sangat masuk email,"['kenapa', 'kirim', 'code', 'otp', 'lama', 'sangat', 'masuk', 'email']"
Pengguna Google,1,2025-12-08 22:40:44,ga guna. sulit digunakan,0,2.0.6,4,24,2025-12,False,Negatif,0,tidak guna sulit digunakan,"['tidak', 'guna', 'sulit', 'digunakan']"
Pengguna Google,1,2024-11-20 13:55:56,Tidak bisa login,0,unknown,3,16,2024-11,False,Negatif,0,tidak login,"['tidak', 'login']"
Pengguna Google,4,2023-09-18 23:57:08,Redownload,0,1.2.3,1,10,2023-09,True,Positif,2,redownload,['redownload']
Pengguna Google,3,2024-06-06 12:04:01,tidak bisa di gunakan,0,1.4.0,4,21,2024-06,False,Netral,1,tidak gunakan,"['tidak', 'gunakan']"
Pengguna Google,1,2025-02-19 08:28:12,Aplikasi sampah,0,2.0.3,2,15,2025-02,True,Negatif,0,aplikasi sampah,"['aplikasi', 'sampah']"
Pengguna Google,5,2023-11-10 19:34:33,Good app,0,1.2.3,2,8,2023-11,True,Positif,2,good aplikasi,"['good', 'aplikasi']"
Pengguna Google,4,2022-02-09 15:04:23,Responnya cepat !,1,unknown,3,17,2022-02,False,Positif,2,responnya cepat,"['responnya', 'cepat']"
Baskoro Eskawida,1,2024-06-10 15:39:34,Lupa efin ribet server lo error mulu,3,1.4.0,7,36,2024-06,False,Negatif,0,lupa efin ribet server lo error mulu,"['lupa', 'efin', 'ribet', 'server', 'lo', 'error', 'mulu']"
Pengguna Google,4,2025-05-16 05:26:51,bagus aplikasi nya tp Masih ada yg kurang,0,1.4.0,8,41,2025-05,False,Positif,2,bagus aplikasi tapi masih kurang,"['bagus', 'aplikasi', 'tapi', 'masih', 'kurang']"
Pengguna Google,4,2025-11-28 07:00:18,Bagus,0,2.0.6,1,5,2025-11,True,Positif,2,bagus,['bagus']
Pengguna Google,3,2022-03-28 17:03:19,Ok,0,1.1.0,1,2,2022-03,True,Netral,1,ok,['ok']
Pengguna Google,3,2021-06-22 09:34:20,apakah pendaftaran NPWP bisa lewat online !,0,unknown,7,43,2021-06,False,Netral,1,apakah pendaftaran npwp lewat online,"['apakah', 'pendaftaran', 'npwp', 'lewat', 'online']"
Pengguna Google,3,2022-01-31 12:14:41,Saya juga tidak bisa login password dan nomor NPWP sudah benar. Gimana ini solusinya?? Aplikasinya sama sekali tidak membantu,1,1.1.0,19,125,2022-01,False,Netral,1,tidak login password nomor npwp benar bagaimana solusinya aplikasinya sama sekali tidak membantu,"['tidak', 'login', 'password', 'nomor', 'npwp', 'benar', 'bagaimana', 'solusinya', 'aplikasinya', 'sama', 'sekali', 'tidak', 'membantu']"
Pengguna Google,5,2023-04-07 06:53:20,Bagus banget,0,1.2.1,2,12,2023-04,False,Positif,2,bagus sangat,"['bagus', 'sangat']"
Pengguna Google,5,2025-03-19 12:17:52,oke,0,2.0.3,1,3,2025-03,True,Positif,2,oke,['oke']
Pengguna Google,3,2023-10-06 22:07:47,Kenapa sih tiap buka aplikasi sll aza kluar lg sndr n tulisannya eror.. Tolong donk diperbaharui agar lbh nyaman pake nya Klo udah bagus saya tambahin ya Bintangnya.. Makasih,0,1.2.3,29,174,2023-10,False,Netral,1,kenapa tiap buka aplikasi sll aza kluar lagi sndr tulisannya eror tolong donk diperbaharui agar lbh nyaman pakai klo bagus tambahin bintangnya terima kasih,"['kenapa', 'tiap', 'buka', 'aplikasi', 'sll', 'aza', 'kluar', 'lagi', 'sndr', 'tulisannya', 'eror', 'tolong', 'donk', 'diperbaharui', 'agar', 'lbh', 'nyaman', 'pakai', 'klo', 'bagus', 'tambahin', 'bintangnya', 'terima', 'kasih']"
Pengguna Google,1,2023-04-05 03:45:43,Aplikasi Bangke !!!,0,1.2.2,3,19,2023-04,False,Negatif,0,aplikasi bangke,"['aplikasi', 'bangke']"
Pengguna Google,1,2026-01-01 01:04:18,tolol menyusahkan saja,0,unknown,3,22,2026-01,False,Negatif,0,tolol menyusahkan saja,"['tolol', 'menyusahkan', 'saja']"
Pengguna Google,5,2022-02-05 08:06:19,Terima kasih,0,1.1.0,2,12,2022-02,True,Positif,2,terima kasih,"['terima', 'kasih']"
Pengguna Google,1,2025-03-03 13:23:49,"Ini gimana mau laporan pajak kl kode verifikasi loginnya aja harus nunggu berjam² , giliran dapat kode verifikasi trus di coba untuk input yg ad malah kadaluwarsa karna kelAmaan nunggu via email/sms.IT yg bikin versi djp online tahun ini nyusahin",0,2.0.3,40,246,2025-03,False,Negatif,0,bagaimana mau laporan pajak kl kode verifikasi loginnya saja harus nunggu berjam giliran dapat kode verifikasi terus coba input ad malah kadaluwarsa karena kelamaan nunggu via email sms it bikin versi djp online tahun nyusahin,"['bagaimana', 'mau', 'laporan', 'pajak', 'kl', 'kode', 'verifikasi', 'loginnya', 'saja', 'harus', 'nunggu', 'berjam', 'giliran', 'dapat', 'kode', 'verifikasi', 'terus', 'coba', 'input', 'ad', 'malah', 'kadaluwarsa', 'karena', 'kelamaan', 'nunggu', 'via', 'email', 'sms', 'it', 'bikin', 'versi', 'djp', 'online', 'tahun', 'nyusahin']"
Pengguna Google,1,2025-01-07 14:26:10,Coretax bikin pusing,0,unknown,3,20,2025-01,False,Negatif,0,coretax bikin pusing,"['coretax', 'bikin', 'pusing']"
Pengguna Google,3,2026-03-16 13:24:28,👍,0,2.0.6,1,1,2026-03,True,Netral,1,,[]
Pengguna Google,1,2024-07-07 05:31:37,"gagal mulu, kode verifikasi udh bener, nyoba yg dari email gagal, dari sms jg gagal.. hmmm",2,1.4.0,16,90,2024-07,False,Negatif,0,gagal mulu kode verifikasi bener nyoba email gagal sms gagal hmmm,"['gagal', 'mulu', 'kode', 'verifikasi', 'bener', 'nyoba', 'email', 'gagal', 'sms', 'gagal', 'hmmm']"
Pengguna Google,5,2023-03-17 13:48:33,ok,0,1.1.0,1,2,2023-03,True,Positif,2,ok,['ok']
Pengguna Google,3,2023-12-31 03:53:32,Ok,0,1.2.4,1,2,2023-12,True,Netral,1,ok,['ok']
Pengguna Google,3,2024-08-26 19:43:48,oke,0,1.4.0,1,3,2024-08,True,Netral,1,oke,['oke']
Pengguna Google,3,2022-02-17 06:29:25,Memuaskan,0,1.0,1,9,2022-02,False,Netral,1,memuaskan,['memuaskan']
Pengguna Google,3,2024-12-08 14:05:41,Tidak jelas saat mau masukkan akun,0,unknown,6,34,2024-12,False,Netral,1,tidak jelas saat mau masukkan akun,"['tidak', 'jelas', 'saat', 'mau', 'masukkan', 'akun']"
Pengguna Google,3,2024-01-12 08:34:11,"Assalamualaikum... Kalau mau ganti nomor kontak gimana caranya? Soalnya kode verifikasi efin ternyata dikirim ke nomor kontak yang lama, terima kasih.",0,1.2.5,21,150,2024-01,False,Netral,1,assalamualaikum mau ganti nomor kontak bagaimana caranya soalnya kode verifikasi efin ternyata dikirim nomor kontak lama terima kasih,"['assalamualaikum', 'mau', 'ganti', 'nomor', 'kontak', 'bagaimana', 'caranya', 'soalnya', 'kode', 'verifikasi', 'efin', 'ternyata', 'dikirim', 'nomor', 'kontak', 'lama', 'terima', 'kasih']"
Pengguna Google,3,2023-10-18 12:03:51,"Mantab, tapi kok saya ga bisa nmr minta efin dari apk ini gagal berkali2",0,1.2.3,14,72,2023-10,False,Netral,1,mantab tapi kok tidak nomor minta efin aplikasi gagal berkali,"['mantab', 'tapi', 'kok', 'tidak', 'nomor', 'minta', 'efin', 'aplikasi', 'gagal', 'berkali']"
Pengguna Google,5,2024-03-21 12:03:10,Oke😊😊😊,0,unknown,1,6,2024-03,False,Positif,2,oke,['oke']
Pengguna Google,5,2024-07-19 10:41:16,Mudah dan aman,0,1.4.0,3,14,2024-07,False,Positif,2,mudah aman,"['mudah', 'aman']"
Pengguna Google,5,2026-03-13 10:51:31,Terima kasih,0,3.0.6,2,12,2026-03,True,Positif,2,terima kasih,"['terima', 'kasih']"
Pengguna Google,3,2025-02-26 17:22:03,Saya mau login tidak bisa Eror,0,2.0.3,6,30,2025-02,False,Netral,1,mau login tidak eror,"['mau', 'login', 'tidak', 'eror']"
Pengguna Google,1,2024-03-30 21:12:17,aplikasi apa ini? sampah 🤣,0,1.4.0,5,26,2024-03,False,Negatif,0,aplikasi apa sampah,"['aplikasi', 'apa', 'sampah']"
Pengguna Google,5,2025-03-17 20:00:04,oke,0,2.0.3,1,3,2025-03,True,Positif,2,oke,['oke']
Pengguna Google,3,2025-02-11 04:36:24,Ranting 3 sangat bagus dan oke 🤭,0,1.4.0,7,32,2025-02,False,Netral,1,ranting sangat bagus oke,"['ranting', 'sangat', 'bagus', 'oke']"
Pengguna Google,5,2024-07-14 20:00:41,Bagus,0,unknown,1,5,2024-07,True,Positif,2,bagus,['bagus']
Pengguna Google,5,2023-11-14 10:56:01,Bagus sekali,0,1.2.4,2,12,2023-11,True,Positif,2,bagus sekali,"['bagus', 'sekali']"
Pengguna Google,5,2025-02-10 18:07:01,mantap aplikasi,0,unknown,2,15,2025-02,False,Positif,2,mantap aplikasi,"['mantap', 'aplikasi']"
Pengguna Google,5,2026-04-07 09:40:28,Siipp sudah lapor,0,3.0.9,3,17,2026-04,False,Positif,2,siipp lapor,"['siipp', 'lapor']"
Pengguna Google,1,2024-03-22 08:47:13,Parah eror terus,0,unknown,3,16,2024-03,False,Negatif,0,parah eror terus,"['parah', 'eror', 'terus']"
Pengguna Google,1,2026-04-02 10:42:17,APLIKASI BAPUK!!!! NARIK DUIT PAJAK AJA CEPAT APLIKASI GA BERFUNGSI GA DI BENERIN!!!! BLOKKK,0,unknown,14,92,2026-04,False,Negatif,0,aplikasi bapuk narik duit pajak saja cepat aplikasi tidak berfungsi tidak benerin blokkk,"['aplikasi', 'bapuk', 'narik', 'duit', 'pajak', 'saja', 'cepat', 'aplikasi', 'tidak', 'berfungsi', 'tidak', 'benerin', 'blokkk']"
Pengguna Google,3,2024-12-20 19:39:49,"Kanapa ya pasa saya mau daftar efein malah ga bisa pas, pengiriman kode otp nya",0,2.0.0,15,79,2024-12,False,Netral,1,kanapa pasa mau daftar efein malah tidak pas pengiriman kode otp,"['kanapa', 'pasa', 'mau', 'daftar', 'efein', 'malah', 'tidak', 'pas', 'pengiriman', 'kode', 'otp']"
Pengguna Google,3,2025-09-24 12:30:22,"mau log in aja susah,nunggu kode verifikasi nggak dikirim2,ayolah ini apk formal negara masa kaya apk abal2",0,2.0.6,17,107,2025-09,False,Netral,1,mau log in saja susah nunggu kode verifikasi tidak dikirim ayolah aplikasi formal negara masa kaya aplikasi abal,"['mau', 'log', 'in', 'saja', 'susah', 'nunggu', 'kode', 'verifikasi', 'tidak', 'dikirim', 'ayolah', 'aplikasi', 'formal', 'negara', 'masa', 'kaya', 'aplikasi', 'abal']"
Pengguna Google,1,2025-01-01 20:13:11,Ini appl apa sih ko percuma,0,2.0.1,6,27,2025-01,False,Negatif,0,appl apa ko percuma,"['appl', 'apa', 'ko', 'percuma']"
Pengguna Google,5,2022-09-15 14:02:43,"Terimakasih,, sangat membantu..",0,1.1.0,3,31,2022-09,False,Positif,2,terimakasih sangat membantu,"['terimakasih', 'sangat', 'membantu']"
Pengguna Google,3,2025-10-13 13:03:53,4t p0p,0,2.0.5,2,6,2025-10,False,Netral,1,pp,['pp']
Pengguna Google,4,2023-02-15 12:17:10,Mudahkan jaringan ini,0,unknown,3,21,2023-02,False,Positif,2,mudahkan jaringan,"['mudahkan', 'jaringan']"
Pengguna Google,5,2024-01-18 13:18:13,"Sangat terbantu sekali,,terimakasih",0,1.2.5,3,35,2024-01,False,Positif,2,sangat terbantu sekali terimakasih,"['sangat', 'terbantu', 'sekali', 'terimakasih']"
Pengguna Google,3,2024-03-24 19:20:16,Aga lemot yah,0,1.4.0,3,13,2024-03,False,Netral,1,aga lemot,"['aga', 'lemot']"
Pengguna Google,3,2023-11-13 19:11:03,"Kode Verifikasi gagal terkirim, mohon petunjuk dan arahannya..",0,1.2.4,8,62,2023-11,False,Netral,1,kode verifikasi gagal terkirim mohon petunjuk arahannya,"['kode', 'verifikasi', 'gagal', 'terkirim', 'mohon', 'petunjuk', 'arahannya']"
Pengguna Google,3,2023-09-08 00:43:57,"Mau masuk aja susah,NPWP pisik sudah ada tapi di aplikasi NPWP tidak tercatat",0,unknown,13,77,2023-09,False,Netral,1,mau masuk saja susah npwp pisik tapi aplikasi npwp tidak tercatat,"['mau', 'masuk', 'saja', 'susah', 'npwp', 'pisik', 'tapi', 'aplikasi', 'npwp', 'tidak', 'tercatat']"
Pengguna Google,3,2025-09-27 07:09:45,kirain cuma sya ternyata bnyak yg ngalamin gagal masuk,0,unknown,9,54,2025-09,False,Netral,1,kirain cuma sya ternyata bnyak ngalamin gagal masuk,"['kirain', 'cuma', 'sya', 'ternyata', 'bnyak', 'ngalamin', 'gagal', 'masuk']"
Pengguna Google,3,2022-09-20 19:04:13,Menyusahkan,0,1.1.0,1,11,2022-09,False,Netral,1,menyusahkan,['menyusahkan']
Supriadi,3,2021-06-08 17:57:51,"Saat pembuatan ebilling, jenis pajak dan jenis setoran ga bisa diklik...",2,1.0,11,72,2021-06,False,Netral,1,saat pembuatan ebilling jenis pajak jenis setoran tidak diklik,"['saat', 'pembuatan', 'ebilling', 'jenis', 'pajak', 'jenis', 'setoran', 'tidak', 'diklik']"
Pengguna Google,1,2025-03-16 07:08:16,Menyusahkan Mau cari pengaturan saja susah mau ganti alamat email saja susah,0,2.0.3,12,76,2025-03,False,Negatif,0,menyusahkan mau cari pengaturan saja susah mau ganti alamat email saja susah,"['menyusahkan', 'mau', 'cari', 'pengaturan', 'saja', 'susah', 'mau', 'ganti', 'alamat', 'email', 'saja', 'susah']"
Pengguna Google,4,2025-03-07 14:19:12,"Alhamdulillah sistem udah diperbaiki. Kemarin terkendala buat login masalah pengiriman otp sekarang sudah lancar, untung aja sebelum ke kantor kpp aku coba cek aplikasinya dan ternyata udah lancar",0,unknown,28,196,2025-03,False,Positif,2,alhamdulillah sistem diperbaiki kemarin terkendala login masalah pengiriman otp sekarang lancar untung saja sebelum kantor kpp coba cek aplikasinya ternyata lancar,"['alhamdulillah', 'sistem', 'diperbaiki', 'kemarin', 'terkendala', 'login', 'masalah', 'pengiriman', 'otp', 'sekarang', 'lancar', 'untung', 'saja', 'sebelum', 'kantor', 'kpp', 'coba', 'cek', 'aplikasinya', 'ternyata', 'lancar']"
Pengguna Google,1,2023-03-28 17:05:42,Gagal trus,0,1.2.0,2,10,2023-03,False,Negatif,0,gagal terus,"['gagal', 'terus']"
Pengguna Google,3,2025-02-28 14:43:33,"Kode otp untuk aktivasi efin yg di kirim ke email lama sekali masuknya, buang2 waktu aja.",0,2.0.3,16,89,2025-02,False,Netral,1,kode otp aktivasi efin kirim email lama sekali masuknya buang waktu saja,"['kode', 'otp', 'aktivasi', 'efin', 'kirim', 'email', 'lama', 'sekali', 'masuknya', 'buang', 'waktu', 'saja']"
Pengguna Google,1,2023-03-30 12:50:25,"App ga guna, dibuka g bisa, pas tanya ke pegawai pajaknya, mereka bilang pake web aja, jangan aplikasi Ya kali terus ngapain ada di playstore appnya",2,1.2.0,26,148,2023-03,False,Negatif,0,aplikasi tidak guna dibuka tidak pas tanya pegawai pajaknya bilang pakai web saja jangan aplikasi kali terus ngapain playstore appnya,"['aplikasi', 'tidak', 'guna', 'dibuka', 'tidak', 'pas', 'tanya', 'pegawai', 'pajaknya', 'bilang', 'pakai', 'web', 'saja', 'jangan', 'aplikasi', 'kali', 'terus', 'ngapain', 'playstore', 'appnya']"
Pengguna Google,3,2021-09-01 10:20:37,"Sudah mempunyai akun dan pengisiannya juga sama, akan tetapi masih salah terus. Mohon bantuannya",3,1.0,14,96,2021-09,False,Netral,1,mempunyai akun pengisiannya sama tetapi masih salah terus mohon bantuannya,"['mempunyai', 'akun', 'pengisiannya', 'sama', 'tetapi', 'masih', 'salah', 'terus', 'mohon', 'bantuannya']"
Pengguna Google,1,2025-03-04 05:08:59,"Udah verifikasi tpi ko efin nya belum dikirim kirim ya,gimna ini? Notif nya efin sudah dikirim lewat email tapi belum ada pdhal email nya benar",0,2.0.3,25,143,2025-03,False,Negatif,0,verifikasi tapi ko efin belum dikirim kirim gimna notif efin dikirim lewat email tapi belum pdhal email benar,"['verifikasi', 'tapi', 'ko', 'efin', 'belum', 'dikirim', 'kirim', 'gimna', 'notif', 'efin', 'dikirim', 'lewat', 'email', 'tapi', 'belum', 'pdhal', 'email', 'benar']"
tasya kumala,1,2025-01-13 13:10:21,"Gak bisa verifikasi detail kontak, kode otp ga di kirim kirim ke Email maupun nomer ponsel padahal udan minta di kirim ulang utk kode otp nya tapi zonk. Udah Dateng ke kantor pajak nya pun masih tetep, ga bisa di benerin. Minimal kalo mau ada update software di mantepin dlu lah, jangan memaksakan untuk pindah software dulu kalo Emg masih Beta version",1,2.0.2,62,352,2025-01,False,Negatif,0,tidak verifikasi detail kontak kode otp tidak kirim kirim email maupun nomer ponsel padahal udan minta kirim ulang kode otp tapi zonk dateng kantor pajak pun masih tetep tidak benerin minimal kalo mau update software mantepin dlu jangan memaksakan pindah software dulu kalo emg masih beta version,"['tidak', 'verifikasi', 'detail', 'kontak', 'kode', 'otp', 'tidak', 'kirim', 'kirim', 'email', 'maupun', 'nomer', 'ponsel', 'padahal', 'udan', 'minta', 'kirim', 'ulang', 'kode', 'otp', 'tapi', 'zonk', 'dateng', 'kantor', 'pajak', 'pun', 'masih', 'tetep', 'tidak', 'benerin', 'minimal', 'kalo', 'mau', 'update', 'software', 'mantepin', 'dlu', 'jangan', 'memaksakan', 'pindah', 'software', 'dulu', 'kalo', 'emg', 'masih', 'beta', 'version']"
Pengguna Google,3,2021-08-05 10:40:58,Semoga bisa mendaftar dan bisa mempelajarinya.,0,unknown,6,46,2021-08,False,Netral,1,semoga mendaftar mempelajarinya,"['semoga', 'mendaftar', 'mempelajarinya']"
Pengguna Google,1,2025-02-27 15:08:38,"Tinggal satu langkah verifikasi lagi, segala gak ada tombol OK nya.",0,2.0.3,11,67,2025-02,False,Negatif,0,tinggal satu langkah verifikasi lagi segala tidak tombol ok,"['tinggal', 'satu', 'langkah', 'verifikasi', 'lagi', 'segala', 'tidak', 'tombol', 'ok']"
Pengguna Google,5,2021-06-05 17:00:08,Semoga bermanfaat,1,1.0,2,17,2021-06,False,Positif,2,semoga bermanfaat,"['semoga', 'bermanfaat']"
Pengguna Google,5,2022-03-07 09:49:46,Ok banget,0,1.1.0,2,9,2022-03,True,Positif,2,ok sangat,"['ok', 'sangat']"
Pengguna Google,3,2023-03-12 22:12:28,dicoba dulu,0,1.1.0,2,11,2023-03,False,Netral,1,dicoba dulu,"['dicoba', 'dulu']"
Pengguna Google,3,2022-05-21 10:30:13,Bisa membantu apa ngga aplk,0,unknown,5,27,2022-05,False,Netral,1,membantu apa tidak aplk,"['membantu', 'apa', 'tidak', 'aplk']"
Pengguna Google,3,2023-03-03 18:28:45,Susah login sudah ubah password tetep ga bisa masuk tolong dibantu,0,1.1.0,11,66,2023-03,False,Netral,1,susah login ubah password tetep tidak masuk tolong dibantu,"['susah', 'login', 'ubah', 'password', 'tetep', 'tidak', 'masuk', 'tolong', 'dibantu']"
Pengguna Google,1,2023-01-21 17:08:33,Dari tahun kemarin kesel sama app ini. nyoba lagi masih bikin kesel. ga di perbaiki2. padahal di lempar ke web 🤭,0,1.1.0,21,112,2023-01,False,Negatif,0,tahun kemarin kesel sama aplikasi nyoba lagi masih bikin kesel tidak perbaiki padahal lempar web,"['tahun', 'kemarin', 'kesel', 'sama', 'aplikasi', 'nyoba', 'lagi', 'masih', 'bikin', 'kesel', 'tidak', 'perbaiki', 'padahal', 'lempar', 'web']"
Pengguna Google,3,2026-04-09 11:34:32,"muter² suweee, Jane ISO PO Ra gae aplikasi",0,unknown,8,42,2026-04,False,Netral,1,muter suweee jane iso po ra gae aplikasi,"['muter', 'suweee', 'jane', 'iso', 'po', 'ra', 'gae', 'aplikasi']"
Pengguna Google,1,2025-03-07 13:20:14,"Kok minta kode efin aja lama,sudah lama nunggu malah eror,,jadi ulangi lagi Hadehhhhhh",0,2.0.3,13,86,2025-03,False,Negatif,0,kok minta kode efin saja lama lama nunggu malah eror jadi ulangi lagi hadehhhhhh,"['kok', 'minta', 'kode', 'efin', 'saja', 'lama', 'lama', 'nunggu', 'malah', 'eror', 'jadi', 'ulangi', 'lagi', 'hadehhhhhh']"
Pengguna Google,3,2024-02-03 02:09:39,Aplikasi hanya bisa melihat saja tidak bisa mengisi laporan pajak,0,1.3.0,10,65,2024-02,False,Netral,1,aplikasi hanya melihat saja tidak mengisi laporan pajak,"['aplikasi', 'hanya', 'melihat', 'saja', 'tidak', 'mengisi', 'laporan', 'pajak']"
Pengguna Google,5,2025-09-15 01:29:23,bintang 5 buat korupsii,0,2.0.6,4,23,2025-09,False,Positif,2,bintang korupsii,"['bintang', 'korupsii']"
Pengguna Google,5,2025-03-11 21:28:28,"aku baru saja mengintal aplikasi ini m-pajak dan berjalan dengan sanggat lancar tanpa ada kendala apapun atau terjadi yg tidak diingin kan seperti halnya ngebug , macet , eror ,dan lain sebagainya khususnya di wilayah sampit, Kalimantan Tengah dan untuk survei kali ini aku sangat puas dengan hasilnya☺️ untuk teman2 pastikan hp teman2 dalam kondisi normal jika terdapat sampah atau file apk yg tidak berguna segera di hapus jika tidak ini akan menghambat kondisi hp dan jaringan yg tidak stabil.",75,2.0.3,80,496,2025-03,False,Positif,2,baru saja mengintal aplikasi pajak berjalan sanggat lancar tanpa kendala apapun terjadi tidak diingin kan seperti halnya ngebug macet eror lain sebagainya khususnya wilayah sampit kalimantan tengah survei kali sangat puas hasilnya teman pastikan handphone teman dalam kondisi normal jika terdapat sampah file aplikasi tidak berguna segera hapus jika tidak menghambat kondisi handphone jaringan tidak stabil,"['baru', 'saja', 'mengintal', 'aplikasi', 'pajak', 'berjalan', 'sanggat', 'lancar', 'tanpa', 'kendala', 'apapun', 'terjadi', 'tidak', 'diingin', 'kan', 'seperti', 'halnya', 'ngebug', 'macet', 'eror', 'lain', 'sebagainya', 'khususnya', 'wilayah', 'sampit', 'kalimantan', 'tengah', 'survei', 'kali', 'sangat', 'puas', 'hasilnya', 'teman', 'pastikan', 'handphone', 'teman', 'dalam', 'kondisi', 'normal', 'jika', 'terdapat', 'sampah', 'file', 'aplikasi', 'tidak', 'berguna', 'segera', 'hapus', 'jika', 'tidak', 'menghambat', 'kondisi', 'handphone', 'jaringan', 'tidak', 'stabil']"
Pengguna Google,5,2022-01-08 12:32:02,"Gimana nggak keren, urusan Perpajakan sekarang udah bisa Kita lakukan lewat M-Pajak. 😎✊",0,1.1.0,13,87,2022-01,False,Positif,2,bagaimana tidak keren urusan perpajakan sekarang lakukan lewat pajak,"['bagaimana', 'tidak', 'keren', 'urusan', 'perpajakan', 'sekarang', 'lakukan', 'lewat', 'pajak']"
Pengguna Google,1,2026-02-12 13:11:25,Aplikasi ini buat apa? Apa sudah dinonaktifkan?,0,3.0.6,7,47,2026-02,False,Negatif,0,aplikasi apa apa dinonaktifkan,"['aplikasi', 'apa', 'apa', 'dinonaktifkan']"
Pengguna Google,3,2025-01-24 12:50:19,Buat temen temen yang lupa efin mending langsung ke kantor pajaknya soalnya kalau lewat wa atau live cht lama dan susah malah kita di buat susah apa lagi nunggu kode ini itu,0,unknown,32,173,2025-01,False,Netral,1,temen temen lupa efin mending langsung kantor pajaknya soalnya lewat wa live cht lama susah malah susah apa lagi nunggu kode,"['temen', 'temen', 'lupa', 'efin', 'mending', 'langsung', 'kantor', 'pajaknya', 'soalnya', 'lewat', 'wa', 'live', 'cht', 'lama', 'susah', 'malah', 'susah', 'apa', 'lagi', 'nunggu', 'kode']"
Pengguna Google,5,2024-04-28 20:54:19,"Perpindahan antar menu saat di klik memerlukan setidaknya 2-3 detik untuk ditampilkan, harusnya aplikasi ini gk lolos ujicoba pas mau launching,melakukan pendaftaran / lainnya kenapa harus pindah ke via website? Terus fungsi aplikasi ini buat apaan? Buat di putar, di jilat, di bakar kantor pajaknya? Itu dana gede kemanain? Bukannya upgrade kualitas manusia, malah di pake beli Rubicon, nyewa LC, nikah lagi sama LC,elu nagih pajak puluhan tahun dan jutaan warga, masa bikin aplikasi model Majapahit",158,1.4.0,76,500,2024-04,False,Positif,2,perpindahan antar menu saat klik memerlukan setidaknya detik ditampilkan harusnya aplikasi tidak lolos ujicoba pas mau launching melakukan pendaftaran lainnya kenapa harus pindah via website terus fungsi aplikasi apaan putar jilat bakar kantor pajaknya dana gede kemanain bukannya upgrade kualitas manusia malah pakai beli rubicon nyewa lc nikah lagi sama lc elu nagih pajak puluhan tahun jutaan warga masa bikin aplikasi model majapahit,"['perpindahan', 'antar', 'menu', 'saat', 'klik', 'memerlukan', 'setidaknya', 'detik', 'ditampilkan', 'harusnya', 'aplikasi', 'tidak', 'lolos', 'ujicoba', 'pas', 'mau', 'launching', 'melakukan', 'pendaftaran', 'lainnya', 'kenapa', 'harus', 'pindah', 'via', 'website', 'terus', 'fungsi', 'aplikasi', 'apaan', 'putar', 'jilat', 'bakar', 'kantor', 'pajaknya', 'dana', 'gede', 'kemanain', 'bukannya', 'upgrade', 'kualitas', 'manusia', 'malah', 'pakai', 'beli', 'rubicon', 'nyewa', 'lc', 'nikah', 'lagi', 'sama', 'lc', 'elu', 'nagih', 'pajak', 'puluhan', 'tahun', 'jutaan', 'warga', 'masa', 'bikin', 'aplikasi', 'model', 'majapahit']"
Pengguna Google,5,2025-07-05 12:14:56,on-line,0,2.0.4,1,7,2025-07,False,Positif,2,on line,"['on', 'line']"
Pengguna Google,5,2022-06-09 03:10:09,Good Aplication,0,unknown,2,15,2022-06,False,Positif,2,good aplication,"['good', 'aplication']"
Pengguna Google,4,2025-02-15 18:06:33,Makasih Gak perlu lagi minta efin ke kantor pajak karena disinipun bisa dah saya buktikan mgkin yg gk bisa kurang literasi,0,unknown,21,122,2025-02,False,Positif,2,terima kasih tidak perlu lagi minta efin kantor pajak karena disinipun dah buktikan mgkin tidak kurang literasi,"['terima', 'kasih', 'tidak', 'perlu', 'lagi', 'minta', 'efin', 'kantor', 'pajak', 'karena', 'disinipun', 'dah', 'buktikan', 'mgkin', 'tidak', 'kurang', 'literasi']"
Pengguna Google,5,2024-03-11 22:29:17,Sippp,0,unknown,1,5,2024-03,True,Positif,2,sippp,['sippp']
Cahyo Triwibowo (Cahyopierro),3,2026-02-21 11:20:51,HP dak support... 😬,0,2.0.6,4,19,2026-02,False,Netral,1,handphone dak support,"['handphone', 'dak', 'support']"
MUHAMMAD UBAIDILAH,1,2026-01-16 06:03:25,"Tidak bisa login, ribet",0,2.0.6,4,23,2026-01,False,Negatif,0,tidak login ribet,"['tidak', 'login', 'ribet']"
Heri Suwito,1,2023-12-08 16:54:33,"Jumlah field character di kolom NIK/NPWP tidak sesuai, jika masuk menggunakan NIK kurang 1 character",0,1.2.4,15,100,2023-12,False,Negatif,0,jumlah field character kolom nik npwp tidak sesuai jika masuk menggunakan nik kurang character,"['jumlah', 'field', 'character', 'kolom', 'nik', 'npwp', 'tidak', 'sesuai', 'jika', 'masuk', 'menggunakan', 'nik', 'kurang', 'character']"
Pengguna Google,3,2024-11-29 13:08:11,"Hati hati dgn aplikasi atas mana pajak, takutnya penipuan",0,unknown,9,57,2024-11,False,Netral,1,hati hati aplikasi atas mana pajak takutnya penipuan,"['hati', 'hati', 'aplikasi', 'atas', 'mana', 'pajak', 'takutnya', 'penipuan']"
Pengguna Google,5,2026-03-11 08:37:44,selalu mudah dalam proses,0,unknown,4,25,2026-03,False,Positif,2,selalu mudah dalam proses,"['selalu', 'mudah', 'dalam', 'proses']"
indra firmansyah,3,2021-07-07 11:06:08,"Tampilan cukup mengesankan, hanya saja di petunjuk rincian e-billing bisa diunduh, tapi setelah saya buat e-billing gak ada tombol untuk memgunduh",2,1.0,21,146,2021-07,False,Netral,1,tampilan cukup mengesankan hanya saja petunjuk rincian billing diunduh tapi setelah billing tidak tombol memgunduh,"['tampilan', 'cukup', 'mengesankan', 'hanya', 'saja', 'petunjuk', 'rincian', 'billing', 'diunduh', 'tapi', 'setelah', 'billing', 'tidak', 'tombol', 'memgunduh']"
Pengguna Google,1,2024-01-02 20:15:12,"Apaan si, nunggu verifikasi SMS seharian juga gada kode masuk, aneh.",2,1.2.4,11,68,2024-01,False,Negatif,0,apaan si nunggu verifikasi sms seharian gada kode masuk aneh,"['apaan', 'si', 'nunggu', 'verifikasi', 'sms', 'seharian', 'gada', 'kode', 'masuk', 'aneh']"
Pengguna Google,1,2025-01-07 19:45:15,Bintang aja yg nilai,0,2.0.2,4,20,2025-01,False,Negatif,0,bintang saja nilai,"['bintang', 'saja', 'nilai']"
Pengguna Google,1,2025-03-09 10:01:39,Kenapa nggak bisa ngisi nomor NPWP secara lengkap jadinya susah masuk mau nyari effin,0,2.0.3,14,85,2025-03,False,Negatif,0,kenapa tidak ngisi nomor npwp secara lengkap jadinya susah masuk mau nyari effin,"['kenapa', 'tidak', 'ngisi', 'nomor', 'npwp', 'secara', 'lengkap', 'jadinya', 'susah', 'masuk', 'mau', 'nyari', 'effin']"
Maria Christina Stevanni,1,2024-06-17 20:28:38,"Selalu gagal login padahal captcha & password sudah sesuai. Saya sampai reset password sampai 5x karena muncul tulisan ""e-mail dan password tidak sesuai"", ""akun tidak terdaftar"". MAU PADANKAN E-KTP DENGAN NPWP SESULIT INI YA TERNYATA 😏",0,unknown,36,235,2024-06,False,Negatif,0,selalu gagal login padahal captcha password sesuai sampai reset password sampai karena muncul tulisan mail password tidak sesuai akun tidak terdaftar mau padankan ktp npwp sesulit ternyata,"['selalu', 'gagal', 'login', 'padahal', 'captcha', 'password', 'sesuai', 'sampai', 'reset', 'password', 'sampai', 'karena', 'muncul', 'tulisan', 'mail', 'password', 'tidak', 'sesuai', 'akun', 'tidak', 'terdaftar', 'mau', 'padankan', 'ktp', 'npwp', 'sesulit', 'ternyata']"
Pengguna Google,1,2024-08-11 12:41:43,"Aplikasi ga jelas, lebih banyak error daripada benernya",0,1.4.0,8,55,2024-08,False,Negatif,0,aplikasi tidak jelas banyak error daripada benernya,"['aplikasi', 'tidak', 'jelas', 'banyak', 'error', 'daripada', 'benernya']"
Pengguna Google,3,2022-02-10 18:19:27,"saya gak bisa login d app,padahal no+pw sudah benar,d buka d web juga bisa ... masalah nya d mana, mohon tanggapannya....",2,1.1.0,21,121,2022-02,False,Netral,1,tidak login aplikasi padahal nomor pw benar buka web masalah mana mohon tanggapannya,"['tidak', 'login', 'aplikasi', 'padahal', 'nomor', 'pw', 'benar', 'buka', 'web', 'masalah', 'mana', 'mohon', 'tanggapannya']"
Pengguna Google,5,2024-02-24 05:50:49,Sangat bermampaat,0,unknown,2,17,2024-02,False,Positif,2,sangat bermampaat,"['sangat', 'bermampaat']"
Pengguna Google,1,2023-11-30 16:57:17,Aplikasi goblokkkkkk,0,1.2.4,2,20,2023-11,False,Negatif,0,aplikasi goblokkkkkk,"['aplikasi', 'goblokkkkkk']"
Pengguna Google,4,2021-07-29 16:10:35,Baik,0,1.0,1,4,2021-07,True,Positif,2,baik,['baik']
budiwilaksono o,4,2023-04-02 11:11:05,Good,0,unknown,1,4,2023-04,True,Positif,2,good,['good']
Hugo Lawrens,3,2023-12-12 21:33:35,"suruh validasi doang tapi login belum bisa pake nik, maksimal huruf nya kurang 1",0,1.2.4,14,80,2023-12,False,Netral,1,suruh validasi saja tapi login belum pakai nik maksimal huruf kurang,"['suruh', 'validasi', 'saja', 'tapi', 'login', 'belum', 'pakai', 'nik', 'maksimal', 'huruf', 'kurang']"
Pengguna Google,3,2025-01-20 18:38:09,"Mau pasang listrik di Indonesia harus ada nidi , slo, siup dan nib, buat siup dan nib harus ada no npwp, giliran buat no npwp registrasi situs tidak ditemuakn, coretax. susah kalau urusan sama pemerintah, buat aturan tapi dipersulit sendiri. Kocakkk",0,unknown,41,249,2025-01,False,Netral,1,mau pasang listrik indonesia harus nidi slo siup nib siup nib harus nomor npwp giliran nomor npwp registrasi situs tidak ditemuakn coretax susah urusan sama pemerintah aturan tapi dipersulit sendiri kocakkk,"['mau', 'pasang', 'listrik', 'indonesia', 'harus', 'nidi', 'slo', 'siup', 'nib', 'siup', 'nib', 'harus', 'nomor', 'npwp', 'giliran', 'nomor', 'npwp', 'registrasi', 'situs', 'tidak', 'ditemuakn', 'coretax', 'susah', 'urusan', 'sama', 'pemerintah', 'aturan', 'tapi', 'dipersulit', 'sendiri', 'kocakkk']"
Pengguna Google,1,2024-03-28 09:36:16,Aplikasi gakbisa dibuka,0,1.4.0,3,23,2024-03,False,Negatif,0,aplikasi gakbisa dibuka,"['aplikasi', 'gakbisa', 'dibuka']"
Pengguna Google,4,2024-07-21 22:47:18,"Aduh saya bingung , saya datang kekantor pajak , malah disuruh aktivasi aja lewat apk , giliran aktivasi Effien , kode aktivasi nya gakeluar melalui email.",0,1.4.0,26,155,2024-07,False,Positif,2,aduh bingung datang kekantor pajak malah disuruh aktivasi saja lewat aplikasi giliran aktivasi effien kode aktivasi gakeluar melalui email,"['aduh', 'bingung', 'datang', 'kekantor', 'pajak', 'malah', 'disuruh', 'aktivasi', 'saja', 'lewat', 'aplikasi', 'giliran', 'aktivasi', 'effien', 'kode', 'aktivasi', 'gakeluar', 'melalui', 'email']"
Pengguna Google,3,2021-06-15 19:58:20,Mau login kok pasword salah terusya Padahal udah sesuai,1,1.0,9,55,2021-06,False,Netral,1,mau login kok pasword salah terusya padahal sesuai,"['mau', 'login', 'kok', 'pasword', 'salah', 'terusya', 'padahal', 'sesuai']"
Pengguna Google,5,2021-12-19 06:51:43,Ok..,0,1.0,1,4,2021-12,False,Positif,2,ok,['ok']
Pengguna Google,1,2025-03-10 12:26:07,Tidak bisa mengakses kalo lupa passwordnya,0,unknown,6,42,2025-03,False,Negatif,0,tidak mengakses kalo lupa passwordnya,"['tidak', 'mengakses', 'kalo', 'lupa', 'passwordnya']"
Pengguna Google,1,2025-05-19 16:59:42,cuma mau ngasih tau ini aplikasi nya bukan aplikasi resmi hati-hati karna bisa retas hp kalian,0,unknown,16,94,2025-05,False,Negatif,0,cuma mau ngasih tahu aplikasi bukan aplikasi resmi hati hati karena retas handphone kalian,"['cuma', 'mau', 'ngasih', 'tahu', 'aplikasi', 'bukan', 'aplikasi', 'resmi', 'hati', 'hati', 'karena', 'retas', 'handphone', 'kalian']"
Pengguna Google,4,2025-03-08 19:28:03,Okrh,0,1.4.0,1,4,2025-03,False,Positif,2,okrh,['okrh']
Pengguna Google,5,2026-04-07 05:17:25,bagus,0,3.0.6,1,5,2026-04,True,Positif,2,bagus,['bagus']
Pengguna Google,5,2024-02-22 23:27:04,Bagus,0,1.3.0,1,5,2024-02,True,Positif,2,bagus,['bagus']
Pengguna Google,1,2026-04-12 19:09:23,MAU LAPOR PAJAK AJA SUSAH BENER JELEK PELAYANAN NYA,0,3.0.9,9,51,2026-04,False,Negatif,0,mau lapor pajak saja susah bener jelek pelayanan,"['mau', 'lapor', 'pajak', 'saja', 'susah', 'bener', 'jelek', 'pelayanan']"
Pengguna Google,1,2026-04-29 22:10:03,"ga jelas memang aplikasi buatan pemerintah ni, aplikasi kek zaman bahela gada maju2nya, banyak bugnya. giliran pajak ajak dicomot sana-sini. buat aplikasi bagus aja pelit bnget. 👎",0,3.0.9,27,179,2026-04,False,Negatif,0,tidak jelas memang aplikasi buatan pemerintah ni aplikasi kek zaman bahela gada majunya banyak bugnya giliran pajak ajak dicomot sana sini aplikasi bagus saja pelit bnget,"['tidak', 'jelas', 'memang', 'aplikasi', 'buatan', 'pemerintah', 'ni', 'aplikasi', 'kek', 'zaman', 'bahela', 'gada', 'majunya', 'banyak', 'bugnya', 'giliran', 'pajak', 'ajak', 'dicomot', 'sana', 'sini', 'aplikasi', 'bagus', 'saja', 'pelit', 'bnget']"
Pengguna Google,3,2023-03-23 11:35:40,Kasian semoga amanah lagi,0,unknown,4,25,2023-03,False,Netral,1,kasian semoga amanah lagi,"['kasian', 'semoga', 'amanah', 'lagi']"
Pengguna Google,5,2025-01-22 08:42:31,Bagus' 👍,0,2.0.3,2,8,2025-01,False,Positif,2,bagus,['bagus']
Pengguna Google,5,2026-02-11 07:19:29,aplikasi yang bagus mudah diakses,2,3.0.4,5,33,2026-02,False,Positif,2,aplikasi bagus mudah diakses,"['aplikasi', 'bagus', 'mudah', 'diakses']"
Pengguna Google,1,2024-08-03 13:50:36,Belajar menghargai orang pak/ bu rakyat di suruh bikin NPWP pas daftar di aplikasi banyak masalah,0,1.4.0,16,97,2024-08,False,Negatif,0,belajar menghargai orang pak bu rakyat suruh bikin npwp pas daftar aplikasi banyak masalah,"['belajar', 'menghargai', 'orang', 'pak', 'bu', 'rakyat', 'suruh', 'bikin', 'npwp', 'pas', 'daftar', 'aplikasi', 'banyak', 'masalah']"
Pengguna Google,1,2026-02-21 13:36:43,mau daftar aja susah gimana oranf mau bayar pajak,0,2.0.6,9,49,2026-02,False,Negatif,0,mau daftar saja susah bagaimana oranf mau bayar pajak,"['mau', 'daftar', 'saja', 'susah', 'bagaimana', 'oranf', 'mau', 'bayar', 'pajak']"
deden mardiansyah,3,2024-02-01 13:00:54,"lupa efin ga bisa"" . eror mulu gagal kirim data katanya",0,1.2.5,11,55,2024-02,False,Netral,1,lupa efin tidak eror mulu gagal kirim data katanya,"['lupa', 'efin', 'tidak', 'eror', 'mulu', 'gagal', 'kirim', 'data', 'katanya']"
Pengguna Google,3,2025-01-04 14:02:11,Maaf tolong direspon kak untuk aduan saya,0,2.0.1,7,41,2025-01,False,Netral,1,maaf tolong direspon kak aduan,"['maaf', 'tolong', 'direspon', 'kak', 'aduan']"
Fathoni Ridlo,1,2024-05-01 11:16:58,"Intinya jelek, wkwkwk",0,1.4.0,3,21,2024-05,False,Negatif,0,intinya jelek wkwkwk,"['intinya', 'jelek', 'wkwkwk']"
Pengguna Google,5,2023-02-14 15:19:36,good,0,unknown,1,4,2023-02,True,Positif,2,good,['good']
Pengguna Google,3,2024-05-16 10:03:19,versi terbaru mempersulit pengguna untuk lapor perpajakan tlg di kembalikan saja ke versi lama itu lebih mudah karna menu yg di perlukan muncul semua,12,1.4.0,24,149,2024-05,False,Netral,1,versi terbaru mempersulit pengguna lapor perpajakan tolong kembalikan saja versi lama mudah karena menu perlukan muncul semua,"['versi', 'terbaru', 'mempersulit', 'pengguna', 'lapor', 'perpajakan', 'tolong', 'kembalikan', 'saja', 'versi', 'lama', 'mudah', 'karena', 'menu', 'perlukan', 'muncul', 'semua']"
Pengguna Google,5,2024-07-10 09:23:08,Bagus,0,1.4.0,1,5,2024-07,True,Positif,2,bagus,['bagus']
Pengguna Google,3,2024-01-09 07:27:39,Itu login nya di perbaiki.. Ya tidak bisa masuk wong mau kasih masuk nomer NIK hilang satu angkanya. Mau diketik tambahin angka tidak bisa,63,1.2.5,24,138,2024-01,False,Netral,1,login perbaiki tidak masuk wong mau kasih masuk nomer nik hilang satu angkanya mau diketik tambahin angka tidak,"['login', 'perbaiki', 'tidak', 'masuk', 'wong', 'mau', 'kasih', 'masuk', 'nomer', 'nik', 'hilang', 'satu', 'angkanya', 'mau', 'diketik', 'tambahin', 'angka', 'tidak']"
Pengguna Google,3,2025-01-21 17:08:23,selalu kesulitan utk melakukan pembayaran pajak bulanan.,0,unknown,7,56,2025-01,False,Netral,1,selalu kesulitan melakukan pembayaran pajak bulanan,"['selalu', 'kesulitan', 'melakukan', 'pembayaran', 'pajak', 'bulanan']"
Pengguna Google,5,2022-03-02 13:35:36,Goood,0,1.1.0,1,5,2022-03,True,Positif,2,goood,['goood']
Pengguna Google,1,2025-12-26 23:18:40,Aplikasi sampah. untuk kalian gausah install ini aplikasi. cukup buka aja lewat google crhome coretaxdjp.pajak.go.id,0,2.0.6,15,116,2025-12,False,Negatif,0,aplikasi sampah kalian gausah install aplikasi cukup buka saja lewat google crhome coretaxdjp pajak go id,"['aplikasi', 'sampah', 'kalian', 'gausah', 'install', 'aplikasi', 'cukup', 'buka', 'saja', 'lewat', 'google', 'crhome', 'coretaxdjp', 'pajak', 'go', 'id']"
Pengguna Google,3,2021-12-17 12:30:44,Pengembang aplikasi ini gimana ya mau login email verifikasinya kok ngga terkirim terus ya tolong di respon,1,1.0,17,107,2021-12,False,Netral,1,pengembang aplikasi bagaimana mau login email verifikasinya kok tidak terkirim terus tolong respon,"['pengembang', 'aplikasi', 'bagaimana', 'mau', 'login', 'email', 'verifikasinya', 'kok', 'tidak', 'terkirim', 'terus', 'tolong', 'respon']"
Pengguna Google,5,2024-06-19 18:48:18,"Dengan membayar pajak kita menjadi warga yang baik dan mudah digunakan meski lewat online, urusan menjadi lebih mudah",0,unknown,18,117,2024-06,False,Positif,2,membayar pajak menjadi warga baik mudah digunakan meski lewat online urusan menjadi mudah,"['membayar', 'pajak', 'menjadi', 'warga', 'baik', 'mudah', 'digunakan', 'meski', 'lewat', 'online', 'urusan', 'menjadi', 'mudah']"
Pengguna Google,1,2024-10-18 00:06:51,"Loading buat masuk lamah bener kesel nunggu nya gk bisa""",0,1.4.0,10,56,2024-10,False,Negatif,0,loading masuk lamah bener kesel nunggu tidak,"['loading', 'masuk', 'lamah', 'bener', 'kesel', 'nunggu', 'tidak']"
Pengguna Google,5,2021-09-26 05:16:12,Baik,0,unknown,1,4,2021-09,True,Positif,2,baik,['baik']
Pengguna Google,1,2024-08-06 08:52:13,"Hancur Tidak bisa login password bener di bilang salah Ganti password jaringan bermasalah, padahal jaringan bagus",2,1.4.0,16,113,2024-08,False,Negatif,0,hancur tidak login password bener bilang salah ganti password jaringan bermasalah padahal jaringan bagus,"['hancur', 'tidak', 'login', 'password', 'bener', 'bilang', 'salah', 'ganti', 'password', 'jaringan', 'bermasalah', 'padahal', 'jaringan', 'bagus']"
Pengguna Google,1,2025-12-16 18:48:13,terlalu rakus kirim sms aja diambil biaya terlalu mahal,0,2.0.6,9,55,2025-12,False,Negatif,0,terlalu rakus kirim sms saja diambil biaya terlalu mahal,"['terlalu', 'rakus', 'kirim', 'sms', 'saja', 'diambil', 'biaya', 'terlalu', 'mahal']"
Pengguna Google,5,2021-11-19 15:32:58,Bayar pajak gampang gasssss,0,1.0,4,27,2021-11,False,Positif,2,bayar pajak gampang gasssss,"['bayar', 'pajak', 'gampang', 'gasssss']"
Pengguna Google,3,2022-03-28 11:57:11,Validasi lama setengah hr gk ada kemajuan. Udh di update juga gak bisa. Datang kekantor cmn di ksh brosur trus sruh pulang. Gak di terangin cara2nya,1,1.1.0,26,148,2022-03,False,Netral,1,validasi lama setengah hr tidak kemajuan update tidak datang kekantor cmn kasih brosur terus sruh pulang tidak terangin caranya,"['validasi', 'lama', 'setengah', 'hr', 'tidak', 'kemajuan', 'update', 'tidak', 'datang', 'kekantor', 'cmn', 'kasih', 'brosur', 'terus', 'sruh', 'pulang', 'tidak', 'terangin', 'caranya']"
Pengguna Google,1,2025-08-13 16:04:47,"aplikasi apa ini login slalu gagal , pasword selalu salah , minta no kk minta no npwp slalu gagal , udah jelas jelas no npwp nya sama nik nya sama tapi tetep aja kendala user name salah aneh ya , coba coment yang sama bantu like biar di liat nih sama yang bikin aplikasi",0,unknown,54,270,2025-08,False,Negatif,0,aplikasi apa login selalu gagal pasword selalu salah minta nomor kk minta nomor npwp selalu gagal jelas jelas nomor npwp sama nik sama tapi tetep saja kendala user name salah aneh coba coment sama bantu like biar liat sama bikin aplikasi,"['aplikasi', 'apa', 'login', 'selalu', 'gagal', 'pasword', 'selalu', 'salah', 'minta', 'nomor', 'kk', 'minta', 'nomor', 'npwp', 'selalu', 'gagal', 'jelas', 'jelas', 'nomor', 'npwp', 'sama', 'nik', 'sama', 'tapi', 'tetep', 'saja', 'kendala', 'user', 'name', 'salah', 'aneh', 'coba', 'coment', 'sama', 'bantu', 'like', 'biar', 'liat', 'sama', 'bikin', 'aplikasi']"
Pengguna Google,3,2024-03-02 23:02:20,Kaga bisa lapor SPT padahal kalo bisa lapor SPT mah lumayan bagus nih app,0,1.3.0,14,73,2024-03,False,Netral,1,tidak lapor spt padahal kalo lapor spt mah lumayan bagus aplikasi,"['tidak', 'lapor', 'spt', 'padahal', 'kalo', 'lapor', 'spt', 'mah', 'lumayan', 'bagus', 'aplikasi']"
Pengguna Google,5,2026-03-09 09:15:04,good,0,3.0.6,1,4,2026-03,True,Positif,2,good,['good']
Pengguna Google,1,2025-05-18 16:11:10,bgst lama amat loading nya 🤣🤣🤣,0,2.0.4,6,30,2025-05,False,Negatif,0,bgst lama amat loading,"['bgst', 'lama', 'amat', 'loading']"
Pengguna Google,3,2026-03-14 11:37:55,"lapor aja makin ribet caranya, ga kaya yang e-Filling dulu, berbelit2",0,unknown,11,69,2026-03,False,Netral,1,lapor saja makin ribet caranya tidak kaya filling dulu berbelit,"['lapor', 'saja', 'makin', 'ribet', 'caranya', 'tidak', 'kaya', 'filling', 'dulu', 'berbelit']"
Pengguna Google,3,2023-11-21 11:08:56,Masuknya aja ribet gmn mau bayar pajak,0,1.2.4,7,38,2023-11,False,Netral,1,masuknya saja ribet bagaimana mau bayar pajak,"['masuknya', 'saja', 'ribet', 'bagaimana', 'mau', 'bayar', 'pajak']"
Pengguna Google,3,2022-04-02 19:30:50,"Susah banget ,masuk nya...",0,1.1.0,4,26,2022-04,False,Netral,1,susah sangat masuk,"['susah', 'sangat', 'masuk']"
Pengguna Google,3,2021-08-09 08:02:37,Maaf min kenapa opsi jenis pajak tidak bisa dipilih? Apakah karena eror sistem,0,1.0,13,78,2021-08,False,Netral,1,maaf min kenapa opsi jenis pajak tidak dipilih apakah karena eror sistem,"['maaf', 'min', 'kenapa', 'opsi', 'jenis', 'pajak', 'tidak', 'dipilih', 'apakah', 'karena', 'eror', 'sistem']"
Pengguna Google,1,2023-07-19 01:00:30,Aplikasi ndak ada gunanya,0,unknown,4,25,2023-07,False,Negatif,0,aplikasi ndak gunanya,"['aplikasi', 'ndak', 'gunanya']"
Pengguna Google,4,2021-12-24 08:31:47,"Bingung😔, kenapa aplikasinya sulit di download yaa",0,unknown,7,50,2021-12,False,Positif,2,bingung kenapa aplikasinya sulit download,"['bingung', 'kenapa', 'aplikasinya', 'sulit', 'download']"
Pengguna Google,1,2026-03-17 19:46:20,kagak jelas email sama no bener tapi email failed terus kagak jelas,0,3.0.6,12,67,2026-03,False,Negatif,0,tidak jelas email sama nomor bener tapi email failed terus tidak jelas,"['tidak', 'jelas', 'email', 'sama', 'nomor', 'bener', 'tapi', 'email', 'failed', 'terus', 'tidak', 'jelas']"
Pengguna Google,5,2021-11-24 19:04:38,Sangat mudah untuk mndapat kn ebiling,0,1.0,6,37,2021-11,False,Positif,2,sangat mudah mndapat kn ebiling,"['sangat', 'mudah', 'mndapat', 'kn', 'ebiling']"
Mohammad Ichsanudin Malik,1,2025-03-22 15:11:52,sampah,0,2.0.3,1,6,2025-03,True,Negatif,0,sampah,['sampah']
Pengguna Google,5,2024-05-21 21:44:14,Semoga selalu membantu kami,0,1.4.0,4,27,2024-05,False,Positif,2,semoga selalu membantu,"['semoga', 'selalu', 'membantu']"
Pengguna Google,1,2025-03-04 07:32:44,Buang2 anggaran bikin aplikasi gak guna.,0,2.0.3,6,40,2025-03,False,Negatif,0,buang anggaran bikin aplikasi tidak guna,"['buang', 'anggaran', 'bikin', 'aplikasi', 'tidak', 'guna']"
densy mira,1,2025-12-27 06:58:45,pak bu tolong lah. aplikasi nutup sendiri gimana cara aksesnya ini. minta kode verifikasi malah nutup sendiri,0,2.0.6,17,109,2025-12,False,Negatif,0,pak bu tolong aplikasi nutup sendiri bagaimana cara aksesnya minta kode verifikasi malah nutup sendiri,"['pak', 'bu', 'tolong', 'aplikasi', 'nutup', 'sendiri', 'bagaimana', 'cara', 'aksesnya', 'minta', 'kode', 'verifikasi', 'malah', 'nutup', 'sendiri']"
Pengguna Google,5,2025-03-27 12:32:30,ok,0,2.0.3,1,2,2025-03,True,Positif,2,ok,['ok']
Pengguna Google,5,2023-03-09 16:47:20,Sangat baik dan diperlukan,0,1.1.0,4,26,2023-03,False,Positif,2,sangat baik diperlukan,"['sangat', 'baik', 'diperlukan']"
Pengguna Google,3,2025-03-17 20:49:16,"servenya terus bermasalah, tolong di perbaiki.",0,2.0.3,6,46,2025-03,False,Netral,1,servenya terus bermasalah tolong perbaiki,"['servenya', 'terus', 'bermasalah', 'tolong', 'perbaiki']"
Pengguna Google,4,2025-09-24 12:23:09,sangat memuaskan aplikasinya,0,2.0.6,3,28,2025-09,False,Positif,2,sangat memuaskan aplikasinya,"['sangat', 'memuaskan', 'aplikasinya']"
Pengguna Google,1,2026-04-30 14:34:12,"padahal aplikasi ini sangat diperlukan di dunia kerja, eh malah pembuat aplikasi kek lontong",0,3.0.9,14,92,2026-04,False,Negatif,0,padahal aplikasi sangat diperlukan dunia kerja eh malah pembuat aplikasi kek lontong,"['padahal', 'aplikasi', 'sangat', 'diperlukan', 'dunia', 'kerja', 'eh', 'malah', 'pembuat', 'aplikasi', 'kek', 'lontong']"
Pengguna Google,5,2024-05-15 11:16:19,Ini apakah bisa diakomodir jika lupa efin?,0,unknown,7,42,2024-05,False,Positif,2,apakah diakomodir jika lupa efin,"['apakah', 'diakomodir', 'jika', 'lupa', 'efin']"
Pengguna Google,2,2024-06-22 22:04:46,Baru pertama kali nemu apk yang daftarnya harus datang ke kantornya 🤣🤣🤣🤣,0,1.4.0,12,72,2024-06,False,Negatif,0,baru pertama kali nemu aplikasi daftarnya harus datang kantornya,"['baru', 'pertama', 'kali', 'nemu', 'aplikasi', 'daftarnya', 'harus', 'datang', 'kantornya']"
Pengguna Google,3,2025-09-06 23:06:16,"ngak ada menu daftarnya, masak harus daftar lewat web lagi. Aplikasinya asal jadi uang proyek cair ujung2 dikorupsi.",21,2.0.5,18,116,2025-09,False,Netral,1,ngak menu daftarnya masak harus daftar lewat web lagi aplikasinya asal jadi uang proyek cair ujung dikorupsi,"['ngak', 'menu', 'daftarnya', 'masak', 'harus', 'daftar', 'lewat', 'web', 'lagi', 'aplikasinya', 'asal', 'jadi', 'uang', 'proyek', 'cair', 'ujung', 'dikorupsi']"
Pengguna Google,3,2025-03-05 15:12:59,"Kalo bisa di menu awal beranda setelah log in ,langsung terlihat total penerimaan pajak seluruh rakyat .dan itu selalu update secara sistem otomatis tiap ada pembayaran pajak masuk dr rakyat . Biar transparan !rakyat tau brapa sihh penerimaan pajak negara ini.",8,2.0.3,41,260,2025-03,False,Netral,1,kalo menu awal beranda setelah log in langsung terlihat total penerimaan pajak seluruh rakyat selalu update secara sistem otomatis tiap pembayaran pajak masuk rakyat biar transparan rakyat tahu brapa sihh penerimaan pajak negara,"['kalo', 'menu', 'awal', 'beranda', 'setelah', 'log', 'in', 'langsung', 'terlihat', 'total', 'penerimaan', 'pajak', 'seluruh', 'rakyat', 'selalu', 'update', 'secara', 'sistem', 'otomatis', 'tiap', 'pembayaran', 'pajak', 'masuk', 'rakyat', 'biar', 'transparan', 'rakyat', 'tahu', 'brapa', 'sihh', 'penerimaan', 'pajak', 'negara']"
Pengguna Google,1,2022-01-25 19:37:17,"Ngga bisa login lewat apk padahal bisa login lewat web, harusnya apk kan mempermudah",1,1.1.0,14,84,2022-01,False,Negatif,0,tidak login lewat aplikasi padahal login lewat web harusnya aplikasi kan mempermudah,"['tidak', 'login', 'lewat', 'aplikasi', 'padahal', 'login', 'lewat', 'web', 'harusnya', 'aplikasi', 'kan', 'mempermudah']"
Pengguna Google,5,2022-01-20 15:41:36,Semoga membantu WP,2,1.1.0,3,18,2022-01,False,Positif,2,semoga membantu wp,"['semoga', 'membantu', 'wp']"
Pengguna Google,3,2023-12-09 10:41:28,bolak balik mengisi data lupa kata sandi katanya suruh cek email tapi ttp tidak bisa masuk.. aplikasi parah banget tidak bisa membantu memperlancar.. membingungkan.,6,1.2.4,24,164,2023-12,False,Netral,1,bolak balik mengisi data lupa kata sandi katanya suruh cek email tapi ttp tidak masuk aplikasi parah sangat tidak membantu memperlancar membingungkan,"['bolak', 'balik', 'mengisi', 'data', 'lupa', 'kata', 'sandi', 'katanya', 'suruh', 'cek', 'email', 'tapi', 'ttp', 'tidak', 'masuk', 'aplikasi', 'parah', 'sangat', 'tidak', 'membantu', 'memperlancar', 'membingungkan']"
Pengguna Google,3,2023-08-17 20:21:02,"Sangat membantu,cukup dari rumah sudah selesai. Cuma saat registrasi tetep harus dipandu google",0,1.2.3,13,95,2023-08,False,Netral,1,sangat membantu cukup rumah selesai cuma saat registrasi tetep harus dipandu google,"['sangat', 'membantu', 'cukup', 'rumah', 'selesai', 'cuma', 'saat', 'registrasi', 'tetep', 'harus', 'dipandu', 'google']"
Pengguna Google,5,2023-01-30 19:40:48,Ok,0,unknown,1,2,2023-01,True,Positif,2,ok,['ok']
Pengguna Google,3,2022-11-20 05:34:04,"Di Gambar NPWP,nama saya tertutup barcod,kenapa bisa begitu ya......",0,unknown,9,68,2022-11,False,Netral,1,gambar npwp nama tertutup barcod kenapa begitu,"['gambar', 'npwp', 'nama', 'tertutup', 'barcod', 'kenapa', 'begitu']"
Pengguna Google,3,2024-04-15 22:55:56,"Aplikasi selalu force close saat ingin mengetahui EFIN, pada saat swa foto. Tolong diperbaiki",2,1.4.0,14,93,2024-04,False,Netral,1,aplikasi selalu force close saat ingin mengetahui efin saat swa foto tolong diperbaiki,"['aplikasi', 'selalu', 'force', 'close', 'saat', 'ingin', 'mengetahui', 'efin', 'saat', 'swa', 'foto', 'tolong', 'diperbaiki']"
Pengguna Google,4,2024-10-18 16:44:57,kita coba dulu,0,1.4.0,3,14,2024-10,False,Positif,2,coba dulu,"['coba', 'dulu']"
Pengguna Google,3,2022-09-01 09:34:51,Keren,0,unknown,1,5,2022-09,True,Netral,1,keren,['keren']
Pengguna Google,1,2025-03-24 11:25:36,"LAMBAT KALI PROSESNYA, RIBET",0,2.0.3,4,28,2025-03,False,Negatif,0,lambat kali prosesnya ribet,"['lambat', 'kali', 'prosesnya', 'ribet']"
Frandi Tohar (FranDelicious),5,2021-06-07 13:46:10,Sangat membantu buat ebilling,1,1.0,4,29,2021-06,False,Positif,2,sangat membantu ebilling,"['sangat', 'membantu', 'ebilling']"
Pengguna Google,1,2025-03-04 13:20:34,Untuk kode perivikasinya lama banget... 2 jam kadang 6 jam... Yg lebih parah nya hampir 24 jam... Jadi otomatis kan kalo lama suka keluar sendiri dari aplikasinya.. Tolong lah. Di benerin lagi.,8,2.0.3,32,193,2025-03,False,Negatif,0,kode perivikasinya lama sangat jam kadang jam parah hampir jam jadi otomatis kan kalo lama suka keluar sendiri aplikasinya tolong benerin lagi,"['kode', 'perivikasinya', 'lama', 'sangat', 'jam', 'kadang', 'jam', 'parah', 'hampir', 'jam', 'jadi', 'otomatis', 'kan', 'kalo', 'lama', 'suka', 'keluar', 'sendiri', 'aplikasinya', 'tolong', 'benerin', 'lagi']"
Pengguna Google,1,2025-03-30 04:19:22,"Pengajuan EFIN cuma bisa masukin 15 digit NPWP, sedangkan saat ini NPWP sudah 16 digit. Mohon diperbaiki laa ya, sekelas aplikasi milik pemerintah masa gini amat",2,2.0.4,26,161,2025-03,False,Negatif,0,pengajuan efin cuma masukin digit npwp sedangkan saat npwp digit mohon diperbaiki laa sekelas aplikasi milik pemerintah masa begini amat,"['pengajuan', 'efin', 'cuma', 'masukin', 'digit', 'npwp', 'sedangkan', 'saat', 'npwp', 'digit', 'mohon', 'diperbaiki', 'laa', 'sekelas', 'aplikasi', 'milik', 'pemerintah', 'masa', 'begini', 'amat']"
Pengguna Google,5,2025-02-06 15:42:35,sulit login,0,2.0.3,2,11,2025-02,False,Positif,2,sulit login,"['sulit', 'login']"
Pengguna Google,5,2026-02-06 10:47:49,sangat membantu,0,3.0.1,2,15,2026-02,True,Positif,2,sangat membantu,"['sangat', 'membantu']"
Pengguna Google,3,2024-01-08 17:54:30,Kenapa login pakai NIK kok tidak bisa/ ketersediaan untuk menulis NIK kurang,0,unknown,12,76,2024-01,False,Netral,1,kenapa login pakai nik kok tidak ketersediaan menulis nik kurang,"['kenapa', 'login', 'pakai', 'nik', 'kok', 'tidak', 'ketersediaan', 'menulis', 'nik', 'kurang']"
Akura Ega Shiro,1,2024-03-20 09:58:42,Halo. Kenapa aplikasinya ngcrash terus?? Bagaimana caranya aku mo bikin/cari EFIN-ku kalau appnya ngcrash terus?? Plis tolong fix secepat mngkn,0,1.4.0,20,143,2024-03,False,Negatif,0,halo kenapa aplikasinya ngcrash terus bagaimana caranya mau bikin cari efin ku appnya ngcrash terus plis tolong fix secepat mngkn,"['halo', 'kenapa', 'aplikasinya', 'ngcrash', 'terus', 'bagaimana', 'caranya', 'mau', 'bikin', 'cari', 'efin', 'ku', 'appnya', 'ngcrash', 'terus', 'plis', 'tolong', 'fix', 'secepat', 'mngkn']"
Pengguna Google,1,2025-09-17 19:21:19,"aplikasi sangat busuk. mau login aja susah ,verif berulang2 gada yg masuk tuh codenya",2,2.0.6,14,85,2025-09,False,Negatif,0,aplikasi sangat busuk mau login saja susah verif berulang gada masuk tuh codenya,"['aplikasi', 'sangat', 'busuk', 'mau', 'login', 'saja', 'susah', 'verif', 'berulang', 'gada', 'masuk', 'tuh', 'codenya']"
Pengguna Google,5,2024-02-29 11:08:06,Ok,0,1.3.0,1,2,2024-02,True,Positif,2,ok,['ok']
Pengguna Google,5,2024-03-29 15:04:33,Ok,0,1.4.0,1,2,2024-03,True,Positif,2,ok,['ok']
Pengguna Google,5,2025-04-14 17:39:32,mantap,0,unknown,1,6,2025-04,True,Positif,2,mantap,['mantap']
Pengguna Google,3,2026-03-10 23:40:33,"teruntuk bagian pengembang, ini kurang bayaran, kurang skill, atau kurang tidur?",0,3.0.6,11,80,2026-03,False,Netral,1,teruntuk bagian pengembang kurang bayaran kurang skill kurang tidur,"['teruntuk', 'bagian', 'pengembang', 'kurang', 'bayaran', 'kurang', 'skill', 'kurang', 'tidur']"
Pengguna Google,5,2022-09-17 13:45:09,Sangat membantu untuk mengingatkan Laporan SPT Tahunan,0,1.1.0,7,54,2022-09,False,Positif,2,sangat membantu mengingatkan laporan spt tahunan,"['sangat', 'membantu', 'mengingatkan', 'laporan', 'spt', 'tahunan']"
Pengguna Google,1,2026-03-06 11:11:07,makin kacau,1,2.0.6,2,11,2026-03,False,Negatif,0,makin kacau,"['makin', 'kacau']"
Pengguna Google,5,2026-03-02 08:00:57,sangat membantu,0,2.0.4,2,15,2026-03,True,Positif,2,sangat membantu,"['sangat', 'membantu']"
Pengguna Google,3,2025-06-03 21:46:27,di perbaiki lagi,1,unknown,3,16,2025-06,False,Netral,1,perbaiki lagi,"['perbaiki', 'lagi']"
Pengguna Google,3,2022-01-06 16:07:08,"Sudah login beberapa kali, tetap saja gak dapet kode Verifikasi yg dikirim via email",4,1.1.0,14,84,2022-01,False,Netral,1,login beberapa kali tetap saja tidak dapet kode verifikasi dikirim via email,"['login', 'beberapa', 'kali', 'tetap', 'saja', 'tidak', 'dapet', 'kode', 'verifikasi', 'dikirim', 'via', 'email']"
Pengguna Google,1,2022-03-31 09:57:11,Eror dan tidak berguna !!!!!,0,unknown,5,28,2022-03,False,Negatif,0,eror tidak berguna,"['eror', 'tidak', 'berguna']"
Pengguna Google,3,2024-12-09 14:03:09,Untuk bagian lupa efin setelah dapat kode verifikasi via sms kenapa tombol verifikasi kode nya gak bisa d tekan dn gk brubah jd warna biru gitu.. alhasil gagal terus ini proses recovery akunnya..,35,2.0.0,33,195,2024-12,False,Netral,1,bagian lupa efin setelah dapat kode verifikasi via sms kenapa tombol verifikasi kode tidak tekan dn tidak brubah jadi warna biru begitu alhasil gagal terus proses recovery akunnya,"['bagian', 'lupa', 'efin', 'setelah', 'dapat', 'kode', 'verifikasi', 'via', 'sms', 'kenapa', 'tombol', 'verifikasi', 'kode', 'tidak', 'tekan', 'dn', 'tidak', 'brubah', 'jadi', 'warna', 'biru', 'begitu', 'alhasil', 'gagal', 'terus', 'proses', 'recovery', 'akunnya']"
Pengguna Google,4,2021-09-19 17:36:30,Mungkin perlu ditingkatkan agar ada menu untuk laporan spt tahunan,0,1.0,10,66,2021-09,False,Positif,2,mungkin perlu ditingkatkan agar menu laporan spt tahunan,"['mungkin', 'perlu', 'ditingkatkan', 'agar', 'menu', 'laporan', 'spt', 'tahunan']"
Pengguna Google,1,2023-12-11 17:33:09,Tidak membantu sama sekali. Hapus aja,0,1.2.4,6,37,2023-12,False,Negatif,0,tidak membantu sama sekali hapus saja,"['tidak', 'membantu', 'sama', 'sekali', 'hapus', 'saja']"
Pengguna Google,3,2025-02-18 07:15:27,"Ini gimana cara daftarnya weyyyy, sedangkan ga ada pilihan mendaftar nyaaaaaaa",1,2.0.3,11,78,2025-02,False,Netral,1,bagaimana cara daftarnya weyyyy sedangkan tidak pilihan mendaftar nyaaaaaaa,"['bagaimana', 'cara', 'daftarnya', 'weyyyy', 'sedangkan', 'tidak', 'pilihan', 'mendaftar', 'nyaaaaaaa']"
Abi Rafdi Dinan,4,2021-09-02 18:31:28,"Akan lebih bagus kalau aplikasi seperti Espt, efaktur ada versi android dan ios nya. Bisa di kerjakan di tablet,ipad,chromebook. Semuanya harus bisa mobile di jaman sekarang.",1,unknown,26,174,2021-09,False,Positif,2,bagus aplikasi seperti espt efaktur versi android ios kerjakan tablet ipad chromebook semuanya harus mobile jaman sekarang,"['bagus', 'aplikasi', 'seperti', 'espt', 'efaktur', 'versi', 'android', 'ios', 'kerjakan', 'tablet', 'ipad', 'chromebook', 'semuanya', 'harus', 'mobile', 'jaman', 'sekarang']"
Pengguna Google,1,2024-06-11 10:24:59,Ini aplikasi tambah menyusahkan no otp ratusan kali datang tp di verifikasi di suruh ulang melulu,1,1.4.0,16,97,2024-06,False,Negatif,0,aplikasi tambah menyusahkan nomor otp ratusan kali datang tapi verifikasi suruh ulang melulu,"['aplikasi', 'tambah', 'menyusahkan', 'nomor', 'otp', 'ratusan', 'kali', 'datang', 'tapi', 'verifikasi', 'suruh', 'ulang', 'melulu']"
Pengguna Google,3,2022-03-08 16:44:46,Kadang ada kendala saat membuka aplikasi. Lama tidak muncul,1,1.1.0,9,59,2022-03,False,Netral,1,kadang kendala saat membuka aplikasi lama tidak muncul,"['kadang', 'kendala', 'saat', 'membuka', 'aplikasi', 'lama', 'tidak', 'muncul']"
Pengguna Google,3,2024-02-12 17:50:53,Saya kesulitan update data karena tahun lahir saya gak ada 1991 knp yg muncul hanya 1995 tolong dong solusinya,1,1.3.0,19,110,2024-02,False,Netral,1,kesulitan update data karena tahun lahir tidak kenapa muncul hanya tolong solusinya,"['kesulitan', 'update', 'data', 'karena', 'tahun', 'lahir', 'tidak', 'kenapa', 'muncul', 'hanya', 'tolong', 'solusinya']"
Pengguna Google,1,2024-03-27 11:07:54,"Download aplikasi kirain bakal membantu, ternyata tidak sama sekali.",0,1.4.0,9,68,2024-03,False,Negatif,0,download aplikasi kirain bakal membantu ternyata tidak sama sekali,"['download', 'aplikasi', 'kirain', 'bakal', 'membantu', 'ternyata', 'tidak', 'sama', 'sekali']"
Pengguna Google,3,2024-02-04 16:21:04,Ok,0,1.3.0,1,2,2024-02,True,Netral,1,ok,['ok']
Pengguna Google,5,2022-03-23 13:57:37,Sangat mudah,0,1.0,2,12,2022-03,False,Positif,2,sangat mudah,"['sangat', 'mudah']"
Pengguna Google,5,2023-02-12 21:11:46,Mantaaap,0,1.1.0,1,8,2023-02,True,Positif,2,mantaaap,['mantaaap']
Pengguna Google,5,2026-03-10 11:50:54,Baik membantu,0,2.0.6,2,13,2026-03,False,Positif,2,baik membantu,"['baik', 'membantu']"
Pengguna Google,1,2026-03-31 15:48:48,"aplikasi nya kayaknya developernya pemula . data sudah benar tapi masih gagal login , bikin aplikasi niatnya buat mempermudah ini malah mempersulit",2,3.0.6,22,147,2026-03,False,Negatif,0,aplikasi kayaknya developernya pemula data benar tapi masih gagal login bikin aplikasi niatnya mempermudah malah mempersulit,"['aplikasi', 'kayaknya', 'developernya', 'pemula', 'data', 'benar', 'tapi', 'masih', 'gagal', 'login', 'bikin', 'aplikasi', 'niatnya', 'mempermudah', 'malah', 'mempersulit']"
Pengguna Google,3,2022-07-04 17:22:19,"Fitur nya gak sekomplit versi web, dimnaa tidak ada ubah profil alamat email, dan nomor hp, terus klo bisa pekerjaan bisa diubah juga denga verifikasi E-KTP.",2,1.1.0,26,157,2022-07,False,Netral,1,fitur tidak sekomplit versi web dimnaa tidak ubah profil alamat email nomor handphone terus klo pekerjaan diubah denga verifikasi ktp,"['fitur', 'tidak', 'sekomplit', 'versi', 'web', 'dimnaa', 'tidak', 'ubah', 'profil', 'alamat', 'email', 'nomor', 'handphone', 'terus', 'klo', 'pekerjaan', 'diubah', 'denga', 'verifikasi', 'ktp']"
Pengguna Google,1,2026-04-22 09:44:11,"apa gunanya ini apk, tidak bisa ganti kata sandi, selalu eror padahal sudah isi data dengan benar. apk tidak jelas .",0,3.0.9,21,116,2026-04,False,Negatif,0,apa gunanya aplikasi tidak ganti kata sandi selalu eror padahal isi data benar aplikasi tidak jelas,"['apa', 'gunanya', 'aplikasi', 'tidak', 'ganti', 'kata', 'sandi', 'selalu', 'eror', 'padahal', 'isi', 'data', 'benar', 'aplikasi', 'tidak', 'jelas']"
Pengguna Google,1,2023-11-13 10:12:28,Aplikasi lambat dan tidak bisa di buka,6,1.2.4,7,38,2023-11,False,Negatif,0,aplikasi lambat tidak buka,"['aplikasi', 'lambat', 'tidak', 'buka']"
Pengguna Google,5,2025-05-11 23:13:55,kurang tanggap terhadap keluhan tapi maklum harus menunggu perhitungan tahunan.,0,2.0.4,10,79,2025-05,False,Positif,2,kurang tanggap terhadap keluhan tapi maklum harus menunggu perhitungan tahunan,"['kurang', 'tanggap', 'terhadap', 'keluhan', 'tapi', 'maklum', 'harus', 'menunggu', 'perhitungan', 'tahunan']"
Pengguna Google,5,2025-03-26 08:25:44,sangat baik,0,2.0.3,2,11,2025-03,True,Positif,2,sangat baik,"['sangat', 'baik']"
Pengguna Google,1,2024-09-01 23:04:17,Ribet banget,0,1.4.0,2,12,2024-09,True,Negatif,0,ribet sangat,"['ribet', 'sangat']"
Pengguna Google,5,2024-08-19 06:45:14,Bulan Juni kalau nggak Juli kemarin aku unduh apk ini karna lupa efin. Mudah tapi untuk nunggu email buat Nerima kode nya laaaamaaaaaaa bangtt gak ada masuk malah.. berkali² dicoba dihari² brikutnya masih sama.. pilih dikirim pakai nomor juga gak bisa.. trus pasrah.. hapus apk.. trus sekarang iseng² lagi eh bisaa.. cepet lagi nggak kaya yang bulan² kemarin.. lancar sampai bisa lihat kartu NPWP online ku.. terimakasih sudah di update untuk pelayanannya.. SAYAA SANGAATTT TERBANTUUU TERIMAKASIH 🙏,51,unknown,77,498,2024-08,False,Positif,2,bulan juni tidak juli kemarin unduh aplikasi karena lupa efin mudah tapi nunggu email nerima kode laaaamaaaaaaa bangtt tidak masuk malah berkali dicoba dihari brikutnya masih sama pilih dikirim pakai nomor tidak terus pasrah hapus aplikasi terus sekarang iseng lagi eh bisaa cepet lagi tidak kaya bulan kemarin lancar sampai lihat kartu npwp online ku terimakasih update pelayanannya sayaa sangaattt terbantuuu terimakasih,"['bulan', 'juni', 'tidak', 'juli', 'kemarin', 'unduh', 'aplikasi', 'karena', 'lupa', 'efin', 'mudah', 'tapi', 'nunggu', 'email', 'nerima', 'kode', 'laaaamaaaaaaa', 'bangtt', 'tidak', 'masuk', 'malah', 'berkali', 'dicoba', 'dihari', 'brikutnya', 'masih', 'sama', 'pilih', 'dikirim', 'pakai', 'nomor', 'tidak', 'terus', 'pasrah', 'hapus', 'aplikasi', 'terus', 'sekarang', 'iseng', 'lagi', 'eh', 'bisaa', 'cepet', 'lagi', 'tidak', 'kaya', 'bulan', 'kemarin', 'lancar', 'sampai', 'lihat', 'kartu', 'npwp', 'online', 'ku', 'terimakasih', 'update', 'pelayanannya', 'sayaa', 'sangaattt', 'terbantuuu', 'terimakasih']"
Pengguna Google,5,2025-07-01 16:38:56,top,0,2.0.4,1,3,2025-07,True,Positif,2,top,['top']
Pengguna Google,5,2023-04-25 09:57:34,Best,0,unknown,1,4,2023-04,True,Positif,2,best,['best']
dyo dyo,5,2026-03-07 07:51:05,Ada potensi baik pada aplikasi ini. Kemudahan akses informasi perpajakan Indonesia menjadi hal yang mutlak perlu. Asal hasil dari pajak ujung2nya JANGAN SAMPE DIKORUPSI YA! 🙄,0,3.0.6,26,174,2026-03,False,Positif,2,potensi baik aplikasi kemudahan akses informasi perpajakan indonesia menjadi hal mutlak perlu asal hasil pajak ujungnya jangan sampe dikorupsi,"['potensi', 'baik', 'aplikasi', 'kemudahan', 'akses', 'informasi', 'perpajakan', 'indonesia', 'menjadi', 'hal', 'mutlak', 'perlu', 'asal', 'hasil', 'pajak', 'ujungnya', 'jangan', 'sampe', 'dikorupsi']"
Pengguna Google,3,2023-11-09 10:19:50,"Parah nih,kg bisa bikin apk udah sosoan mau mendigitalkan pajak,untuk mendapatkan efin saja sulit nya luar biasa",0,unknown,17,112,2023-11,False,Netral,1,parah kg bikin aplikasi sosoan mau mendigitalkan pajak mendapatkan efin saja sulit luar biasa,"['parah', 'kg', 'bikin', 'aplikasi', 'sosoan', 'mau', 'mendigitalkan', 'pajak', 'mendapatkan', 'efin', 'saja', 'sulit', 'luar', 'biasa']"
Pengguna Google,1,2024-12-12 13:45:28,lemot,0,2.0.0,1,5,2024-12,True,Negatif,0,lemot,['lemot']
Pengguna Google,1,2025-02-26 10:53:04,"Ribet banget mau balik nama ajb penjual harus ada npwp (mana penjualnya gaptek lagi dah), kode otp gamasuk2, sekalinya masuk otp nya web coretax djp nya lemot banget apalagi pas detail alamat",0,unknown,32,191,2025-02,False,Negatif,0,ribet sangat mau balik nama ajb penjual harus npwp mana penjualnya gaptek lagi dah kode otp gamasuk sekalinya masuk otp web coretax djp lemot sangat apalagi pas detail alamat,"['ribet', 'sangat', 'mau', 'balik', 'nama', 'ajb', 'penjual', 'harus', 'npwp', 'mana', 'penjualnya', 'gaptek', 'lagi', 'dah', 'kode', 'otp', 'gamasuk', 'sekalinya', 'masuk', 'otp', 'web', 'coretax', 'djp', 'lemot', 'sangat', 'apalagi', 'pas', 'detail', 'alamat']"
Pengguna Google,1,2025-03-10 15:17:24,Sistem sangat sangat buruk,0,unknown,4,26,2025-03,False,Negatif,0,sistem sangat sangat buruk,"['sistem', 'sangat', 'sangat', 'buruk']"
Pengguna Google,5,2026-03-08 06:13:09,ada nya aplikasi ini jadi semuanya lebih mudah,0,2.0.6,8,46,2026-03,False,Positif,2,aplikasi jadi semuanya mudah,"['aplikasi', 'jadi', 'semuanya', 'mudah']"
Pengguna Google,5,2025-03-03 11:11:21,Sangat Baik,0,unknown,2,11,2025-03,False,Positif,2,sangat baik,"['sangat', 'baik']"
Pengguna Google,3,2021-11-17 10:24:45,"Bagus sudah ada E- billing, cuma keterangan kode bayar buat orang awam masih membingngungkan.musti telepon dulu ke kantor pajak Lebih bagus lagi jika di kasih fitur faktur pajak, bupot PPH dll. Lebih memudahkan kita bayar pajak. Saya mau bayar pajak aja ribet, padahal kita mau kasih duit buat pemerintah, tapi masih aja susah. Gimana mau maju negara ini 🤦",54,1.0,59,356,2021-11,False,Netral,1,bagus billing cuma keterangan kode bayar orang awam masih membingngungkan musti telepon dulu kantor pajak bagus lagi jika kasih fitur faktur pajak bupot pph dll memudahkan bayar pajak mau bayar pajak saja ribet padahal mau kasih duit pemerintah tapi masih saja susah bagaimana mau maju negara,"['bagus', 'billing', 'cuma', 'keterangan', 'kode', 'bayar', 'orang', 'awam', 'masih', 'membingngungkan', 'musti', 'telepon', 'dulu', 'kantor', 'pajak', 'bagus', 'lagi', 'jika', 'kasih', 'fitur', 'faktur', 'pajak', 'bupot', 'pph', 'dll', 'memudahkan', 'bayar', 'pajak', 'mau', 'bayar', 'pajak', 'saja', 'ribet', 'padahal', 'mau', 'kasih', 'duit', 'pemerintah', 'tapi', 'masih', 'saja', 'susah', 'bagaimana', 'mau', 'maju', 'negara']"
Stupendously Stupid,3,2021-09-30 21:19:17,Crash jika pencet Profil saya,1,1.0,5,29,2021-09,False,Netral,1,crash jika pencet profil,"['crash', 'jika', 'pencet', 'profil']"
Pengguna Google,3,2026-04-18 17:59:15,kami setiap thn sllu aktik bayar pajak,0,3.0.6,7,38,2026-04,False,Netral,1,setiap thn selalu aktik bayar pajak,"['setiap', 'thn', 'selalu', 'aktik', 'bayar', 'pajak']"
Pengguna Google,3,2023-11-21 13:55:49,"Inikan aplikasi milik pemerintah,jadi tolong dong jangan eror melulu dan tolong segera diperbaiki,jangan bikin malu pemerintahankami selaku warga sangat mendukung",0,unknown,20,162,2023-11,False,Netral,1,inikan aplikasi milik pemerintah jadi tolong jangan eror melulu tolong segera diperbaiki jangan bikin malu pemerintahankami selaku warga sangat mendukung,"['inikan', 'aplikasi', 'milik', 'pemerintah', 'jadi', 'tolong', 'jangan', 'eror', 'melulu', 'tolong', 'segera', 'diperbaiki', 'jangan', 'bikin', 'malu', 'pemerintahankami', 'selaku', 'warga', 'sangat', 'mendukung']"
Pengguna Google,3,2025-03-03 13:17:08,Verivikasi lemot parah,0,unknown,3,22,2025-03,False,Netral,1,verivikasi lemot parah,"['verivikasi', 'lemot', 'parah']"
Pengguna Google,5,2022-01-24 12:52:38,Sangat Bagus,0,1.1.0,2,12,2022-01,True,Positif,2,sangat bagus,"['sangat', 'bagus']"
Pengguna Google,1,2025-03-04 22:06:13,"Apk kaga jelas Masa nunggu kode verifikasi Ampe Berjam"" baru dikirim Apk bikin susah kaga guna Disuruh lapor ,katanya kalo kaga lapor kena denda Mau lapor malah dibikin susah Najis banget",0,2.0.3,31,187,2025-03,False,Negatif,0,aplikasi tidak jelas masa nunggu kode verifikasi ampe berjam baru dikirim aplikasi bikin susah tidak guna disuruh lapor katanya kalo tidak lapor kena denda mau lapor malah dibikin susah najis sangat,"['aplikasi', 'tidak', 'jelas', 'masa', 'nunggu', 'kode', 'verifikasi', 'ampe', 'berjam', 'baru', 'dikirim', 'aplikasi', 'bikin', 'susah', 'tidak', 'guna', 'disuruh', 'lapor', 'katanya', 'kalo', 'tidak', 'lapor', 'kena', 'denda', 'mau', 'lapor', 'malah', 'dibikin', 'susah', 'najis', 'sangat']"
Pengguna Google,3,2022-03-09 08:36:49,Tes dl,0,1.1.0,2,6,2022-03,False,Netral,1,tes dl,"['tes', 'dl']"
om tito,3,2024-07-27 00:27:19,Setelah membuat kode billing kok nggak bisa tersimpan di aplikasi ini. Bagaimana solusinya ?,0,1.4.0,14,92,2024-07,False,Netral,1,setelah membuat kode billing kok tidak tersimpan aplikasi bagaimana solusinya,"['setelah', 'membuat', 'kode', 'billing', 'kok', 'tidak', 'tersimpan', 'aplikasi', 'bagaimana', 'solusinya']"
Pengguna Google,5,2025-03-06 15:02:33,Mantap,0,1.4.0,1,6,2025-03,True,Positif,2,mantap,['mantap']
Pengguna Google,4,2025-07-06 22:26:42,lumayan,0,2.0.4,1,7,2025-07,False,Positif,2,lumayan,['lumayan']
Pengguna Google,1,2025-06-03 07:43:44,ga niat bikin server,1,unknown,4,20,2025-06,False,Negatif,0,tidak niat bikin server,"['tidak', 'niat', 'bikin', 'server']"
Pengguna Google,5,2022-01-14 01:51:08,Bagus,0,1.1.0,1,5,2022-01,True,Positif,2,bagus,['bagus']
Pengguna Google,1,2024-11-08 15:17:36,"Belom punya NPWP trus di daftar di alihkan ke web trus gunanya yang mobile buat apa kalau daftar masih harus di web, dan webnya lemot banget juga",0,1.4.0,27,145,2024-11,False,Negatif,0,belom punya npwp terus daftar alihkan web terus gunanya mobile apa daftar masih harus web webnya lemot sangat,"['belom', 'punya', 'npwp', 'terus', 'daftar', 'alihkan', 'web', 'terus', 'gunanya', 'mobile', 'apa', 'daftar', 'masih', 'harus', 'web', 'webnya', 'lemot', 'sangat']"
Pengguna Google,3,2025-02-03 15:32:48,"Nomer NPWP nya masig 15 digit, padahal di npwp skarang udah 16 digit. Jadi ga bisa bikin efin",0,2.0.3,18,93,2025-02,False,Netral,1,nomer npwp masig digit padahal npwp skarang digit jadi tidak bikin efin,"['nomer', 'npwp', 'masig', 'digit', 'padahal', 'npwp', 'skarang', 'digit', 'jadi', 'tidak', 'bikin', 'efin']"
Pengguna Google,3,2023-02-09 12:51:57,Blm bisa login pkek NIK,0,unknown,5,23,2023-02,False,Netral,1,belum login pkek nik,"['belum', 'login', 'pkek', 'nik']"
Pengguna Google,3,2022-05-09 15:07:39,Allahu akbar....,0,unknown,2,16,2022-05,False,Netral,1,allahu akbar,"['allahu', 'akbar']"
Pengguna Google,3,2025-03-24 09:13:19,oke,0,2.0.2,1,3,2025-03,True,Netral,1,oke,['oke']
Pengguna Google,5,2026-04-09 19:24:27,lebih mudah,0,3.0.6,2,11,2026-04,False,Positif,2,mudah,['mudah']
Pengguna Google,3,2023-01-10 20:09:48,Sixal lelet,0,1.1.0,2,11,2023-01,False,Netral,1,sixal lelet,"['sixal', 'lelet']"
Pengguna Google,3,2022-07-06 16:12:26,"Untuk pembuatan ebiling Tidak bisa di gunakan, di klik jenis pajak dan jenis setoran tidak mau muncul pilihan. Yg bisa di di isi hanya tahun, biaya dan keterangan .",52,1.1.0,29,164,2022-07,False,Netral,1,pembuatan ebiling tidak gunakan klik jenis pajak jenis setoran tidak mau muncul pilihan isi hanya tahun biaya keterangan,"['pembuatan', 'ebiling', 'tidak', 'gunakan', 'klik', 'jenis', 'pajak', 'jenis', 'setoran', 'tidak', 'mau', 'muncul', 'pilihan', 'isi', 'hanya', 'tahun', 'biaya', 'keterangan']"
Pengguna Google,5,2022-04-10 04:18:01,Mengetahui Berapa pajak saya,0,1.0,4,28,2022-04,False,Positif,2,mengetahui berapa pajak,"['mengetahui', 'berapa', 'pajak']"
Pengguna Google,3,2026-04-29 08:25:34,"gk pernah bisa masuk setelah log in, layar blank putih, dan saran untuk informasi pengikinian data dukcapil dibuat automatis koneksi ke dukcapil, atau alternatf bisa secara online, karna tdk semua org bisa utk kekantor pajak langsung",0,unknown,36,233,2026-04,False,Netral,1,tidak pernah masuk setelah log in layar blank putih saran informasi pengikinian data dukcapil dibuat automatis koneksi dukcapil alternatf secara online karena tidak semua orang kekantor pajak langsung,"['tidak', 'pernah', 'masuk', 'setelah', 'log', 'in', 'layar', 'blank', 'putih', 'saran', 'informasi', 'pengikinian', 'data', 'dukcapil', 'dibuat', 'automatis', 'koneksi', 'dukcapil', 'alternatf', 'secara', 'online', 'karena', 'tidak', 'semua', 'orang', 'kekantor', 'pajak', 'langsung']"
Pengguna Google,5,2025-08-01 07:09:01,Mantap,0,2.0.4,1,6,2025-08,True,Positif,2,mantap,['mantap']
Pengguna Google,3,2025-01-19 13:28:14,SygSyg r b asal Barbados rt rrrrd,0,2.0.2,7,33,2025-01,False,Netral,1,sygsyg asal barbados rt rrrrd,"['sygsyg', 'asal', 'barbados', 'rt', 'rrrrd']"
Pengguna Google,3,2026-03-07 19:33:58,sangat membantu memantau pajak hanya saja kurang saat penggunaannya,0,3.0.6,9,67,2026-03,False,Netral,1,sangat membantu memantau pajak hanya saja kurang saat penggunaannya,"['sangat', 'membantu', 'memantau', 'pajak', 'hanya', 'saja', 'kurang', 'saat', 'penggunaannya']"
Pengguna Google,3,2024-06-26 11:18:41,Aplikasi Keluar sendiri,0,1.4.0,3,23,2024-06,False,Netral,1,aplikasi keluar sendiri,"['aplikasi', 'keluar', 'sendiri']"
Pengguna Google,1,2026-03-31 18:45:25,"tolongg dong di benerin lagii apk nya, banyak banget kendala",0,unknown,10,60,2026-03,False,Negatif,0,tolongg benerin lagii aplikasi banyak sangat kendala,"['tolongg', 'benerin', 'lagii', 'aplikasi', 'banyak', 'sangat', 'kendala']"
Pengguna Google,1,2023-12-14 09:16:37,Ga jelas. Susah d klik aneh,0,1.2.4,6,27,2023-12,False,Negatif,0,tidak jelas susah klik aneh,"['tidak', 'jelas', 'susah', 'klik', 'aneh']"
Pengguna Google,3,2025-05-07 04:29:03,asik gak dia,0,unknown,3,12,2025-05,False,Netral,1,asik tidak,"['asik', 'tidak']"
Pengguna Google,3,2025-04-22 14:56:13,Berapa bulan lama menunggu EFIN keluar?,0,2.0.4,6,39,2025-04,False,Netral,1,berapa bulan lama menunggu efin keluar,"['berapa', 'bulan', 'lama', 'menunggu', 'efin', 'keluar']"
Pengguna Google,3,2024-09-22 23:26:55,"Pas Nunggu Kode OTP nya emng GK lama,TPI GK tauu knp pas mau klik daptarr salahh Mulu,Mau daptar juga Mlah nglag. mohon lebih diperbaiki lgi",1,1.4.0,25,140,2024-09,False,Netral,1,pas nunggu kode otp emng tidak lama tapi tidak tauu kenapa pas mau klik daptarr salahh mulu mau daptar mlah nglag mohon diperbaiki lagi,"['pas', 'nunggu', 'kode', 'otp', 'emng', 'tidak', 'lama', 'tapi', 'tidak', 'tauu', 'kenapa', 'pas', 'mau', 'klik', 'daptarr', 'salahh', 'mulu', 'mau', 'daptar', 'mlah', 'nglag', 'mohon', 'diperbaiki', 'lagi']"
Pengguna Google,5,2025-01-03 18:15:54,Mantap,0,2.0.1,1,6,2025-01,True,Positif,2,mantap,['mantap']
ranu,5,2021-09-17 11:42:08,One stop place to access tax services,5,1.0,7,37,2021-09,False,Positif,2,one stop place to access tax services,"['one', 'stop', 'place', 'to', 'access', 'tax', 'services']"
Yusuf Setiawan,1,2025-12-15 10:07:41,worst app i have ever used,0,2.0.6,6,26,2025-12,False,Negatif,0,worst aplikasi have ever used,"['worst', 'aplikasi', 'have', 'ever', 'used']"
Pengguna Google,3,2025-03-24 20:46:14,ini untuk pengajuan efin dengan kode nomer 16 agka gabisa sedangkan di aplikasi hanya 15 angka,1,2.0.3,16,94,2025-03,False,Netral,1,pengajuan efin kode nomer agka tidak sedangkan aplikasi hanya angka,"['pengajuan', 'efin', 'kode', 'nomer', 'agka', 'tidak', 'sedangkan', 'aplikasi', 'hanya', 'angka']"
Pengguna Google,5,2024-09-03 20:10:37,Ok,0,1.4.0,1,2,2024-09,True,Positif,2,ok,['ok']
Pengguna Google,5,2026-03-31 10:39:43,good,0,2.0.6,1,4,2026-03,True,Positif,2,good,['good']
Pengguna Google,3,2021-10-01 20:08:02,Susah bukanya,0,1.0,2,13,2021-10,False,Netral,1,susah bukanya,"['susah', 'bukanya']"
Pengguna Google,1,2025-03-26 13:18:35,kurang pro aplikasinya,0,2.0.3,3,22,2025-03,False,Negatif,0,kurang pro aplikasinya,"['kurang', 'pro', 'aplikasinya']"
Pengguna Google,5,2022-01-21 13:14:00,Bagus,0,1.1.0,1,5,2022-01,True,Positif,2,bagus,['bagus']
Pengguna Google,1,2025-12-22 12:20:15,"maunya apa ini perpajakan, ribetttttnya dan harus lapor2 sendiri, ngapain coba lapor sendiri GK ada kerjaan sja... 🤦🏻🤦🏻🤦🏻",0,unknown,18,121,2025-12,False,Negatif,0,maunya apa perpajakan ribetttttnya harus lapor sendiri ngapain coba lapor sendiri tidak kerjaan sja,"['maunya', 'apa', 'perpajakan', 'ribetttttnya', 'harus', 'lapor', 'sendiri', 'ngapain', 'coba', 'lapor', 'sendiri', 'tidak', 'kerjaan', 'sja']"
Pengguna Google,3,2024-12-11 14:11:22,Halo admin m pajak tolong jelasin kenapa kode otp udah dimasukin tapi tidak bisa di ketik verifikasi nya?,4,2.0.0,18,105,2024-12,False,Netral,1,halo admin pajak tolong jelasin kenapa kode otp dimasukin tapi tidak ketik verifikasi,"['halo', 'admin', 'pajak', 'tolong', 'jelasin', 'kenapa', 'kode', 'otp', 'dimasukin', 'tapi', 'tidak', 'ketik', 'verifikasi']"
Pengguna Google,1,2026-02-09 23:25:04,"mau aktivasi aja susah, aplikasi apa ini buang buang anggaran doang. Gak bisa kirim kode verifikasi ke Gmail/nomor HP.",3,3.0.4,19,118,2026-02,False,Negatif,0,mau aktivasi saja susah aplikasi apa buang buang anggaran saja tidak kirim kode verifikasi gmail nomor handphone,"['mau', 'aktivasi', 'saja', 'susah', 'aplikasi', 'apa', 'buang', 'buang', 'anggaran', 'saja', 'tidak', 'kirim', 'kode', 'verifikasi', 'gmail', 'nomor', 'handphone']"
Pengguna Google,3,2022-01-04 12:26:50,untuk step 2 pas validasi data gk bisa ya?? Itu knp yaa??,1,1.1.0,12,57,2022-01,False,Netral,1,step pas validasi data tidak kenapa,"['step', 'pas', 'validasi', 'data', 'tidak', 'kenapa']"
Pengguna Google,5,2026-03-06 09:36:40,sangat baik sekali,0,2.0.6,3,18,2026-03,False,Positif,2,sangat baik sekali,"['sangat', 'baik', 'sekali']"
Pengguna Google,5,2023-08-17 11:44:23,Baru bikin NPWP Password anda salah Sabar aku kak Harus pake Kode EFIN mau ganti password ^_^ kode EFIN Dateng ke kantor yah ?:) Hehe,1,1.2.3,25,133,2023-08,False,Positif,2,baru bikin npwp password anda salah sabar kak harus pakai kode efin mau ganti password kode efin dateng kantor hehe,"['baru', 'bikin', 'npwp', 'password', 'anda', 'salah', 'sabar', 'kak', 'harus', 'pakai', 'kode', 'efin', 'mau', 'ganti', 'password', 'kode', 'efin', 'dateng', 'kantor', 'hehe']"
Pengguna Google,1,2024-03-31 06:34:45,"Pungutan Uang negara sebanyak itu, masa untuk kembangkan aplikasi seperti ini saja tidak bisa, padahal sangat membantu untuk kita lapor dimanapun dan kapanpun",1,1.4.0,23,158,2024-03,False,Negatif,0,pungutan uang negara sebanyak masa kembangkan aplikasi seperti saja tidak padahal sangat membantu lapor dimanapun kapanpun,"['pungutan', 'uang', 'negara', 'sebanyak', 'masa', 'kembangkan', 'aplikasi', 'seperti', 'saja', 'tidak', 'padahal', 'sangat', 'membantu', 'lapor', 'dimanapun', 'kapanpun']"
Pengguna Google,1,2022-05-07 11:33:58,"Kok ga bisa lagi ya di isi pencatatan umkm nya, dan catatan yang lama tidak muncul lagi",1,1.1.0,17,87,2022-05,False,Negatif,0,kok tidak lagi isi pencatatan umkm catatan lama tidak muncul lagi,"['kok', 'tidak', 'lagi', 'isi', 'pencatatan', 'umkm', 'catatan', 'lama', 'tidak', 'muncul', 'lagi']"
Pengguna Google,3,2025-06-23 02:21:37,Kok aplikasinya kek gini si.,0,unknown,5,28,2025-06,False,Netral,1,kok aplikasinya kek begini si,"['kok', 'aplikasinya', 'kek', 'begini', 'si']"
Pengguna Google,5,2024-01-23 08:47:32,Top,0,unknown,1,3,2024-01,True,Positif,2,top,['top']
Pengguna Google,5,2025-09-12 16:26:50,sangat membantu,0,2.0.6,2,15,2025-09,True,Positif,2,sangat membantu,"['sangat', 'membantu']"
Pengguna Google,5,2024-06-02 20:09:51,Disiplin membayar pajak cermin budaya bangsa yang hebat,0,1.4.0,8,55,2024-06,False,Positif,2,disiplin membayar pajak cermin budaya bangsa hebat,"['disiplin', 'membayar', 'pajak', 'cermin', 'budaya', 'bangsa', 'hebat']"
Diah Agustinah,3,2022-01-12 10:47:41,"Ini dari kemarin mau masuk gak bisa, verifykasi dikirim ke email tapi saya cek semua kotak masuk gak ada email masuk",2,1.1.0,21,116,2022-01,False,Netral,1,kemarin mau masuk tidak verifykasi dikirim email tapi cek semua kotak masuk tidak email masuk,"['kemarin', 'mau', 'masuk', 'tidak', 'verifykasi', 'dikirim', 'email', 'tapi', 'cek', 'semua', 'kotak', 'masuk', 'tidak', 'email', 'masuk']"
Pengguna Google,3,2021-12-08 09:33:35,Oke,0,unknown,1,3,2021-12,True,Netral,1,oke,['oke']
Pengguna Google,5,2021-07-05 14:03:54,Mantappp,0,unknown,1,8,2021-07,False,Positif,2,mantappp,['mantappp']
Pengguna Google,1,2023-02-16 13:33:09,"susah banget lewat PC bisa , lewat aplikasi malah ribet lupa sandi aja npwp tidak terdaftar. ANEH",0,1.1.0,17,97,2023-02,False,Negatif,0,susah sangat lewat pc lewat aplikasi malah ribet lupa sandi saja npwp tidak terdaftar aneh,"['susah', 'sangat', 'lewat', 'pc', 'lewat', 'aplikasi', 'malah', 'ribet', 'lupa', 'sandi', 'saja', 'npwp', 'tidak', 'terdaftar', 'aneh']"
Pengguna Google,3,2023-06-04 20:13:31,"Untuk kelebihannya itu ialah 1. Memudahkan masyarakat dalam membayar pajak 2. Masyarakat dapat menghemat waktu dan biaya tranfortasi 3. Aplikasi ini dapat memberitahu kepada pengguna tentang tanggal tempo pembayaran pajak. Untuk kekurangannya ialah 1. Aplikasi ini rentan terhadap masalah kegagalan sistem, mengganggu pengguna dalam proses pembayaran pajak. 2. Keterbatasan dalam hal fitur 3. Keterbatasan dalam mengakses aplikasi m-pajak",6,1.2.3,58,438,2023-06,False,Netral,1,kelebihannya ialah memudahkan masyarakat dalam membayar pajak masyarakat dapat menghemat waktu biaya tranfortasi aplikasi dapat memberitahu kepada pengguna tentang tanggal tempo pembayaran pajak kekurangannya ialah aplikasi rentan terhadap masalah kegagalan sistem mengganggu pengguna dalam proses pembayaran pajak keterbatasan dalam hal fitur keterbatasan dalam mengakses aplikasi pajak,"['kelebihannya', 'ialah', 'memudahkan', 'masyarakat', 'dalam', 'membayar', 'pajak', 'masyarakat', 'dapat', 'menghemat', 'waktu', 'biaya', 'tranfortasi', 'aplikasi', 'dapat', 'memberitahu', 'kepada', 'pengguna', 'tentang', 'tanggal', 'tempo', 'pembayaran', 'pajak', 'kekurangannya', 'ialah', 'aplikasi', 'rentan', 'terhadap', 'masalah', 'kegagalan', 'sistem', 'mengganggu', 'pengguna', 'dalam', 'proses', 'pembayaran', 'pajak', 'keterbatasan', 'dalam', 'hal', 'fitur', 'keterbatasan', 'dalam', 'mengakses', 'aplikasi', 'pajak']"
Pengguna Google,5,2023-10-04 12:24:02,I like you👍,0,unknown,3,11,2023-10,False,Positif,2,like you,"['like', 'you']"
Pengguna Google,3,2026-03-24 17:34:31,"serius? kalian bikin apk tapi masih dialihkan keweb untuk registrasi?. saya sudah lama tidak mengurus NPWP saya,sampai saya lupa dengan PW nya,tapi dipersulit oleh ApK sampah ini,tolong lah yaa kalian giliran duit aja cepat tapi ngurus beginian gak bisa!.kalo bukan karna ni NPWP susah gen z cari kerja dinegara perisis kayak penjara ini sampah!.otak dipake!!.",0,3.0.6,55,360,2026-03,False,Netral,1,serius kalian bikin aplikasi tapi masih dialihkan keweb registrasi lama tidak mengurus npwp sampai lupa pw tapi dipersulit oleh aplikasi sampah tolong kalian giliran duit saja cepat tapi ngurus beginian tidak kalo bukan karena ni npwp susah gen cari kerja dinegara perisis kayak penjara sampah otak dipake,"['serius', 'kalian', 'bikin', 'aplikasi', 'tapi', 'masih', 'dialihkan', 'keweb', 'registrasi', 'lama', 'tidak', 'mengurus', 'npwp', 'sampai', 'lupa', 'pw', 'tapi', 'dipersulit', 'oleh', 'aplikasi', 'sampah', 'tolong', 'kalian', 'giliran', 'duit', 'saja', 'cepat', 'tapi', 'ngurus', 'beginian', 'tidak', 'kalo', 'bukan', 'karena', 'ni', 'npwp', 'susah', 'gen', 'cari', 'kerja', 'dinegara', 'perisis', 'kayak', 'penjara', 'sampah', 'otak', 'dipake']"
Ryan Sandjaya,1,2023-03-27 13:40:24,Pengajuan lupa e fin gagal verifikasi mulu. Telp ga diangkat saat ini agent sedang sibuk . Sibuk apa???,0,1.2.0,18,103,2023-03,False,Negatif,0,pengajuan lupa fin gagal verifikasi mulu telp tidak diangkat saat agent sedang sibuk sibuk apa,"['pengajuan', 'lupa', 'fin', 'gagal', 'verifikasi', 'mulu', 'telp', 'tidak', 'diangkat', 'saat', 'agent', 'sedang', 'sibuk', 'sibuk', 'apa']"
Agung FM,1,2024-03-28 09:25:38,"mau reset efin, aplikaso error terus minta restart, okeey di restart lah, udah bisa klik menu efin isi form lah, ehh udah di isi + submit malah loading lama hasil nya error minta restart lagi, kita restart lagi , setelah restartmalah ga bisa klik menu efin, gimana sih ini bikin aplikasi error terus, di test ga sebenernya sebelum di release ke production , herqn masa aplikasi banyak bug gini masih lolos, dan ga ada yg inisiatif benerin kah dari pihak IT nya? masa harus nunggu laporan user dulu.!",0,unknown,88,499,2024-03,False,Negatif,0,mau reset efin aplikaso error terus minta restart okeey restart klik menu efin isi form ehh isi submit malah loading lama hasil error minta restart lagi restart lagi setelah restartmalah tidak klik menu efin bagaimana bikin aplikasi error terus test tidak sebenernya sebelum release production herqn masa aplikasi banyak bug begini masih lolos tidak inisiatif benerin kah pihak it masa harus nunggu laporan user dulu,"['mau', 'reset', 'efin', 'aplikaso', 'error', 'terus', 'minta', 'restart', 'okeey', 'restart', 'klik', 'menu', 'efin', 'isi', 'form', 'ehh', 'isi', 'submit', 'malah', 'loading', 'lama', 'hasil', 'error', 'minta', 'restart', 'lagi', 'restart', 'lagi', 'setelah', 'restartmalah', 'tidak', 'klik', 'menu', 'efin', 'bagaimana', 'bikin', 'aplikasi', 'error', 'terus', 'test', 'tidak', 'sebenernya', 'sebelum', 'release', 'production', 'herqn', 'masa', 'aplikasi', 'banyak', 'bug', 'begini', 'masih', 'lolos', 'tidak', 'inisiatif', 'benerin', 'kah', 'pihak', 'it', 'masa', 'harus', 'nunggu', 'laporan', 'user', 'dulu']"
Pengguna Google,3,2025-01-03 16:14:37,gmn cara buat spt tahunan?,0,2.0.2,5,26,2025-01,False,Netral,1,bagaimana cara spt tahunan,"['bagaimana', 'cara', 'spt', 'tahunan']"
Pengguna Google,3,2025-05-12 08:59:53,"Tolong di perbarui untuk pengajuan EFIN. Karena NPWP sekarang 16 digit, sedangkan di aplikasi masih 15 digit. Terimakasih",0,2.0.4,18,121,2025-05,False,Netral,1,tolong perbarui pengajuan efin karena npwp sekarang digit sedangkan aplikasi masih digit terimakasih,"['tolong', 'perbarui', 'pengajuan', 'efin', 'karena', 'npwp', 'sekarang', 'digit', 'sedangkan', 'aplikasi', 'masih', 'digit', 'terimakasih']"
Pengguna Google,1,2026-03-23 14:53:04,aplikasi tolol,0,3.0.6,2,14,2026-03,True,Negatif,0,aplikasi tolol,"['aplikasi', 'tolol']"
Pengguna Google,3,2024-08-28 15:57:14,"Sepertinya pliksi mupun web berguna atau berfungsi klo di dalam gedung pajaknya deh, solnya email sma pass yang aku masukkan ydah bener bgt gak salah tpi tertera salah. Wkwkwk",0,1.4.0,29,175,2024-08,False,Netral,1,sepertinya pliksi mupun web berguna berfungsi klo dalam gedung pajaknya solnya email sama pass masukkan ydah bener sangat tidak salah tapi tertera salah wkwkwk,"['sepertinya', 'pliksi', 'mupun', 'web', 'berguna', 'berfungsi', 'klo', 'dalam', 'gedung', 'pajaknya', 'solnya', 'email', 'sama', 'pass', 'masukkan', 'ydah', 'bener', 'sangat', 'tidak', 'salah', 'tapi', 'tertera', 'salah', 'wkwkwk']"
Pengguna Google,3,2024-12-31 21:40:16,"Belum daftar tapi di suruh masuk, percuma juga kartu NPWP di buat",0,2.0.1,12,65,2024-12,False,Netral,1,belum daftar tapi suruh masuk percuma kartu npwp,"['belum', 'daftar', 'tapi', 'suruh', 'masuk', 'percuma', 'kartu', 'npwp']"
Randy Kauwo,1,2023-12-19 10:21:38,Benerin dulu bugnya,1,1.2.4,3,19,2023-12,False,Negatif,0,benerin dulu bugnya,"['benerin', 'dulu', 'bugnya']"
Pengguna Google,1,2023-10-24 07:11:16,"Langsung unimstal,, apk CACAT",0,1.2.3,4,29,2023-10,False,Negatif,0,langsung unimstal aplikasi cacat,"['langsung', 'unimstal', 'aplikasi', 'cacat']"
Pengguna Google,2,2023-02-23 18:32:24,"tidak /belum bisa buat catatan harian euy😭,padahal menu tsb ada di app loh.mohon di tingkatkan agar bisa diperbaiki oleh developer kak",2,1.1.0,21,134,2023-02,False,Negatif,0,tidak belum catatan harian euy padahal menu tsb aplikasi mohon tingkatkan agar diperbaiki oleh developer kak,"['tidak', 'belum', 'catatan', 'harian', 'euy', 'padahal', 'menu', 'tsb', 'aplikasi', 'mohon', 'tingkatkan', 'agar', 'diperbaiki', 'oleh', 'developer', 'kak']"
Fadli M Nur,5,2021-06-05 07:22:17,Very helpful.,2,unknown,2,13,2021-06,False,Positif,2,very helpful,"['very', 'helpful']"
aries cahyo buwono,1,2024-06-27 10:36:19,"Aplikasi ngawur ....pilih SMS atau email saya pilih email ,email otomatis keluar untuk konfirmasi tapi bukan email saya sangat berbahaya karena saya sudah isi data pribadi",0,unknown,26,171,2024-06,False,Negatif,0,aplikasi ngawur pilih sms email pilih email email otomatis keluar konfirmasi tapi bukan email sangat berbahaya karena isi data pribadi,"['aplikasi', 'ngawur', 'pilih', 'sms', 'email', 'pilih', 'email', 'email', 'otomatis', 'keluar', 'konfirmasi', 'tapi', 'bukan', 'email', 'sangat', 'berbahaya', 'karena', 'isi', 'data', 'pribadi']"
Pengguna Google,5,2025-12-13 06:54:48,baik,0,unknown,1,4,2025-12,True,Positif,2,baik,['baik']
Pengguna Google,1,2025-12-28 16:40:56,"Teknologi itu digunakan untuk mempermudah, mempercepat, dan mempermurah. kalau masih harus datang manual ke kantor pajak buat urusan akun segala macam apa gunanya aplikasi. Jaman sudah canggih masih saja kayak di jaman batu",0,unknown,33,223,2025-12,False,Negatif,0,teknologi digunakan mempermudah mempercepat mempermurah masih harus datang manual kantor pajak urusan akun segala macam apa gunanya aplikasi jaman canggih masih saja kayak jaman batu,"['teknologi', 'digunakan', 'mempermudah', 'mempercepat', 'mempermurah', 'masih', 'harus', 'datang', 'manual', 'kantor', 'pajak', 'urusan', 'akun', 'segala', 'macam', 'apa', 'gunanya', 'aplikasi', 'jaman', 'canggih', 'masih', 'saja', 'kayak', 'jaman', 'batu']"
Pengguna Google,5,2023-04-05 20:07:57,Ok,0,1.2.1,1,2,2023-04,True,Positif,2,ok,['ok']
Pengguna Google,1,2026-03-30 21:43:59,"kode verif ga masuk"" ke email ribet",0,3.0.6,7,35,2026-03,False,Negatif,0,kode verif tidak masuk email ribet,"['kode', 'verif', 'tidak', 'masuk', 'email', 'ribet']"
Pengguna Google,1,2022-04-14 09:13:25,Ruwet bestiee,0,1.1.0,2,13,2022-04,False,Negatif,0,ruwet bestiee,"['ruwet', 'bestiee']"
Pengguna Google,1,2024-12-27 09:25:49,Baru aja downloan masa 5menit disuruh update aplikasi apaan ini,0,2.0.1,10,63,2024-12,False,Negatif,0,baru saja downloan masa menit disuruh update aplikasi apaan,"['baru', 'saja', 'downloan', 'masa', 'menit', 'disuruh', 'update', 'aplikasi', 'apaan']"
Pengguna Google,1,2025-04-30 08:15:53,user dan sandi.. selalu aja dinyatakan salah.. padahal ketika buka lewat Coretax aman. tpi nggak bisa masuk di aplikasi Android.. parah.,13,2.0.4,21,136,2025-04,False,Negatif,0,user sandi selalu saja dinyatakan salah padahal ketika buka lewat coretax aman tapi tidak masuk aplikasi android parah,"['user', 'sandi', 'selalu', 'saja', 'dinyatakan', 'salah', 'padahal', 'ketika', 'buka', 'lewat', 'coretax', 'aman', 'tapi', 'tidak', 'masuk', 'aplikasi', 'android', 'parah']"
Pengguna Google,1,2024-03-16 05:11:51,Aplikasi sampah buang anggaran doang.. workflow nya gajelas banget,0,1.4.0,9,66,2024-03,False,Negatif,0,aplikasi sampah buang anggaran saja workflow gajelas sangat,"['aplikasi', 'sampah', 'buang', 'anggaran', 'saja', 'workflow', 'gajelas', 'sangat']"
Pengguna Google,1,2025-01-03 18:02:57,Web nya ngaco.. banyak bug tp dh buat pemakaian publik.. di coba dulu lah di berbagai browser minimal.. masukin kode verifikasi sama otp aj gk bs.. kadang malah gk bs buat ngirim kode verifikasi..,1,unknown,34,196,2025-01,False,Negatif,0,web ngaco banyak bug tapi dh pemakaian publik coba dulu berbagai browser minimal masukin kode verifikasi sama otp saja tidak kadang malah tidak ngirim kode verifikasi,"['web', 'ngaco', 'banyak', 'bug', 'tapi', 'dh', 'pemakaian', 'publik', 'coba', 'dulu', 'berbagai', 'browser', 'minimal', 'masukin', 'kode', 'verifikasi', 'sama', 'otp', 'saja', 'tidak', 'kadang', 'malah', 'tidak', 'ngirim', 'kode', 'verifikasi']"
Pengguna Google,5,2023-09-14 16:50:22,Bagus,1,1.2.3,1,5,2023-09,True,Positif,2,bagus,['bagus']
Pengguna Google,3,2023-06-07 20:13:18,Lumayan 👍,0,unknown,2,9,2023-06,False,Netral,1,lumayan,['lumayan']
Pengguna Google,3,2025-06-05 11:47:07,"Ganti coretax donk, ini M-Pajak masih memisahkan NIK dg NPWP",0,unknown,10,60,2025-06,False,Netral,1,ganti coretax donk pajak masih memisahkan nik npwp,"['ganti', 'coretax', 'donk', 'pajak', 'masih', 'memisahkan', 'nik', 'npwp']"
Pengguna Google,5,2025-03-05 17:52:38,Mantap👍,0,2.0.3,1,7,2025-03,False,Positif,2,mantap,['mantap']
Pengguna Google,3,2024-06-25 09:49:11,Mau login tapi ga bisa karena ga memiliki kode efin. Sudah daftar tapi ga bisa login samsek. Jadi buat lapor pajak ga bisa.,0,unknown,23,123,2024-06,False,Netral,1,mau login tapi tidak karena tidak memiliki kode efin daftar tapi tidak login samsek jadi lapor pajak tidak,"['mau', 'login', 'tapi', 'tidak', 'karena', 'tidak', 'memiliki', 'kode', 'efin', 'daftar', 'tapi', 'tidak', 'login', 'samsek', 'jadi', 'lapor', 'pajak', 'tidak']"
Pengguna Google,1,2022-02-18 21:52:09,Aplikasi ribet mau lapor SPT TAHUNAN MALAH SUSAH... Bangke,0,1.1.0,9,58,2022-02,False,Negatif,0,aplikasi ribet mau lapor spt tahunan malah susah bangke,"['aplikasi', 'ribet', 'mau', 'lapor', 'spt', 'tahunan', 'malah', 'susah', 'bangke']"
Pengguna Google,1,2025-10-04 18:20:20,"website susah diakses , aplikasi bapuk ,, gak guna kalian ...",1,2.0.6,11,61,2025-10,False,Negatif,0,website susah diakses aplikasi bapuk tidak guna kalian,"['website', 'susah', 'diakses', 'aplikasi', 'bapuk', 'tidak', 'guna', 'kalian']"
Pengguna Google,5,2025-05-28 10:32:36,sangat membantu 🙏 lanjutkan....!!!,0,unknown,4,34,2025-05,False,Positif,2,sangat membantu lanjutkan,"['sangat', 'membantu', 'lanjutkan']"
Pengguna Google,3,2022-06-20 10:53:59,Error 404 terus saat isi pencatatan umkm,2,1.1.0,7,40,2022-06,False,Netral,1,error terus saat isi pencatatan umkm,"['error', 'terus', 'saat', 'isi', 'pencatatan', 'umkm']"
Pengguna Google,5,2025-05-13 22:21:39,sangat baik,0,unknown,2,11,2025-05,True,Positif,2,sangat baik,"['sangat', 'baik']"
Pengguna Google,3,2025-02-13 13:22:35,kasih 3 dlu ya,0,unknown,4,14,2025-02,False,Netral,1,kasih dlu,"['kasih', 'dlu']"
Pengguna Google,2,2023-11-15 07:21:52,Saat mengisi npwp online karakter huruf email jd kapital semua.. jd gak bisa daftar.. bagaimana ini dirjen pajak padahal saya pingin jd warga yg taat,11,1.2.4,25,149,2023-11,False,Negatif,0,saat mengisi npwp online karakter huruf email jadi kapital semua jadi tidak daftar bagaimana dirjen pajak padahal pingin jadi warga taat,"['saat', 'mengisi', 'npwp', 'online', 'karakter', 'huruf', 'email', 'jadi', 'kapital', 'semua', 'jadi', 'tidak', 'daftar', 'bagaimana', 'dirjen', 'pajak', 'padahal', 'pingin', 'jadi', 'warga', 'taat']"
Pengguna Google,3,2023-03-22 09:07:47,Coba dulu,0,unknown,2,9,2023-03,True,Netral,1,coba dulu,"['coba', 'dulu']"
Pengguna Google,3,2022-05-10 21:56:48,Kenapa g bisa nambah catatan utk umkm,0,1.1.0,7,37,2022-05,False,Netral,1,kenapa tidak nambah catatan umkm,"['kenapa', 'tidak', 'nambah', 'catatan', 'umkm']"
Fakhrul Rijal,1,2025-01-01 11:57:20,aplikasi belum siap dipakai kok udah di letakkan di Play Store? berapa tagihan pajakku? harusnya sudah terlihat jumlah tagihannya pada aplikasi.,1,2.0.1,21,144,2025-01,False,Negatif,0,aplikasi belum siap dipakai kok letakkan play store berapa tagihan pajakku harusnya terlihat jumlah tagihannya aplikasi,"['aplikasi', 'belum', 'siap', 'dipakai', 'kok', 'letakkan', 'play', 'store', 'berapa', 'tagihan', 'pajakku', 'harusnya', 'terlihat', 'jumlah', 'tagihannya', 'aplikasi']"
Pengguna Google,3,2025-02-02 21:54:46,Buat daftar NPWP aja susah minta ampun,0,2.0.3,7,38,2025-02,False,Netral,1,daftar npwp saja susah minta ampun,"['daftar', 'npwp', 'saja', 'susah', 'minta', 'ampun']"
Pengguna Google,3,2023-04-05 12:10:13,"Ayolah dibikin biar gak logout mulu, setiap bulan mo bayar mesti login dulu",0,1.2.0,13,75,2023-04,False,Netral,1,ayolah dibikin biar tidak logout mulu setiap bulan mau bayar mesti login dulu,"['ayolah', 'dibikin', 'biar', 'tidak', 'logout', 'mulu', 'setiap', 'bulan', 'mau', 'bayar', 'mesti', 'login', 'dulu']"
Pengguna Google,5,2024-06-27 06:41:26,Bagus 👍👍👍👍tp kadang error mohon tingkat lagi,0,1.4.0,7,44,2024-06,False,Positif,2,bagus tapi kadang error mohon tingkat lagi,"['bagus', 'tapi', 'kadang', 'error', 'mohon', 'tingkat', 'lagi']"
Pengguna Google,5,2022-04-13 00:09:01,👍,0,1.0,1,1,2022-04,True,Positif,2,,[]
Pengguna Google,5,2024-03-03 12:04:09,Okhay,0,1.3.0,1,5,2024-03,False,Positif,2,okhay,['okhay']
Ecep Cahyudin,5,2023-03-20 09:27:08,Aplikasinya sangat membantu. Lapor pajak bisa dilakukan menggunakan hp sambil rebahan. Terima kasih.,1,1.1.0,13,100,2023-03,False,Positif,2,aplikasinya sangat membantu lapor pajak dilakukan menggunakan handphone sambil rebahan terima kasih,"['aplikasinya', 'sangat', 'membantu', 'lapor', 'pajak', 'dilakukan', 'menggunakan', 'handphone', 'sambil', 'rebahan', 'terima', 'kasih']"
Pengguna Google,5,2023-03-21 10:27:31,Sangat mempermudah mengakses PPH,0,1.1.0,4,32,2023-03,False,Positif,2,sangat mempermudah mengakses pph,"['sangat', 'mempermudah', 'mengakses', 'pph']"
Pengguna Google,5,2026-04-07 23:50:56,sangat mendukung,0,3.0.6,2,16,2026-04,False,Positif,2,sangat mendukung,"['sangat', 'mendukung']"
Pengguna Google,5,2024-12-17 07:59:04,"Hati hati dengan penipuan dengan mengatasnamakan pengembalian pajak, karena ada aplikasi m pajak yang bisa hack device , hati hati",0,unknown,20,130,2024-12,False,Positif,2,hati hati penipuan mengatasnamakan pengembalian pajak karena aplikasi pajak hack device hati hati,"['hati', 'hati', 'penipuan', 'mengatasnamakan', 'pengembalian', 'pajak', 'karena', 'aplikasi', 'pajak', 'hack', 'device', 'hati', 'hati']"
Pengguna Google,1,2025-10-24 21:04:04,ini pasti apkikasinya tender gede tp yg ngerjain org magang,0,2.0.6,10,59,2025-10,False,Negatif,0,pasti apkikasinya tender gede tapi ngerjain orang magang,"['pasti', 'apkikasinya', 'tender', 'gede', 'tapi', 'ngerjain', 'orang', 'magang']"
Pengguna Google,5,2022-12-31 14:02:40,Siiip de....,0,unknown,2,12,2022-12,False,Positif,2,siiip de,"['siiip', 'de']"
Dave Chen,3,2026-04-13 16:21:06,tidak bisa di update dan di buka,0,2.0.6,7,32,2026-04,False,Netral,1,tidak update buka,"['tidak', 'update', 'buka']"
Pengguna Google,3,2022-04-07 09:27:52,Aplikasinya lagi gangguan apa gmn ya kok saya login mau masuk profil trus keluar aplikasi sendiri,0,1.1.0,16,97,2022-04,False,Netral,1,aplikasinya lagi gangguan apa bagaimana kok login mau masuk profil terus keluar aplikasi sendiri,"['aplikasinya', 'lagi', 'gangguan', 'apa', 'bagaimana', 'kok', 'login', 'mau', 'masuk', 'profil', 'terus', 'keluar', 'aplikasi', 'sendiri']"
Pengguna Google,3,2023-03-28 12:21:59,"Saya lupa EFIN, mau dapatkan EFIN kembali, selalu verifikasi gagal",0,1.2.0,10,66,2023-03,False,Netral,1,lupa efin mau dapatkan efin kembali selalu verifikasi gagal,"['lupa', 'efin', 'mau', 'dapatkan', 'efin', 'kembali', 'selalu', 'verifikasi', 'gagal']"
Pengguna Google,1,2025-12-31 13:06:15,susah banget dan jawabannya eror trus. hrus minta tolong sma siapa lagih. ku kira aplikasi ini bisa membantu ehh taunya gak SMA se x,0,unknown,24,132,2025-12,False,Negatif,0,susah sangat jawabannya eror terus harus minta tolong sama siapa lagih ku kira aplikasi membantu ehh taunya tidak sama,"['susah', 'sangat', 'jawabannya', 'eror', 'terus', 'harus', 'minta', 'tolong', 'sama', 'siapa', 'lagih', 'ku', 'kira', 'aplikasi', 'membantu', 'ehh', 'taunya', 'tidak', 'sama']"
Pengguna Google,5,2025-08-14 13:35:23,m Pajak no Ribet,0,unknown,4,16,2025-08,False,Positif,2,pajak nomor ribet,"['pajak', 'nomor', 'ribet']"
Pengguna Google,3,2024-02-25 20:42:46,Untuk pelaporan pajak nya tidak tersedia. Untuk segera di benahi,0,1.3.0,10,64,2024-02,False,Netral,1,pelaporan pajak tidak tersedia segera benahi,"['pelaporan', 'pajak', 'tidak', 'tersedia', 'segera', 'benahi']"
Pengguna Google,3,2023-11-19 12:50:03,Mau lupa efin keluar Mulu pas dana udah lengkap keluar,0,1.2.4,10,54,2023-11,False,Netral,1,mau lupa efin keluar mulu pas dana lengkap keluar,"['mau', 'lupa', 'efin', 'keluar', 'mulu', 'pas', 'dana', 'lengkap', 'keluar']"
Pengguna Google,3,2024-03-18 11:37:17,"Error, loading minta di update terus padahal sudah terupdate..mohon diperbaiki",0,1.4.0,10,78,2024-03,False,Netral,1,error loading minta update terus padahal terupdate mohon diperbaiki,"['error', 'loading', 'minta', 'update', 'terus', 'padahal', 'terupdate', 'mohon', 'diperbaiki']"
Pengguna Google,5,2023-07-11 05:21:56,padahal mudah digunakan login lancar dari sekian komen hanya mencela...benar sih kata org2 SDM kita masih rendah,0,1.2.3,17,112,2023-07,False,Positif,2,padahal mudah digunakan login lancar sekian komen hanya mencela benar kata orang sdm masih rendah,"['padahal', 'mudah', 'digunakan', 'login', 'lancar', 'sekian', 'komen', 'hanya', 'mencela', 'benar', 'kata', 'orang', 'sdm', 'masih', 'rendah']"
Pengguna Google,5,2024-01-08 14:21:23,Ok,0,unknown,1,2,2024-01,True,Positif,2,ok,['ok']
Pengguna Google,1,2026-04-01 02:11:40,pemerintah kalo bikin aplikasi ga jelas semua suka di persulit,0,3.0.6,10,62,2026-04,False,Negatif,0,pemerintah kalo bikin aplikasi tidak jelas semua suka persulit,"['pemerintah', 'kalo', 'bikin', 'aplikasi', 'tidak', 'jelas', 'semua', 'suka', 'persulit']"
Pengguna Google,1,2025-03-25 15:48:56,buruk,0,2.0.4,1,5,2025-03,True,Negatif,0,buruk,['buruk']
Pengguna Google,5,2025-08-15 08:06:56,Good,0,2.0.4,1,4,2025-08,True,Positif,2,good,['good']
Pengguna Google,5,2023-09-12 06:18:46,Alhamdulillah,1,1.1.0,1,13,2023-09,True,Positif,2,alhamdulillah,['alhamdulillah']
Pengguna Google,1,2024-03-28 15:37:22,ribettttt,0,1.4.0,1,9,2024-03,False,Negatif,0,ribettttt,['ribettttt']
Pengguna Google,3,2026-02-02 14:21:27,pa sy tinggal kompirmasii tanda tangan doang masih gagal terus padahal NIK SY uda di registrasi tapi tiap kompirmasi tanda tangan selalu muncul registrasi nik tolong perbaiki datA sy pa trima kasi,0,unknown,32,196,2026-02,False,Netral,1,pa sy tinggal kompirmasii tanda tangan saja masih gagal terus padahal nik sy registrasi tapi tiap kompirmasi tanda tangan selalu muncul registrasi nik tolong perbaiki data sy pa trima kasi,"['pa', 'sy', 'tinggal', 'kompirmasii', 'tanda', 'tangan', 'saja', 'masih', 'gagal', 'terus', 'padahal', 'nik', 'sy', 'registrasi', 'tapi', 'tiap', 'kompirmasi', 'tanda', 'tangan', 'selalu', 'muncul', 'registrasi', 'nik', 'tolong', 'perbaiki', 'data', 'sy', 'pa', 'trima', 'kasi']"
S. A. Kong,3,2023-03-10 13:19:38,"Masukan: - (01) tambahan security & privacy, dgn cara setiap kali buka app, harus login dgn biometrik. Optional, bisa dinonaktifkan, terserah pengguna. Byk aplikasi perbankan yg sudah seperti ini. - (02) fitur history atau data spt tahunan tahun sebelumnya yg pernah dilaporkan, bisa dilihat kembali oleh pengguna. Jadi supaya lebih komplit app nya, jgn setengah2, hanya data profil, fungsi bayar, map, dan berita saja isi aplikasinya. - Jd pengguna hanya ke website bila darurat saja (app down).",0,1.1.0,77,496,2023-03,False,Netral,1,masukan tambahan security privacy cara setiap kali buka aplikasi harus login biometrik optional dinonaktifkan terserah pengguna banyak aplikasi perbankan seperti fitur history data spt tahunan tahun sebelumnya pernah dilaporkan dilihat kembali oleh pengguna jadi supaya komplit aplikasi jgn setengah hanya data profil fungsi bayar map berita saja isi aplikasinya jadi pengguna hanya website bila darurat saja aplikasi down,"['masukan', 'tambahan', 'security', 'privacy', 'cara', 'setiap', 'kali', 'buka', 'aplikasi', 'harus', 'login', 'biometrik', 'optional', 'dinonaktifkan', 'terserah', 'pengguna', 'banyak', 'aplikasi', 'perbankan', 'seperti', 'fitur', 'history', 'data', 'spt', 'tahunan', 'tahun', 'sebelumnya', 'pernah', 'dilaporkan', 'dilihat', 'kembali', 'oleh', 'pengguna', 'jadi', 'supaya', 'komplit', 'aplikasi', 'jgn', 'setengah', 'hanya', 'data', 'profil', 'fungsi', 'bayar', 'map', 'berita', 'saja', 'isi', 'aplikasinya', 'jadi', 'pengguna', 'hanya', 'website', 'bila', 'darurat', 'saja', 'aplikasi', 'down']"
Abdilah_ Alwainy,1,2026-03-11 18:45:43,what a waste of time,0,3.0.6,5,20,2026-03,False,Negatif,0,what waste of time,"['what', 'waste', 'of', 'time']"
Gerdamion Setiadi,1,2025-03-04 10:45:02,"Disuruh buru² lapor pajak mepet disalahin usernya padahal servernya yg busuk banget, coretax apalagi lebih busuk diantara yang sangat busuk ( malah usernya suruh belajar coding )",0,2.0.3,27,178,2025-03,False,Negatif,0,disuruh buru lapor pajak mepet disalahin usernya padahal servernya busuk sangat coretax apalagi busuk diantara sangat busuk malah usernya suruh belajar coding,"['disuruh', 'buru', 'lapor', 'pajak', 'mepet', 'disalahin', 'usernya', 'padahal', 'servernya', 'busuk', 'sangat', 'coretax', 'apalagi', 'busuk', 'diantara', 'sangat', 'busuk', 'malah', 'usernya', 'suruh', 'belajar', 'coding']"
Pengguna Google,3,2022-03-10 07:58:39,bagaimana cara untuk pelaporan bukti potongan pajak pph21 di aplikasi?,0,1.1.0,10,70,2022-03,False,Netral,1,bagaimana cara pelaporan bukti potongan pajak pph aplikasi,"['bagaimana', 'cara', 'pelaporan', 'bukti', 'potongan', 'pajak', 'pph', 'aplikasi']"
Pengguna Google,5,2025-10-04 21:55:36,mantap,0,unknown,1,6,2025-10,True,Positif,2,mantap,['mantap']
Pengguna Google,5,2024-02-10 00:37:32,Sangat bmembantu,0,unknown,2,16,2024-02,False,Positif,2,sangat bmembantu,"['sangat', 'bmembantu']"
Pengguna Google,1,2025-03-10 12:03:59,"Ini pemerintah serius nggak sih bikin aplikasi, kita mau taat bayar pajak aja dipersulit.",0,2.0.3,14,89,2025-03,False,Negatif,0,pemerintah serius tidak bikin aplikasi mau taat bayar pajak saja dipersulit,"['pemerintah', 'serius', 'tidak', 'bikin', 'aplikasi', 'mau', 'taat', 'bayar', 'pajak', 'saja', 'dipersulit']"
Pengguna Google,1,2025-01-07 17:54:42,Mempersulit,0,unknown,1,11,2025-01,False,Negatif,0,mempersulit,['mempersulit']
Pengguna Google,1,2025-01-29 09:11:35,"Apa apaan ini aplikasinya udah lengkap semua data yg diminta, malah dipersulit, padahal bener2 lupa efin Niat buat aplikasi ga sih, kalo emng ganiat buat aplikasi sekalian aja nyuruh masyarakat datengin langsung kantor pajak yg terdekat buat npwp,dihapus aja apk nya ga guna juga Jaman canggih TPI apk bobrok!",16,2.0.3,49,309,2025-01,False,Negatif,0,apa apaan aplikasinya lengkap semua data diminta malah dipersulit padahal bener lupa efin niat aplikasi tidak kalo emng ganiat aplikasi sekalian saja nyuruh masyarakat datengin langsung kantor pajak terdekat npwp dihapus saja aplikasi tidak guna jaman canggih tapi aplikasi bobrok,"['apa', 'apaan', 'aplikasinya', 'lengkap', 'semua', 'data', 'diminta', 'malah', 'dipersulit', 'padahal', 'bener', 'lupa', 'efin', 'niat', 'aplikasi', 'tidak', 'kalo', 'emng', 'ganiat', 'aplikasi', 'sekalian', 'saja', 'nyuruh', 'masyarakat', 'datengin', 'langsung', 'kantor', 'pajak', 'terdekat', 'npwp', 'dihapus', 'saja', 'aplikasi', 'tidak', 'guna', 'jaman', 'canggih', 'tapi', 'aplikasi', 'bobrok']"
Pengguna Google,3,2025-08-10 11:37:01,Sistem selalu error tiap pengajuan lupa EFIN,0,2.0.4,7,44,2025-08,False,Netral,1,sistem selalu error tiap pengajuan lupa efin,"['sistem', 'selalu', 'error', 'tiap', 'pengajuan', 'lupa', 'efin']"
Pengguna Google,5,2023-05-02 21:25:28,"Min mau tanya cara tahu nomor efin gmn,? klupaan",0,1.2.2,9,48,2023-05,False,Positif,2,min mau tanya cara tahu nomor efin bagaimana klupaan,"['min', 'mau', 'tanya', 'cara', 'tahu', 'nomor', 'efin', 'bagaimana', 'klupaan']"
Pengguna Google,3,2025-02-09 19:18:24,"Minta tolong berbagi informasi, ada yang cht mengatas namakan dpj bahwa saya mendapatkan bantuan UMKM, contoh cht WA ""Dengan hormat, Kami ingin menginformasikan bahwa Anda terdaftar sebagai penerima Bantuan Langsung Tunai (BLT) UMKM dari Kementerian Koperasi Dan Direktorat Jenderal Pajak. Setelah informasi data diri lanjut dengan cht WA Kementerian Koperasi dan UKM memberikan BLT UMKM dengan dana berjumlah Rp. 7.200.000 yang sasarannya para pengusaha mikro yang akan direalisasikan di bulan 2",0,2.0.3,71,496,2025-02,False,Netral,1,minta tolong berbagi informasi cht mengatas namakan dpj bahwa mendapatkan bantuan umkm contoh cht wa hormat ingin menginformasikan bahwa anda terdaftar sebagai penerima bantuan langsung tunai blt umkm kementerian koperasi direktorat jenderal pajak setelah informasi data diri lanjut cht wa kementerian koperasi ukm memberikan blt umkm dana berjumlah rp sasarannya para pengusaha mikro direalisasikan bulan,"['minta', 'tolong', 'berbagi', 'informasi', 'cht', 'mengatas', 'namakan', 'dpj', 'bahwa', 'mendapatkan', 'bantuan', 'umkm', 'contoh', 'cht', 'wa', 'hormat', 'ingin', 'menginformasikan', 'bahwa', 'anda', 'terdaftar', 'sebagai', 'penerima', 'bantuan', 'langsung', 'tunai', 'blt', 'umkm', 'kementerian', 'koperasi', 'direktorat', 'jenderal', 'pajak', 'setelah', 'informasi', 'data', 'diri', 'lanjut', 'cht', 'wa', 'kementerian', 'koperasi', 'ukm', 'memberikan', 'blt', 'umkm', 'dana', 'berjumlah', 'rp', 'sasarannya', 'para', 'pengusaha', 'mikro', 'direalisasikan', 'bulan']"
Pengguna Google,4,2025-02-07 10:32:02,saya berikan 4 🔯 dulu karena baru awal saya pakai aplikasi ini,0,unknown,12,62,2025-02,False,Positif,2,berikan dulu karena baru awal pakai aplikasi,"['berikan', 'dulu', 'karena', 'baru', 'awal', 'pakai', 'aplikasi']"
Pengguna Google,5,2024-02-23 07:44:57,Bagus aplikasinya memudahkan WP memantau Status dan pelaporan yg sudah/belum. Maaf masih belajar perlu tutor nih,0,1.3.0,16,112,2024-02,False,Positif,2,bagus aplikasinya memudahkan wp memantau status pelaporan belum maaf masih belajar perlu tutor,"['bagus', 'aplikasinya', 'memudahkan', 'wp', 'memantau', 'status', 'pelaporan', 'belum', 'maaf', 'masih', 'belajar', 'perlu', 'tutor']"
Pengguna Google,3,2022-02-15 09:06:39,"Untuk lapor pajak apakah aplikasi ini juga? Karena biasa djp online, kenapa ada perubahan ya?",0,1.1.0,15,93,2022-02,False,Netral,1,lapor pajak apakah aplikasi karena biasa djp online kenapa perubahan,"['lapor', 'pajak', 'apakah', 'aplikasi', 'karena', 'biasa', 'djp', 'online', 'kenapa', 'perubahan']"
Pengguna Google,5,2024-03-09 13:38:56,Baik,0,1.3.0,1,4,2024-03,True,Positif,2,baik,['baik']
Pengguna Google,3,2022-10-30 10:23:45,"Saya ke bank BCA, dia minta NPWP saya ke bank Mandiri dia juga minta NPWP jadi saya tanya apa itu NPWP? Mereka jawab NPWP yg wajib membayar pajak Pk kalau bpk tidak memiliki NPWP bapak harus kekantor pajak. Oke saya ke kantor pajak sekali di kantor pajak pratama mereka malah bingung, bapak mau bajar pajak apa? Saya jawab saya juga tidak tau, sedangkan saya tidak punya rumah dan tanah pk, kendaraan saya juga tidak punya, jadi apa yg harus saya bayar pk yaa? Trimaksi",0,1.1.0,84,469,2022-10,False,Netral,1,bank bca minta npwp bank mandiri minta npwp jadi tanya apa npwp jawab npwp wajib membayar pajak pakai bpk tidak memiliki npwp bapak harus kekantor pajak oke kantor pajak sekali kantor pajak pratama malah bingung bapak mau bajar pajak apa jawab tidak tahu sedangkan tidak punya rumah tanah pakai kendaraan tidak punya jadi apa harus bayar pakai trimaksi,"['bank', 'bca', 'minta', 'npwp', 'bank', 'mandiri', 'minta', 'npwp', 'jadi', 'tanya', 'apa', 'npwp', 'jawab', 'npwp', 'wajib', 'membayar', 'pajak', 'pakai', 'bpk', 'tidak', 'memiliki', 'npwp', 'bapak', 'harus', 'kekantor', 'pajak', 'oke', 'kantor', 'pajak', 'sekali', 'kantor', 'pajak', 'pratama', 'malah', 'bingung', 'bapak', 'mau', 'bajar', 'pajak', 'apa', 'jawab', 'tidak', 'tahu', 'sedangkan', 'tidak', 'punya', 'rumah', 'tanah', 'pakai', 'kendaraan', 'tidak', 'punya', 'jadi', 'apa', 'harus', 'bayar', 'pakai', 'trimaksi']"
Pengguna Google,1,2025-07-24 16:54:50,"banyak waktu terbuang untuk ngurus npwp online ini. apk dan web susah diakses, loading lemot, n registarasi gagal terus 🥲",0,unknown,20,121,2025-07,False,Negatif,0,banyak waktu terbuang ngurus npwp online aplikasi web susah diakses loading lemot registarasi gagal terus,"['banyak', 'waktu', 'terbuang', 'ngurus', 'npwp', 'online', 'aplikasi', 'web', 'susah', 'diakses', 'loading', 'lemot', 'registarasi', 'gagal', 'terus']"
Pengguna Google,1,2026-03-25 17:16:27,ini gimana sih bikin aplikasi tolol banget login aja gak bisa mau bayar lapor tapi di persulit kok bisa sih kalian punya aplikasi sesampah ini.... masih bagusan flappy bird,0,3.0.6,29,172,2026-03,False,Negatif,0,bagaimana bikin aplikasi tolol sangat login saja tidak mau bayar lapor tapi persulit kok kalian punya aplikasi sesampah masih bagusan flappy bird,"['bagaimana', 'bikin', 'aplikasi', 'tolol', 'sangat', 'login', 'saja', 'tidak', 'mau', 'bayar', 'lapor', 'tapi', 'persulit', 'kok', 'kalian', 'punya', 'aplikasi', 'sesampah', 'masih', 'bagusan', 'flappy', 'bird']"
Pengguna Google,3,2025-03-18 09:04:29,Verify nomer hp NPWP gak di kirim,0,unknown,7,33,2025-03,False,Netral,1,verify nomer handphone npwp tidak kirim,"['verify', 'nomer', 'handphone', 'npwp', 'tidak', 'kirim']"
Pengguna Google,1,2024-11-07 20:59:18,"Aplikasi gajelas, sangat tidak membantu pengguna",0,1.4.0,6,48,2024-11,False,Negatif,0,aplikasi gajelas sangat tidak membantu pengguna,"['aplikasi', 'gajelas', 'sangat', 'tidak', 'membantu', 'pengguna']"
Pengguna Google,3,2023-03-11 16:57:25,Lumayan membantu,0,1.1.0,2,16,2023-03,False,Netral,1,lumayan membantu,"['lumayan', 'membantu']"
Pengguna Google,3,2022-04-20 09:46:47,"Sy menyimpan catatan penghasilan di aplikasi ini, tapi kemarin sy buka kok catatannya hilang semua, sy cek yg bulan sebelumnya juga hilang semua.",1,unknown,23,145,2022-04,False,Netral,1,sy menyimpan catatan penghasilan aplikasi tapi kemarin sy buka kok catatannya hilang semua sy cek bulan sebelumnya hilang semua,"['sy', 'menyimpan', 'catatan', 'penghasilan', 'aplikasi', 'tapi', 'kemarin', 'sy', 'buka', 'kok', 'catatannya', 'hilang', 'semua', 'sy', 'cek', 'bulan', 'sebelumnya', 'hilang', 'semua']"
Pengguna Google,1,2025-04-04 12:27:37,gak bisa log in,0,2.0.4,4,15,2025-04,False,Negatif,0,tidak log in,"['tidak', 'log', 'in']"
Pengguna Google,2,2023-11-16 08:01:19,Eror wae,0,unknown,2,8,2023-11,False,Negatif,0,eror wae,"['eror', 'wae']"
Pengguna Google,1,2025-03-01 15:05:18,Aplikasinya lelet tidak bisa digunakan,1,2.0.3,5,38,2025-03,False,Negatif,0,aplikasinya lelet tidak digunakan,"['aplikasinya', 'lelet', 'tidak', 'digunakan']"
Pengguna Google,1,2026-02-07 19:29:04,"ini aplikasi update trus,tp giliran masuk psti error",0,3.0.2,8,52,2026-02,False,Negatif,0,aplikasi update terus tapi giliran masuk psti error,"['aplikasi', 'update', 'terus', 'tapi', 'giliran', 'masuk', 'psti', 'error']"
Pengguna Google,3,2024-03-24 23:33:02,Aplikasinya belom kompatibel buat tablet kah 😠,1,1.4.0,7,46,2024-03,False,Netral,1,aplikasinya belom kompatibel tablet kah,"['aplikasinya', 'belom', 'kompatibel', 'tablet', 'kah']"
Pengguna Google,5,2023-05-23 17:56:13,Bagus,0,1.2.3,1,5,2023-05,True,Positif,2,bagus,['bagus']
Pengguna Google,1,2024-05-18 20:09:21,"Aplkasi b2 minta otp gak muncul, bantuan nye sengaja di erorin",0,1.4.0,11,62,2024-05,False,Negatif,0,aplkasi minta otp tidak muncul bantuan nye sengaja erorin,"['aplkasi', 'minta', 'otp', 'tidak', 'muncul', 'bantuan', 'nye', 'sengaja', 'erorin']"
Pengguna Google,5,2026-03-30 20:29:22,bagus,0,3.0.6,1,5,2026-03,True,Positif,2,bagus,['bagus']
Pengguna Google,1,2025-03-04 09:30:11,Lama banget kirim OTP nya,0,2.0.3,5,25,2025-03,False,Negatif,0,lama sangat kirim otp,"['lama', 'sangat', 'kirim', 'otp']"
Pengguna Google,5,2025-07-22 13:31:46,pertama kali saya masuk aplikasi maxim tidak ribet🙏👍,1,2.0.4,8,52,2025-07,False,Positif,2,pertama kali masuk aplikasi maxim tidak ribet,"['pertama', 'kali', 'masuk', 'aplikasi', 'maxim', 'tidak', 'ribet']"
Pengguna Google,5,2025-07-27 02:15:33,dengan aplikasi m.pajak sangat membantu wajib pajak,0,2.0.4,7,51,2025-07,False,Positif,2,aplikasi pajak sangat membantu wajib pajak,"['aplikasi', 'pajak', 'sangat', 'membantu', 'wajib', 'pajak']"
Pengguna Google,5,2022-03-16 15:44:56,👍👍👍👍👍,0,unknown,1,5,2022-03,True,Positif,2,,[]
Pengguna Google,3,2023-07-28 16:51:39,"Ampuuuuuun dah, web dan apk sama aja email riset pin. sampai ulasan ini aku buat udah 10 x permohonan riset pin namun email riset pin gak kunjung di kirim. Kerja bagus untuk petugas dan system djb,.salut saya😘😘😘😘😘🤩🤩🤩🤩🤭🤭🤭🫢🫢",0,1.2.3,37,222,2023-07,False,Netral,1,ampuuuuuun dah web aplikasi sama saja email riset pin sampai ulasan permohonan riset pin namun email riset pin tidak kunjung kirim kerja bagus petugas system djb salut,"['ampuuuuuun', 'dah', 'web', 'aplikasi', 'sama', 'saja', 'email', 'riset', 'pin', 'sampai', 'ulasan', 'permohonan', 'riset', 'pin', 'namun', 'email', 'riset', 'pin', 'tidak', 'kunjung', 'kirim', 'kerja', 'bagus', 'petugas', 'system', 'djb', 'salut']"
Pengguna Google,3,2025-01-07 09:29:39,Saya mu bikin NPWP susah g d respon,0,unknown,8,35,2025-01,False,Netral,1,mu bikin npwp susah tidak respon,"['mu', 'bikin', 'npwp', 'susah', 'tidak', 'respon']"
Pengguna Google,3,2024-02-27 08:42:19,coba dulu,0,1.3.0,2,9,2024-02,False,Netral,1,coba dulu,"['coba', 'dulu']"
Pengguna Google,5,2021-06-05 16:18:41,GOOD,0,1.0,1,4,2021-06,True,Positif,2,good,['good']
Pengguna Google,1,2023-03-27 08:29:50,"masih heran sama aplikasi yg dibuat pemerintah, padalan anggaran besar, buat aplikasi saja masih kalah jauh sama aplikasi swasta 1. verifikasi gagal, tapi gak ada notice penulisan yg salah yg mana 2. pemberitahuan dikirim lewat email, tpi gak dikirim2 sampai coba nulis ulang tetep sama 3. live chatnya di web juga gitu, udah nunggu luamaaaaaaa gak ada respon",37,1.2.0,58,359,2023-03,False,Negatif,0,masih heran sama aplikasi dibuat pemerintah padalan anggaran besar aplikasi saja masih kalah jauh sama aplikasi swasta verifikasi gagal tapi tidak notice penulisan salah mana pemberitahuan dikirim lewat email tapi tidak dikirim sampai coba nulis ulang tetep sama live chatnya web begitu nunggu luamaaaaaaa tidak respon,"['masih', 'heran', 'sama', 'aplikasi', 'dibuat', 'pemerintah', 'padalan', 'anggaran', 'besar', 'aplikasi', 'saja', 'masih', 'kalah', 'jauh', 'sama', 'aplikasi', 'swasta', 'verifikasi', 'gagal', 'tapi', 'tidak', 'notice', 'penulisan', 'salah', 'mana', 'pemberitahuan', 'dikirim', 'lewat', 'email', 'tapi', 'tidak', 'dikirim', 'sampai', 'coba', 'nulis', 'ulang', 'tetep', 'sama', 'live', 'chatnya', 'web', 'begitu', 'nunggu', 'luamaaaaaaa', 'tidak', 'respon']"
Pengguna Google,1,2024-01-16 13:59:56,"Saya baru mau daftar, pas udh tahap 2 trs tiba2 keluar sendiri, pas coba login lagi gak bisa karena userid dan ps salah, padahal udh bener, trs coba bikin lagi pake email yang sama gak bisa karena udah digunakan, gmna solusi nya? Saya mau ttp pakai email sebelumnya",162,1.2.5,48,265,2024-01,False,Negatif,0,baru mau daftar pas tahap terus tiba keluar sendiri pas coba login lagi tidak karena userid ps salah padahal bener terus coba bikin lagi pakai email sama tidak karena digunakan bagaimana solusi mau ttp pakai email sebelumnya,"['baru', 'mau', 'daftar', 'pas', 'tahap', 'terus', 'tiba', 'keluar', 'sendiri', 'pas', 'coba', 'login', 'lagi', 'tidak', 'karena', 'userid', 'ps', 'salah', 'padahal', 'bener', 'terus', 'coba', 'bikin', 'lagi', 'pakai', 'email', 'sama', 'tidak', 'karena', 'digunakan', 'bagaimana', 'solusi', 'mau', 'ttp', 'pakai', 'email', 'sebelumnya']"
Pengguna Google,5,2025-04-18 07:03:11,ok,0,2.0.1,1,2,2025-04,True,Positif,2,ok,['ok']
Pengguna Google,3,2022-11-23 22:38:40,Kenapa profil saya error,0,unknown,4,24,2022-11,False,Netral,1,kenapa profil error,"['kenapa', 'profil', 'error']"
Pengguna Google,1,2023-12-27 14:30:32,Gimana mau taat dan patuh. Ini mau daftar susah bener. Klau bukan karena pekerjaan. Saya tidak mau repot-repot seperti ini,0,1.2.4,20,122,2023-12,False,Negatif,0,bagaimana mau taat patuh mau daftar susah bener klau bukan karena pekerjaan tidak mau repot repot seperti,"['bagaimana', 'mau', 'taat', 'patuh', 'mau', 'daftar', 'susah', 'bener', 'klau', 'bukan', 'karena', 'pekerjaan', 'tidak', 'mau', 'repot', 'repot', 'seperti']"
Pengguna Google,5,2021-06-10 20:08:27,"Lumayan canggih aplikasinya, cuma belum bisa bayar sekalian di aplikasi! Terbantu karena sekarang tidak menggunakan aplikasi chrome!",7,1.0,17,132,2021-06,False,Positif,2,lumayan canggih aplikasinya cuma belum bayar sekalian aplikasi terbantu karena sekarang tidak menggunakan aplikasi chrome,"['lumayan', 'canggih', 'aplikasinya', 'cuma', 'belum', 'bayar', 'sekalian', 'aplikasi', 'terbantu', 'karena', 'sekarang', 'tidak', 'menggunakan', 'aplikasi', 'chrome']"
Pengguna Google,1,2025-06-20 11:42:57,"kau, Orang buat pajak aja kau persulit ya",0,unknown,8,41,2025-06,False,Negatif,0,kau orang pajak saja kau persulit,"['kau', 'orang', 'pajak', 'saja', 'kau', 'persulit']"
Pengguna Google,3,2023-11-23 00:58:13,"Sebaiknya baiknya alat adalah yang di buat dengan penuh kebaikan "" jika tidak ada kemudahan di dalam nya seperti membalikkan telapak tangan "" dari atas ke bawah "" untuk apa di luncurkan "" perbaikilah semua fungsi nya Agar hidup penuh kebahagiaan "" jangan di sembunyikan kebenaran jika sudah mengetahui Karena Allah hanya menyukai kebenaran tertinggi diseluruh alam semesta ini.",1,1.2.4,59,377,2023-11,False,Netral,1,sebaiknya baiknya alat penuh kebaikan jika tidak kemudahan dalam seperti membalikkan telapak tangan atas bawah apa luncurkan perbaikilah semua fungsi agar hidup penuh kebahagiaan jangan sembunyikan kebenaran jika mengetahui karena allah hanya menyukai kebenaran tertinggi diseluruh alam semesta,"['sebaiknya', 'baiknya', 'alat', 'penuh', 'kebaikan', 'jika', 'tidak', 'kemudahan', 'dalam', 'seperti', 'membalikkan', 'telapak', 'tangan', 'atas', 'bawah', 'apa', 'luncurkan', 'perbaikilah', 'semua', 'fungsi', 'agar', 'hidup', 'penuh', 'kebahagiaan', 'jangan', 'sembunyikan', 'kebenaran', 'jika', 'mengetahui', 'karena', 'allah', 'hanya', 'menyukai', 'kebenaran', 'tertinggi', 'diseluruh', 'alam', 'semesta']"
Pengguna Google,1,2024-02-28 12:34:56,halo m-pajak ada terdapat bug di aplikasinya ketika lupa efin dari sistem sudah muncul pop up berhasil dan kirim email tapi saya cek emailnya belum ada email yg masuk harap segera di perbaiki,9,1.3.0,33,191,2024-02,False,Negatif,0,halo pajak terdapat bug aplikasinya ketika lupa efin sistem muncul pop up berhasil kirim email tapi cek emailnya belum email masuk harap segera perbaiki,"['halo', 'pajak', 'terdapat', 'bug', 'aplikasinya', 'ketika', 'lupa', 'efin', 'sistem', 'muncul', 'pop', 'up', 'berhasil', 'kirim', 'email', 'tapi', 'cek', 'emailnya', 'belum', 'email', 'masuk', 'harap', 'segera', 'perbaiki']"
Pengguna Google,5,2022-11-24 15:44:43,Mantap,0,1.1.0,1,6,2022-11,True,Positif,2,mantap,['mantap']
Pengguna Google,1,2025-01-12 17:32:21,HAMA HAMA HAMAAAAAAAAAA,0,unknown,3,23,2025-01,False,Negatif,0,hama hama hamaaaaaaaaaa,"['hama', 'hama', 'hamaaaaaaaaaa']"
Pengguna Google,3,2025-04-10 17:41:27,Ya Allah tolong donk.. kita juga ingin bayar pajak.. tapi error terus.baik dari aplikasi ini maupun website..,0,2.0.4,17,109,2025-04,False,Netral,1,allah tolong donk ingin bayar pajak tapi error terus baik aplikasi maupun website,"['allah', 'tolong', 'donk', 'ingin', 'bayar', 'pajak', 'tapi', 'error', 'terus', 'baik', 'aplikasi', 'maupun', 'website']"
Pengguna Google,3,2024-01-27 15:56:19,Di aplikasi ini di tidak bisa login pake NIK sedang di website bisa pake nik. Perlu di tingkat kan lagi kalo sudah bisa login pake nik saya ganti bintang 7,0,unknown,30,155,2024-01,False,Netral,1,aplikasi tidak login pakai nik sedang website pakai nik perlu tingkat kan lagi kalo login pakai nik ganti bintang,"['aplikasi', 'tidak', 'login', 'pakai', 'nik', 'sedang', 'website', 'pakai', 'nik', 'perlu', 'tingkat', 'kan', 'lagi', 'kalo', 'login', 'pakai', 'nik', 'ganti', 'bintang']"
Pengguna Google,3,2025-11-26 15:50:21,"kenapa kode otp lama sekali ya,gak dikirim""",0,2.0.6,7,43,2025-11,False,Netral,1,kenapa kode otp lama sekali tidak dikirim,"['kenapa', 'kode', 'otp', 'lama', 'sekali', 'tidak', 'dikirim']"
Pengguna Google,5,2023-03-25 06:48:13,good,0,unknown,1,4,2023-03,True,Positif,2,good,['good']
Pengguna Google,1,2026-02-24 07:49:05,login muter2 malah bolak balik musti reset pasword. aplikasi pemerintahan gini amat bos.boro2 lapor pajak aplikasi saja kaga bener.jangan salahin rakyat gak lapor pajak.urus saja dulu sistem nya yang bener.,0,3.0.6,30,206,2026-02,False,Negatif,0,login muter malah bolak balik musti reset pasword aplikasi pemerintahan begini amat bos boro lapor pajak aplikasi saja tidak bener jangan salahin rakyat tidak lapor pajak urus saja dulu sistem bener,"['login', 'muter', 'malah', 'bolak', 'balik', 'musti', 'reset', 'pasword', 'aplikasi', 'pemerintahan', 'begini', 'amat', 'bos', 'boro', 'lapor', 'pajak', 'aplikasi', 'saja', 'tidak', 'bener', 'jangan', 'salahin', 'rakyat', 'tidak', 'lapor', 'pajak', 'urus', 'saja', 'dulu', 'sistem', 'bener']"
Pengguna Google,5,2024-03-20 10:39:28,Ok,0,unknown,1,2,2024-03,True,Positif,2,ok,['ok']
Pengguna Google,5,2025-10-14 12:37:22,aja kelalen maca...,0,2.0.4,3,19,2025-10,False,Positif,2,saja kelalen maca,"['saja', 'kelalen', 'maca']"
Pengguna Google,5,2024-02-05 09:18:04,Sangat membantu,0,1.2.5,2,15,2024-02,True,Positif,2,sangat membantu,"['sangat', 'membantu']"
Pengguna Google,1,2024-11-21 14:43:33,Tolong benahi aplikasinya tidak berguna sama sekali. Waktu daftar ada beberapa masalah 1.pengisian email harus di awali angka ribet bgt sumpah 2.pemilihan kenegaraan tidak bisa di pilih 3.capta ngaco. Masih bagus pake google from aja mending perasaan anggaran gede website aja kek buatan anak SMP,0,1.4.0,45,296,2024-11,False,Negatif,0,tolong benahi aplikasinya tidak berguna sama sekali waktu daftar beberapa masalah pengisian email harus awali angka ribet sangat sumpah pemilihan kenegaraan tidak pilih capta ngaco masih bagus pakai google from saja mending perasaan anggaran gede website saja kek buatan anak smp,"['tolong', 'benahi', 'aplikasinya', 'tidak', 'berguna', 'sama', 'sekali', 'waktu', 'daftar', 'beberapa', 'masalah', 'pengisian', 'email', 'harus', 'awali', 'angka', 'ribet', 'sangat', 'sumpah', 'pemilihan', 'kenegaraan', 'tidak', 'pilih', 'capta', 'ngaco', 'masih', 'bagus', 'pakai', 'google', 'from', 'saja', 'mending', 'perasaan', 'anggaran', 'gede', 'website', 'saja', 'kek', 'buatan', 'anak', 'smp']"
Pengguna Google,5,2021-09-15 18:50:26,Mantap sangat membantu,0,1.0,3,22,2021-09,False,Positif,2,mantap sangat membantu,"['mantap', 'sangat', 'membantu']"
Pengguna Google,5,2025-01-21 18:49:57,Mntap,0,2.0.3,1,5,2025-01,False,Positif,2,mntap,['mntap']
Pengguna Google,5,2025-02-16 07:12:43,Liked,0,unknown,1,5,2025-02,False,Positif,2,liked,['liked']
Pengguna Google,1,2025-01-14 09:42:35,"gk guna, coretax eror trus ke kntor pajak katanya hrus onlen buat npwp.",1,unknown,13,71,2025-01,False,Negatif,0,tidak guna coretax eror terus kntor pajak katanya harus onlen npwp,"['tidak', 'guna', 'coretax', 'eror', 'terus', 'kntor', 'pajak', 'katanya', 'harus', 'onlen', 'npwp']"
Pengguna Google,3,2024-10-21 12:20:16,Ini kenapa ga bsa login app nya,0,1.4.0,7,31,2024-10,False,Netral,1,kenapa tidak login aplikasi,"['kenapa', 'tidak', 'login', 'aplikasi']"
Pengguna Google,3,2023-01-19 09:30:59,Datang ke kantor Jumat SD jam4,0,unknown,6,30,2023-01,False,Netral,1,datang kantor jumat sd jam,"['datang', 'kantor', 'jumat', 'sd', 'jam']"
Pengguna Google,3,2023-12-20 08:42:15,"untuk masuk akun pakai NIK masih blm bisa, 1 digit terakhir nik tidak bisa masuk. Mohon segera perbaikannya, demi kenyamanan bersama. terimakasih",1,1.2.4,22,145,2023-12,False,Netral,1,masuk akun pakai nik masih belum digit terakhir nik tidak masuk mohon segera perbaikannya demi kenyamanan bersama terimakasih,"['masuk', 'akun', 'pakai', 'nik', 'masih', 'belum', 'digit', 'terakhir', 'nik', 'tidak', 'masuk', 'mohon', 'segera', 'perbaikannya', 'demi', 'kenyamanan', 'bersama', 'terimakasih']"
Pengguna Google,3,2026-03-30 22:29:19,INI GIMANA SI CARA DAFTAR AKUNNYA BYK YAPPING AH,0,3.0.6,9,48,2026-03,False,Netral,1,bagaimana si cara daftar akunnya banyak yapping ah,"['bagaimana', 'si', 'cara', 'daftar', 'akunnya', 'banyak', 'yapping', 'ah']"
Pengguna Google,5,2024-03-28 11:03:21,Ok,0,1.4.0,1,2,2024-03,True,Positif,2,ok,['ok']
Pengguna Google,3,2025-12-27 02:38:46,nomor npwp saya 16 digit sedangkan di aplikasi ini hanya bisa input 15 digit hasilnya npwp tidak ditemukan. tolong diperbaiki,1,2.0.6,20,125,2025-12,False,Netral,1,nomor npwp digit sedangkan aplikasi hanya input digit hasilnya npwp tidak ditemukan tolong diperbaiki,"['nomor', 'npwp', 'digit', 'sedangkan', 'aplikasi', 'hanya', 'input', 'digit', 'hasilnya', 'npwp', 'tidak', 'ditemukan', 'tolong', 'diperbaiki']"
Pengguna Google,3,2026-02-22 10:00:27,aplikasi gampang gampang susah,0,unknown,4,30,2026-02,False,Netral,1,aplikasi gampang gampang susah,"['aplikasi', 'gampang', 'gampang', 'susah']"
Pengguna Google,1,2025-03-11 09:20:19,"mau masuk akun tidak bisa,tidak ada pilihan LUPA PASWORD. mau lapor aja dipersulit,makanya males lapor tiap tahun. setiap tahun dibuat emosi sama aplikasi.",0,2.0.3,23,155,2025-03,False,Negatif,0,mau masuk akun tidak tidak pilihan lupa pasword mau lapor saja dipersulit makanya males lapor tiap tahun setiap tahun dibuat emosi sama aplikasi,"['mau', 'masuk', 'akun', 'tidak', 'tidak', 'pilihan', 'lupa', 'pasword', 'mau', 'lapor', 'saja', 'dipersulit', 'makanya', 'males', 'lapor', 'tiap', 'tahun', 'setiap', 'tahun', 'dibuat', 'emosi', 'sama', 'aplikasi']"
Pengguna Google,3,2022-06-09 07:14:25,"Tolong diperbaiki untuk menu pencatatan UMKM kode error 402 ini , percuma pake aplikasi ini kalau tidak berfungsi maksimal, kita kembali ke pencatatan manual.",15,1.1.0,24,158,2022-06,False,Netral,1,tolong diperbaiki menu pencatatan umkm kode error percuma pakai aplikasi tidak berfungsi maksimal kembali pencatatan manual,"['tolong', 'diperbaiki', 'menu', 'pencatatan', 'umkm', 'kode', 'error', 'percuma', 'pakai', 'aplikasi', 'tidak', 'berfungsi', 'maksimal', 'kembali', 'pencatatan', 'manual']"
Pengguna Google,3,2022-06-22 16:19:07,Baik,0,unknown,1,4,2022-06,True,Netral,1,baik,['baik']
Pengguna Google,1,2026-03-07 09:37:22,aplikasi gak guna malah mempersulit,0,3.0.6,5,35,2026-03,False,Negatif,0,aplikasi tidak guna malah mempersulit,"['aplikasi', 'tidak', 'guna', 'malah', 'mempersulit']"
Pengguna Google,3,2024-09-20 05:59:02,"Oke belum berkembang, mulai berkembang, sangat oke berkembang 🤭",0,1.4.0,9,63,2024-09,False,Netral,1,oke belum berkembang mulai berkembang sangat oke berkembang,"['oke', 'belum', 'berkembang', 'mulai', 'berkembang', 'sangat', 'oke', 'berkembang']"
Pengguna Google,3,2024-03-17 11:48:46,Untuk verifikasi akun email sudah bisa tapi mentok di OTP verifikasi ke nomor HP. Kesel padahal ini kita bayar dan taat pajak. Tolong developer nya yg serius ini kan masalh uang yang di bayarkan.,17,1.4.0,34,195,2024-03,False,Netral,1,verifikasi akun email tapi mentok otp verifikasi nomor handphone kesel padahal bayar taat pajak tolong developer serius kan masalh uang bayarkan,"['verifikasi', 'akun', 'email', 'tapi', 'mentok', 'otp', 'verifikasi', 'nomor', 'handphone', 'kesel', 'padahal', 'bayar', 'taat', 'pajak', 'tolong', 'developer', 'serius', 'kan', 'masalh', 'uang', 'bayarkan']"
Pengguna Google,5,2023-12-05 15:33:28,Mantap,0,1.2.4,1,6,2023-12,True,Positif,2,mantap,['mantap']
Pengguna Google,1,2021-10-12 17:35:56,Kenapa dah. Cuman mau ngecek profil aja tiba2 suka out sendiri,0,1.0,11,62,2021-10,False,Negatif,0,kenapa dah cuman mau ngecek profil saja tiba suka out sendiri,"['kenapa', 'dah', 'cuman', 'mau', 'ngecek', 'profil', 'saja', 'tiba', 'suka', 'out', 'sendiri']"
Pengguna Google,5,2025-03-11 07:38:07,"Terima kasih, terbukti sangat membantu, tidak capek-capek ke kantor pajak🙏",0,2.0.3,10,74,2025-03,False,Positif,2,terima kasih terbukti sangat membantu tidak capek capek kantor pajak,"['terima', 'kasih', 'terbukti', 'sangat', 'membantu', 'tidak', 'capek', 'capek', 'kantor', 'pajak']"
Pengguna Google,3,2026-04-05 02:23:12,Sy sudah berusaha jadi WP terbaik..namun aplikasi yg baru ini begitu ribet sekali...susah login...tdk bisa masuk ...bahkan website cortex Pajak SPT tahunan PPh tdk bisa masuk... setelah lakukan perubahan data kemarin..malah di April sama sekali susah sinkronisasi mana lagi karena WP harus lapor lagi padahal sudah terbayar dan terpotong...kita rakyat dipersulit...para pegawai santai terima tunjangan dan gaji...waktu kami terpakai terus urusan ini...data internet dan wifi tdk gratisan,1,3.0.6,67,487,2026-04,False,Netral,1,sy berusaha jadi wp terbaik namun aplikasi baru begitu ribet sekali susah login tidak masuk bahkan website cortex pajak spt tahunan pph tidak masuk setelah lakukan perubahan data kemarin malah april sama sekali susah sinkronisasi mana lagi karena wp harus lapor lagi padahal terbayar terpotong rakyat dipersulit para pegawai santai terima tunjangan gaji waktu terpakai terus urusan data internet wifi tidak gratisan,"['sy', 'berusaha', 'jadi', 'wp', 'terbaik', 'namun', 'aplikasi', 'baru', 'begitu', 'ribet', 'sekali', 'susah', 'login', 'tidak', 'masuk', 'bahkan', 'website', 'cortex', 'pajak', 'spt', 'tahunan', 'pph', 'tidak', 'masuk', 'setelah', 'lakukan', 'perubahan', 'data', 'kemarin', 'malah', 'april', 'sama', 'sekali', 'susah', 'sinkronisasi', 'mana', 'lagi', 'karena', 'wp', 'harus', 'lapor', 'lagi', 'padahal', 'terbayar', 'terpotong', 'rakyat', 'dipersulit', 'para', 'pegawai', 'santai', 'terima', 'tunjangan', 'gaji', 'waktu', 'terpakai', 'terus', 'urusan', 'data', 'internet', 'wifi', 'tidak', 'gratisan']"
Pengguna Google,1,2026-04-08 06:33:52,"parah, eror terus. mau log in aja susah. ini niat gasih buat apk",0,3.0.9,13,64,2026-04,False,Negatif,0,parah eror terus mau log in saja susah niat gasih aplikasi,"['parah', 'eror', 'terus', 'mau', 'log', 'in', 'saja', 'susah', 'niat', 'gasih', 'aplikasi']"
Pengguna Google,5,2022-03-07 18:15:24,Ok bagus,0,1.1.0,2,8,2022-03,False,Positif,2,ok bagus,"['ok', 'bagus']"
Pengguna Google,1,2023-03-05 19:30:06,"Tolong Perbaiki server, sering ga bisa di akses dan ga bisa di pencet mohon di fix segera",1,1.1.0,17,89,2023-03,False,Negatif,0,tolong perbaiki server sering tidak akses tidak pencet mohon fix segera,"['tolong', 'perbaiki', 'server', 'sering', 'tidak', 'akses', 'tidak', 'pencet', 'mohon', 'fix', 'segera']"
Pengguna Google,4,2024-03-12 20:58:27,Mayan fitur LUPA EFIN Udah bisa digunakan,0,1.4.0,7,41,2024-03,False,Positif,2,mayan fitur lupa efin digunakan,"['mayan', 'fitur', 'lupa', 'efin', 'digunakan']"
Pengguna Google,3,2021-11-12 07:54:55,good,0,unknown,1,4,2021-11,True,Netral,1,good,['good']
Pengguna Google,3,2022-08-12 16:56:04,Saya mau daftar mp wp,0,unknown,5,21,2022-08,False,Netral,1,mau daftar mp wp,"['mau', 'daftar', 'mp', 'wp']"
Pengguna Google,5,2023-11-12 20:47:00,MANTAB lanjutkan sobat,0,1.2.4,3,22,2023-11,False,Positif,2,mantab lanjutkan sobat,"['mantab', 'lanjutkan', 'sobat']"
Pengguna Google,5,2024-06-04 20:44:42,Sangat membantu,0,1.4.0,2,15,2024-06,True,Positif,2,sangat membantu,"['sangat', 'membantu']"
Pengguna Google,1,2025-07-15 20:15:11,"sangat jelek, ga bisa login",0,2.0.4,5,27,2025-07,False,Negatif,0,sangat jelek tidak login,"['sangat', 'jelek', 'tidak', 'login']"
Pengguna Google,1,2025-03-06 09:06:07,"Bagi yang belum daftar NPWP sebaiknya jangan sekali-kali mendaftar, apalagi kalau cuma sekedar cari pekerjaan atau berharap gajian dari Facebook, nanti bakal terikat dengan wajib lapor SPT meskipun penghasilan zonk harus datang langsung ke kantor, APP dan websitenya sampah.",4,2.0.3,39,274,2025-03,False,Negatif,0,bagi belum daftar npwp sebaiknya jangan sekali kali mendaftar apalagi cuma sekedar cari pekerjaan berharap gajian facebook nanti bakal terikat wajib lapor spt meskipun penghasilan zonk harus datang langsung kantor aplikasi websitenya sampah,"['bagi', 'belum', 'daftar', 'npwp', 'sebaiknya', 'jangan', 'sekali', 'kali', 'mendaftar', 'apalagi', 'cuma', 'sekedar', 'cari', 'pekerjaan', 'berharap', 'gajian', 'facebook', 'nanti', 'bakal', 'terikat', 'wajib', 'lapor', 'spt', 'meskipun', 'penghasilan', 'zonk', 'harus', 'datang', 'langsung', 'kantor', 'aplikasi', 'websitenya', 'sampah']"
Pengguna Google,4,2024-05-30 17:17:58,Aplikasi bikin nga liyer keun daftar langkah ke 2 susah msukan kode otp blik lg blik lg malah plz habis daftar gak bisa bisa,1,1.4.0,24,124,2024-05,False,Positif,2,aplikasi bikin nga liyer keun daftar langkah susah msukan kode otp blik lagi blik lagi malah plz habis daftar tidak,"['aplikasi', 'bikin', 'nga', 'liyer', 'keun', 'daftar', 'langkah', 'susah', 'msukan', 'kode', 'otp', 'blik', 'lagi', 'blik', 'lagi', 'malah', 'plz', 'habis', 'daftar', 'tidak']"
Pengguna Google,1,2023-11-21 07:18:34,cacat,0,unknown,1,5,2023-11,True,Negatif,0,cacat,['cacat']
Pengguna Google,3,2024-03-04 17:01:48,Di update malah lemot bikin geleng2 kepala,0,1.4.0,7,42,2024-03,False,Netral,1,update malah lemot bikin geleng kepala,"['update', 'malah', 'lemot', 'bikin', 'geleng', 'kepala']"
Pengguna Google,4,2025-01-16 12:32:42,Good,0,unknown,1,4,2025-01,True,Positif,2,good,['good']
Pengguna Google,5,2021-12-14 16:31:42,Oke mantap,0,1.0,2,10,2021-12,False,Positif,2,oke mantap,"['oke', 'mantap']"
Pengguna Google,3,2024-10-05 09:40:58,"Data pajak bisa bocor?? seminggu ini banyak yang telpon dari pajak, mereka bisa ngasih data pajak lengkap, dari nama PT NIK sampe NPWP nya, sampai saya di suruh instal aplikasi hipajak..tolong dong di jaga data nya, jgn sampai dipake buat penipuan sama pihak tertentu.",43,unknown,44,268,2024-10,False,Netral,1,data pajak bocor seminggu banyak telpon pajak ngasih data pajak lengkap nama pt nik sampe npwp sampai suruh instal aplikasi hipajak tolong jaga data jgn sampai dipake penipuan sama pihak tertentu,"['data', 'pajak', 'bocor', 'seminggu', 'banyak', 'telpon', 'pajak', 'ngasih', 'data', 'pajak', 'lengkap', 'nama', 'pt', 'nik', 'sampe', 'npwp', 'sampai', 'suruh', 'instal', 'aplikasi', 'hipajak', 'tolong', 'jaga', 'data', 'jgn', 'sampai', 'dipake', 'penipuan', 'sama', 'pihak', 'tertentu']"
Pengguna Google,2,2024-03-24 20:43:50,Sdh di install tp apk keluar terus. Hp memyarankan menutup apl,0,unknown,11,62,2024-03,False,Negatif,0,install tapi aplikasi keluar terus handphone memyarankan menutup aplikasi,"['install', 'tapi', 'aplikasi', 'keluar', 'terus', 'handphone', 'memyarankan', 'menutup', 'aplikasi']"
Pengguna Google,2,2026-02-07 08:14:55,semakin kesini semakin ga jelas ni apk,0,3.0.3,7,38,2026-02,False,Negatif,0,semakin kesini semakin tidak jelas ni aplikasi,"['semakin', 'kesini', 'semakin', 'tidak', 'jelas', 'ni', 'aplikasi']"
Pengguna Google,1,2025-12-17 14:05:27,APLIKASI SAMA WEBSITE SAMA AJA SAMPAHNYA MAU BIKIN AKUN CORETAX GAK BISA BISA KODE VERIFIKASI NOMOR GAL DIKIRIM KIRIM UDAH DIULANG 2 HARIAN APLIKASI SAMA WEBSITE SAMA SAMA SAMPAH GAK ADA KODE DIKIRIM BENERIN DONG TOLONG,0,unknown,36,219,2025-12,False,Negatif,0,aplikasi sama website sama saja sampahnya mau bikin akun coretax tidak kode verifikasi nomor gal dikirim kirim diulang harian aplikasi sama website sama sama sampah tidak kode dikirim benerin tolong,"['aplikasi', 'sama', 'website', 'sama', 'saja', 'sampahnya', 'mau', 'bikin', 'akun', 'coretax', 'tidak', 'kode', 'verifikasi', 'nomor', 'gal', 'dikirim', 'kirim', 'diulang', 'harian', 'aplikasi', 'sama', 'website', 'sama', 'sama', 'sampah', 'tidak', 'kode', 'dikirim', 'benerin', 'tolong']"
Pengguna Google,1,2024-10-09 19:11:23,error mulu,0,1.4.0,2,10,2024-10,False,Negatif,0,error mulu,"['error', 'mulu']"
Pengguna Google,5,2025-03-07 12:40:45,Ya gitu,0,1.4.0,2,7,2025-03,False,Positif,2,begitu,['begitu']
Pengguna Google,3,2023-03-28 18:42:40,"Request efin sudah ada notifikasi berhasil, efin sudah dikirim ke email pas check email tidak.ada email masuk .. nnti klo sudah masuk bintang nya aku tambahim",1,1.2.0,26,158,2023-03,False,Netral,1,request efin notifikasi berhasil efin dikirim email pas check email tidak email masuk nnti klo masuk bintang tambahim,"['request', 'efin', 'notifikasi', 'berhasil', 'efin', 'dikirim', 'email', 'pas', 'check', 'email', 'tidak', 'email', 'masuk', 'nnti', 'klo', 'masuk', 'bintang', 'tambahim']"
Pengguna Google,1,2026-02-23 11:33:10,ribet,0,3.0.6,1,5,2026-02,True,Negatif,0,ribet,['ribet']
